{"_id":"BySS1LJBw","title":"python os.system()返回值判断","dateCreated":1600245565083,"lastAccessed":"2020-09-16T08:39:25.084Z","lastUpdated":"2020-09-16T08:47:41.618Z","notebookId":"ryZry8yHv","body":{"blocks":[{"key":"ag6qs","text":"python os.system()返回值判断","type":"header-one","depth":0,"inlineStyleRanges":[],"entityRanges":[],"data":{}},{"key":"7hjbq","text":"","type":"divider","depth":0,"inlineStyleRanges":[],"entityRanges":[],"data":{}},{"key":"700n6","text":"最近遇到os.system()执行系统命令的情况，上网搜集了一下资料，整理如下，以备不时之需，同时也希望能帮到某些人。","type":"unstyled","depth":0,"inlineStyleRanges":[],"entityRanges":[],"data":{}},{"key":"24chj","text":"","type":"unstyled","depth":0,"inlineStyleRanges":[],"entityRanges":[],"data":{}},{"key":"3g6cn","text":"一、python中的 os.system(cmd)的返回值与linux命令返回值（具体参见本文附加内容）的关系","type":"unstyled","depth":0,"inlineStyleRanges":[],"entityRanges":[],"data":{}},{"key":"fi6rm","text":"","type":"unstyled","depth":0,"inlineStyleRanges":[],"entityRanges":[],"data":{}},{"key":"51q7g","text":"大家都习惯用os.systemv()函数执行linux命令，该函数的返回值十进制数（分别对应一个16位的二进制数）。该函数的返回值与 linux命令返回值两者的转换关系为：该函数的返回值（十进制）转化成16二进制数，截取其高八位（如果低位数是0的情况下，有关操作系统的错误码共 131个，所以低位都是零），然后转乘十进制数即为 linux命令返回值0。","type":"unstyled","depth":0,"inlineStyleRanges":[],"entityRanges":[],"data":{}},{"key":"11ses","text":"","type":"unstyled","depth":0,"inlineStyleRanges":[],"entityRanges":[],"data":{}},{"key":"2r2ns","text":"例如：","type":"unstyled","depth":0,"inlineStyleRanges":[],"entityRanges":[],"data":{}},{"key":"7s7f1","text":"","type":"unstyled","depth":0,"inlineStyleRanges":[],"entityRanges":[],"data":{}},{"key":"705n5","text":"os.system()返回值为0                      linux命令返回值也为0.","type":"custom-code-block-c","depth":0,"inlineStyleRanges":[],"entityRanges":[],"data":{}},{"key":"930jf","text":"","type":"custom-code-block-c","depth":0,"inlineStyleRanges":[],"entityRanges":[],"data":{}},{"key":"fdec6","text":"os.system()返回值为256，十六位二进制数示为：00000001，00000000，高八位转乘十进制为 1           对应   linux命令返回值 1","type":"custom-code-block-c","depth":0,"inlineStyleRanges":[],"entityRanges":[],"data":{}},{"key":"bsj6e","text":"","type":"custom-code-block-c","depth":0,"inlineStyleRanges":[],"entityRanges":[],"data":{}},{"key":"7m0is","text":"os.system()返回值为512，十六位二进制数示为：00000010，00000000，高八位转乘十进制为 2           对应   linux命令返回值 2","type":"custom-code-block-c","depth":0,"inlineStyleRanges":[],"entityRanges":[],"data":{}},{"key":"dccst","text":"","type":"custom-code-block-c","depth":0,"inlineStyleRanges":[],"entityRanges":[],"data":{}},{"key":"7rkng","text":"......其它同理","type":"custom-code-block-c","depth":0,"inlineStyleRanges":[],"entityRanges":[],"data":{}},{"key":"94vis","text":"","type":"custom-code-block-c","depth":0,"inlineStyleRanges":[],"entityRanges":[],"data":{}},{"key":"6i9cl","text":"os.system()返回值为32512，十六位二进制数示为：01111111，00000000，高八位转乘十进制为 127          对应   linux命令返回值 127","type":"custom-code-block-c","depth":0,"inlineStyleRanges":[],"entityRanges":[],"data":{}},{"key":"f132u","text":"","type":"custom-code-block-c","depth":0,"inlineStyleRanges":[],"entityRanges":[],"data":{}},{"key":"fqioa","text":"........","type":"custom-code-block-c","depth":0,"inlineStyleRanges":[],"entityRanges":[],"data":{}},{"key":"2jar","text":"","type":"unstyled","depth":0,"inlineStyleRanges":[],"entityRanges":[],"data":{}},{"key":"4sone","text":"问题：/bin/xxx.py是一个返回码为1的程序。当python 程序使用os.system(”./bin/xxx.py”) 这样调用的时候， 成功运行后os.system 的返回值出现了问题，变成了256 ，也就是0×100。而不是正常应该返回的1。","type":"blockquote","depth":0,"inlineStyleRanges":[],"entityRanges":[],"data":{}},{"key":"1o6si","text":"","type":"unstyled","depth":0,"inlineStyleRanges":[],"entityRanges":[],"data":{}},{"key":"4t09q","text":"解决：查阅了文档发现os.system()的返回为：","type":"unstyled","depth":0,"inlineStyleRanges":[{"offset":10,"length":11,"style":"INLINECODE"}],"entityRanges":[],"data":{}},{"key":"1cu6r","text":"On Unix, the return value is the exit status of the process encoded in the format specified for wait().","type":"custom-code-block-c","depth":0,"inlineStyleRanges":[],"entityRanges":[],"data":{}},{"key":"2bet7","text":"而os.wait()的返回为：","type":"unstyled","depth":0,"inlineStyleRanges":[{"offset":1,"length":9,"style":"INLINECODE"}],"entityRanges":[],"data":{}},{"key":"e033v","text":"a 16-bit number, whose low byte is the signal number that killed the process, and whose high byte is the exit status (if the signal number is zero);","type":"custom-code-block-c","depth":0,"inlineStyleRanges":[],"entityRanges":[],"data":{}},{"key":"4ne9e","text":"os.system的返回值并不是执行程序的返回结果。而是一个16位的数，它的高位才是返回码。也就是说os.system()返回256即 0×0100，返回码应该是其高位0×01即1。所以要获取程序运行退出的值（比如C的main函数中的return 0），需要处理一下。","type":"unstyled","depth":0,"inlineStyleRanges":[{"offset":0,"length":9,"style":"INLINECODE"}],"entityRanges":[],"data":{}},{"key":"5lh3u","text":"","type":"unstyled","depth":0,"inlineStyleRanges":[],"entityRanges":[],"data":{}},{"key":"56ovq","text":"ret = os.system('./a.out')","type":"custom-code-block-c","depth":0,"inlineStyleRanges":[],"entityRanges":[],"data":{}},{"key":"fr3sk","text":"","type":"custom-code-block-c","depth":0,"inlineStyleRanges":[],"entityRanges":[],"data":{}},{"key":"qell","text":"ret >>= 8","type":"custom-code-block-c","depth":0,"inlineStyleRanges":[],"entityRanges":[],"data":{}},{"key":"52lr7","text":"","type":"unstyled","depth":0,"inlineStyleRanges":[],"entityRanges":[],"data":{}},{"key":"dgmal","text":"这样才能获取到正确的返回值。另外还要注意：python获取到的值是无符号整数，所以返回负值的时候，打印出来是很大的正值。比如返回-1，python 会获取到255，-2则254，以此类推。","type":"unstyled","depth":0,"inlineStyleRanges":[{"offset":33,"length":5,"style":"INLINECODE"}],"entityRanges":[],"data":{}},{"key":"b68o3","text":"所以最好就判断是否为0就可以了，实在要判断自己写的c程序返回值，建议返回0,1,2,3等值，出错返回 -1。","type":"unstyled","depth":0,"inlineStyleRanges":[],"entityRanges":[],"data":{}},{"key":"4skbc","text":"","type":"unstyled","depth":0,"inlineStyleRanges":[],"entityRanges":[],"data":{}},{"key":"2u240","text":"另外，我遇到一次明明处理好了返回值，c程序调试信息提示也该返回值0了，结果python获取到的是 -1，而且无论c程序返回多少，python都获取-1。后来排查c程序的问题，发现原来是因为我这个python程序本身是由另一个C程序调用的，而调 用它的那个C程序中将SIGCLD信号忽略了（这表明python是根据子进程退出时产生的信号来获取返回值的），我将那个C程序的SIGCLD绑定到函 数，即使那个函数什么也不做，python也能获取到正确的返回值了。","type":"unstyled","depth":0,"inlineStyleRanges":[{"offset":144,"length":30,"style":"INLINECODE"}],"entityRanges":[],"data":{}},{"key":"71avv","text":"","type":"unstyled","depth":0,"inlineStyleRanges":[],"entityRanges":[],"data":{}},{"key":"2veim","text":"linux命令执行后无论成功与否都有一个返回值：","type":"unstyled","depth":0,"inlineStyleRanges":[],"entityRanges":[],"data":{}},{"key":"91ebq","text":"","type":"unstyled","depth":0,"inlineStyleRanges":[],"entityRanges":[],"data":{}},{"key":"3hdtb","text":"如果为 0，则表示命令执行成功，其它值则表示错误，具体的错误码含义如下：","type":"unstyled","depth":0,"inlineStyleRanges":[],"entityRanges":[],"data":{}},{"key":"59kd9","text":"\"OS error code 1: Operation not permitted\"","type":"custom-code-block-c","depth":0,"inlineStyleRanges":[],"entityRanges":[],"data":{}},{"key":"e8e2v","text":"\"OS error code 2: No such file or directory\"","type":"custom-code-block-c","depth":0,"inlineStyleRanges":[],"entityRanges":[],"data":{}},{"key":"6qqmu","text":"\"OS error code 3: No such process\"","type":"custom-code-block-c","depth":0,"inlineStyleRanges":[],"entityRanges":[],"data":{}},{"key":"8d3t2","text":"\"OS error code 4: Interrupted system call\"","type":"custom-code-block-c","depth":0,"inlineStyleRanges":[],"entityRanges":[],"data":{}},{"key":"66blj","text":"\"OS error code 5: Input/output error\"","type":"custom-code-block-c","depth":0,"inlineStyleRanges":[],"entityRanges":[],"data":{}},{"key":"8ukdf","text":"\"OS error code 6: No such device or address\"","type":"custom-code-block-c","depth":0,"inlineStyleRanges":[],"entityRanges":[],"data":{}},{"key":"am457","text":"\"OS error code 7: Argument list too long\"","type":"custom-code-block-c","depth":0,"inlineStyleRanges":[],"entityRanges":[],"data":{}},{"key":"ea9pd","text":"\"OS error code 8: Exec format error\"","type":"custom-code-block-c","depth":0,"inlineStyleRanges":[],"entityRanges":[],"data":{}},{"key":"doiia","text":"\"OS error code 9: Bad file descriptor\"","type":"custom-code-block-c","depth":0,"inlineStyleRanges":[],"entityRanges":[],"data":{}},{"key":"5b4hu","text":"\"OS error code 10: No child processes\"","type":"custom-code-block-c","depth":0,"inlineStyleRanges":[],"entityRanges":[],"data":{}},{"key":"63stt","text":"\"OS error code 11: Resource temporarily unavailable\"","type":"custom-code-block-c","depth":0,"inlineStyleRanges":[],"entityRanges":[],"data":{}},{"key":"bb5cg","text":"\"OS error code 12: Cannot allocate memory\"","type":"custom-code-block-c","depth":0,"inlineStyleRanges":[],"entityRanges":[],"data":{}},{"key":"26uf4","text":"\"OS error code 13: Permission denied\"","type":"custom-code-block-c","depth":0,"inlineStyleRanges":[],"entityRanges":[],"data":{}},{"key":"9j674","text":"\"OS error code 14: Bad address\"","type":"custom-code-block-c","depth":0,"inlineStyleRanges":[],"entityRanges":[],"data":{}},{"key":"88afg","text":"\"OS error code 15: Block device required\"","type":"custom-code-block-c","depth":0,"inlineStyleRanges":[],"entityRanges":[],"data":{}},{"key":"svad","text":"\"OS error code 16: Device or resource busy\"","type":"custom-code-block-c","depth":0,"inlineStyleRanges":[],"entityRanges":[],"data":{}},{"key":"2m1ec","text":"\"OS error code 17: File exists\"","type":"custom-code-block-c","depth":0,"inlineStyleRanges":[],"entityRanges":[],"data":{}},{"key":"f8nth","text":"\"OS error code 18: Invalid cross-device link\"","type":"custom-code-block-c","depth":0,"inlineStyleRanges":[],"entityRanges":[],"data":{}},{"key":"934oe","text":"\"OS error code 19: No such device\"","type":"custom-code-block-c","depth":0,"inlineStyleRanges":[],"entityRanges":[],"data":{}},{"key":"5vale","text":"\"OS error code 20: Not a directory\"","type":"custom-code-block-c","depth":0,"inlineStyleRanges":[],"entityRanges":[],"data":{}},{"key":"5amik","text":"\"OS error code 21: Is a directory\"","type":"custom-code-block-c","depth":0,"inlineStyleRanges":[],"entityRanges":[],"data":{}},{"key":"3gd8i","text":"\"OS error code 22: Invalid argument\"","type":"custom-code-block-c","depth":0,"inlineStyleRanges":[],"entityRanges":[],"data":{}},{"key":"6ksjn","text":"\"OS error code 23: Too many open files in system\"","type":"custom-code-block-c","depth":0,"inlineStyleRanges":[],"entityRanges":[],"data":{}},{"key":"2h11v","text":"\"OS error code 24: Too many open files\"","type":"custom-code-block-c","depth":0,"inlineStyleRanges":[],"entityRanges":[],"data":{}},{"key":"96np1","text":"\"OS error code 25: Inappropriate ioctl for device\"","type":"custom-code-block-c","depth":0,"inlineStyleRanges":[],"entityRanges":[],"data":{}},{"key":"am7qf","text":"\"OS error code 26: Text file busy\"","type":"custom-code-block-c","depth":0,"inlineStyleRanges":[],"entityRanges":[],"data":{}},{"key":"bjakc","text":"\"OS error code 27: File too large\"","type":"custom-code-block-c","depth":0,"inlineStyleRanges":[],"entityRanges":[],"data":{}},{"key":"a2s54","text":"\"OS error code 28: No space left on device\"","type":"custom-code-block-c","depth":0,"inlineStyleRanges":[],"entityRanges":[],"data":{}},{"key":"andol","text":"\"OS error code 29: Illegal seek\"","type":"custom-code-block-c","depth":0,"inlineStyleRanges":[],"entityRanges":[],"data":{}},{"key":"c6qkr","text":"\"OS error code 30: Read-only file system\"","type":"custom-code-block-c","depth":0,"inlineStyleRanges":[],"entityRanges":[],"data":{}},{"key":"6avla","text":"\"OS error code 31: Too many links\"","type":"custom-code-block-c","depth":0,"inlineStyleRanges":[],"entityRanges":[],"data":{}},{"key":"3t3sb","text":"\"OS error code 32: Broken pipe\"","type":"custom-code-block-c","depth":0,"inlineStyleRanges":[],"entityRanges":[],"data":{}},{"key":"b9b89","text":"\"OS error code 33: Numerical argument out of domain\"","type":"custom-code-block-c","depth":0,"inlineStyleRanges":[],"entityRanges":[],"data":{}},{"key":"6np7r","text":"\"OS error code 34: Numerical result out of range\"","type":"custom-code-block-c","depth":0,"inlineStyleRanges":[],"entityRanges":[],"data":{}},{"key":"defqd","text":"\"OS error code 35: Resource deadlock avoided\"","type":"custom-code-block-c","depth":0,"inlineStyleRanges":[],"entityRanges":[],"data":{}},{"key":"3ua90","text":"\"OS error code 36: File name too long\"","type":"custom-code-block-c","depth":0,"inlineStyleRanges":[],"entityRanges":[],"data":{}},{"key":"d5nqb","text":"\"OS error code 37: No locks available\"","type":"custom-code-block-c","depth":0,"inlineStyleRanges":[],"entityRanges":[],"data":{}},{"key":"cihem","text":"\"OS error code 38: Function not implemented\"","type":"custom-code-block-c","depth":0,"inlineStyleRanges":[],"entityRanges":[],"data":{}},{"key":"5umj1","text":"\"OS error code 39: Directory not empty\"","type":"custom-code-block-c","depth":0,"inlineStyleRanges":[],"entityRanges":[],"data":{}},{"key":"70d0m","text":"\"OS error code 40: Too many levels of symbolic links\"","type":"custom-code-block-c","depth":0,"inlineStyleRanges":[],"entityRanges":[],"data":{}},{"key":"b81qs","text":"\"OS error code 42: No message of desired type\"","type":"custom-code-block-c","depth":0,"inlineStyleRanges":[],"entityRanges":[],"data":{}},{"key":"9dkrv","text":"\"OS error code 43: Identifier removed\"","type":"custom-code-block-c","depth":0,"inlineStyleRanges":[],"entityRanges":[],"data":{}},{"key":"aft63","text":"\"OS error code 44: Channel number out of range\"","type":"custom-code-block-c","depth":0,"inlineStyleRanges":[],"entityRanges":[],"data":{}},{"key":"3r8d0","text":"\"OS error code 45: Level 2 not synchronized\"","type":"custom-code-block-c","depth":0,"inlineStyleRanges":[],"entityRanges":[],"data":{}},{"key":"6cbnj","text":"\"OS error code 46: Level 3 halted\"","type":"custom-code-block-c","depth":0,"inlineStyleRanges":[],"entityRanges":[],"data":{}},{"key":"cl8bf","text":"\"OS error code 47: Level 3 reset\"","type":"custom-code-block-c","depth":0,"inlineStyleRanges":[],"entityRanges":[],"data":{}},{"key":"10jkp","text":"\"OS error code 48: Link number out of range\"","type":"custom-code-block-c","depth":0,"inlineStyleRanges":[],"entityRanges":[],"data":{}},{"key":"f79dt","text":"\"OS error code 49: Protocol driver not attached\"","type":"custom-code-block-c","depth":0,"inlineStyleRanges":[],"entityRanges":[],"data":{}},{"key":"22rdh","text":"\"OS error code 50: No CSI structure available\"","type":"custom-code-block-c","depth":0,"inlineStyleRanges":[],"entityRanges":[],"data":{}},{"key":"24sa0","text":"\"OS error code 51: Level 2 halted\"","type":"custom-code-block-c","depth":0,"inlineStyleRanges":[],"entityRanges":[],"data":{}},{"key":"1b5ta","text":"\"OS error code 52: Invalid exchange\"","type":"custom-code-block-c","depth":0,"inlineStyleRanges":[],"entityRanges":[],"data":{}},{"key":"821c0","text":"\"OS error code 53: Invalid request descriptor\"","type":"custom-code-block-c","depth":0,"inlineStyleRanges":[],"entityRanges":[],"data":{}},{"key":"5m5ca","text":"\"OS error code 54: Exchange full\"","type":"custom-code-block-c","depth":0,"inlineStyleRanges":[],"entityRanges":[],"data":{}},{"key":"cr4fh","text":"\"OS error code 55: No anode\"","type":"custom-code-block-c","depth":0,"inlineStyleRanges":[],"entityRanges":[],"data":{}},{"key":"b1qn6","text":"\"OS error code 56: Invalid request code\"","type":"custom-code-block-c","depth":0,"inlineStyleRanges":[],"entityRanges":[],"data":{}},{"key":"a25qo","text":"\"OS error code 57: Invalid slot\"","type":"custom-code-block-c","depth":0,"inlineStyleRanges":[],"entityRanges":[],"data":{}},{"key":"363n5","text":"\"OS error code 59: Bad font file format\"","type":"custom-code-block-c","depth":0,"inlineStyleRanges":[],"entityRanges":[],"data":{}},{"key":"dvl5f","text":"\"OS error code 60: Device not a stream\"","type":"custom-code-block-c","depth":0,"inlineStyleRanges":[],"entityRanges":[],"data":{}},{"key":"7u73u","text":"\"OS error code 61: No data available\"","type":"custom-code-block-c","depth":0,"inlineStyleRanges":[],"entityRanges":[],"data":{}},{"key":"94hf4","text":"\"OS error code 62: Timer expired\"","type":"custom-code-block-c","depth":0,"inlineStyleRanges":[],"entityRanges":[],"data":{}},{"key":"9u59j","text":"\"OS error code 63: Out of streams resources\"","type":"custom-code-block-c","depth":0,"inlineStyleRanges":[],"entityRanges":[],"data":{}},{"key":"c9b6g","text":"\"OS error code 64: Machine is not on the network\"","type":"custom-code-block-c","depth":0,"inlineStyleRanges":[],"entityRanges":[],"data":{}},{"key":"b6bjs","text":"\"OS error code 65: Package not installed\"","type":"custom-code-block-c","depth":0,"inlineStyleRanges":[],"entityRanges":[],"data":{}},{"key":"4t44d","text":"\"OS error code 66: Object is remote\"","type":"custom-code-block-c","depth":0,"inlineStyleRanges":[],"entityRanges":[],"data":{}},{"key":"70gg","text":"\"OS error code 67: Link has been severed\"","type":"custom-code-block-c","depth":0,"inlineStyleRanges":[],"entityRanges":[],"data":{}},{"key":"14r19","text":"\"OS error code 68: Advertise error\"","type":"custom-code-block-c","depth":0,"inlineStyleRanges":[],"entityRanges":[],"data":{}},{"key":"dvmr6","text":"\"OS error code 69: Srmount error\"","type":"custom-code-block-c","depth":0,"inlineStyleRanges":[],"entityRanges":[],"data":{}},{"key":"82fef","text":"\"OS error code 70: Communication error on send\"","type":"custom-code-block-c","depth":0,"inlineStyleRanges":[],"entityRanges":[],"data":{}},{"key":"7du6e","text":"\"OS error code 71: Protocol error\"","type":"custom-code-block-c","depth":0,"inlineStyleRanges":[],"entityRanges":[],"data":{}},{"key":"cu3f4","text":"\"OS error code 72: Multihop attempted\"","type":"custom-code-block-c","depth":0,"inlineStyleRanges":[],"entityRanges":[],"data":{}},{"key":"21fvl","text":"\"OS error code 73: RFS specific error\"","type":"custom-code-block-c","depth":0,"inlineStyleRanges":[],"entityRanges":[],"data":{}},{"key":"3gd8o","text":"\"OS error code 74: Bad message\"","type":"custom-code-block-c","depth":0,"inlineStyleRanges":[],"entityRanges":[],"data":{}},{"key":"b2fmm","text":"\"OS error code 75: Value too large for defined data type\"","type":"custom-code-block-c","depth":0,"inlineStyleRanges":[],"entityRanges":[],"data":{}},{"key":"34g4j","text":"\"OS error code 76: Name not unique on network\"","type":"custom-code-block-c","depth":0,"inlineStyleRanges":[],"entityRanges":[],"data":{}},{"key":"7l1po","text":"\"OS error code 77: File descriptor in bad state\"","type":"custom-code-block-c","depth":0,"inlineStyleRanges":[],"entityRanges":[],"data":{}},{"key":"2k89u","text":"\"OS error code 78: Remote address changed\"","type":"custom-code-block-c","depth":0,"inlineStyleRanges":[],"entityRanges":[],"data":{}},{"key":"dhmbt","text":"\"OS error code 79: Can not access a needed shared library\"","type":"custom-code-block-c","depth":0,"inlineStyleRanges":[],"entityRanges":[],"data":{}},{"key":"7u3vf","text":"\"OS error code 80: Accessing a corrupted shared library\"","type":"custom-code-block-c","depth":0,"inlineStyleRanges":[],"entityRanges":[],"data":{}},{"key":"91j4s","text":"\"OS error code 81: .lib section in a.out corrupted\"","type":"custom-code-block-c","depth":0,"inlineStyleRanges":[],"entityRanges":[],"data":{}},{"key":"3n8t","text":"\"OS error code 82: Attempting to link in too many shared libraries\"","type":"custom-code-block-c","depth":0,"inlineStyleRanges":[],"entityRanges":[],"data":{}},{"key":"djk8n","text":"\"OS error code 83: Cannot exec a shared library directly\"","type":"custom-code-block-c","depth":0,"inlineStyleRanges":[],"entityRanges":[],"data":{}},{"key":"5dsr6","text":"\"OS error code 84: Invalid or incomplete multibyte or wide character\"","type":"custom-code-block-c","depth":0,"inlineStyleRanges":[],"entityRanges":[],"data":{}},{"key":"51qrn","text":"\"OS error code 85: Interrupted system call should be restarted\"","type":"custom-code-block-c","depth":0,"inlineStyleRanges":[],"entityRanges":[],"data":{}},{"key":"8h56m","text":"\"OS error code 86: Streams pipe error\"","type":"custom-code-block-c","depth":0,"inlineStyleRanges":[],"entityRanges":[],"data":{}},{"key":"7onn8","text":"\"OS error code 87: Too many users\"","type":"custom-code-block-c","depth":0,"inlineStyleRanges":[],"entityRanges":[],"data":{}},{"key":"2h2ff","text":"\"OS error code 88: Socket operation on non-socket\"","type":"custom-code-block-c","depth":0,"inlineStyleRanges":[],"entityRanges":[],"data":{}},{"key":"4kp9m","text":"\"OS error code 89: Destination address required\"","type":"custom-code-block-c","depth":0,"inlineStyleRanges":[],"entityRanges":[],"data":{}},{"key":"9s14v","text":"\"OS error code 90: Message too long\"","type":"custom-code-block-c","depth":0,"inlineStyleRanges":[],"entityRanges":[],"data":{}},{"key":"e8n6l","text":"\"OS error code 91: Protocol wrong type for socket\"","type":"custom-code-block-c","depth":0,"inlineStyleRanges":[],"entityRanges":[],"data":{}},{"key":"9chvt","text":"\"OS error code 92: Protocol not available\"","type":"custom-code-block-c","depth":0,"inlineStyleRanges":[],"entityRanges":[],"data":{}},{"key":"35ap9","text":"\"OS error code 93: Protocol not supported\"","type":"custom-code-block-c","depth":0,"inlineStyleRanges":[],"entityRanges":[],"data":{}},{"key":"2b9jr","text":"\"OS error code 94: Socket type not supported\"","type":"custom-code-block-c","depth":0,"inlineStyleRanges":[],"entityRanges":[],"data":{}},{"key":"88koc","text":"\"OS error code 95: Operation not supported\"","type":"custom-code-block-c","depth":0,"inlineStyleRanges":[],"entityRanges":[],"data":{}},{"key":"4j2vm","text":"\"OS error code 96: Protocol family not supported\"","type":"custom-code-block-c","depth":0,"inlineStyleRanges":[],"entityRanges":[],"data":{}},{"key":"qcbk","text":"\"OS error code 97: Address family not supported by protocol\"","type":"custom-code-block-c","depth":0,"inlineStyleRanges":[],"entityRanges":[],"data":{}},{"key":"an4md","text":"\"OS error code 98: Address already in use\"","type":"custom-code-block-c","depth":0,"inlineStyleRanges":[],"entityRanges":[],"data":{}},{"key":"9dmln","text":"\"OS error code 99: Cannot assign requested address\"","type":"custom-code-block-c","depth":0,"inlineStyleRanges":[],"entityRanges":[],"data":{}},{"key":"dvdsb","text":"\"OS error code 100: Network is down\"","type":"custom-code-block-c","depth":0,"inlineStyleRanges":[],"entityRanges":[],"data":{}},{"key":"tpfq","text":"\"OS error code 101: Network is unreachable\"","type":"custom-code-block-c","depth":0,"inlineStyleRanges":[],"entityRanges":[],"data":{}},{"key":"2l2nh","text":"\"OS error code 102: Network dropped connection on reset\"","type":"custom-code-block-c","depth":0,"inlineStyleRanges":[],"entityRanges":[],"data":{}},{"key":"fk2qv","text":"\"OS error code 103: Software caused connection abort\"","type":"custom-code-block-c","depth":0,"inlineStyleRanges":[],"entityRanges":[],"data":{}},{"key":"41rsj","text":"\"OS error code 104: Connection reset by peer\"","type":"custom-code-block-c","depth":0,"inlineStyleRanges":[],"entityRanges":[],"data":{}},{"key":"434bu","text":"\"OS error code 105: No buffer space available\"","type":"custom-code-block-c","depth":0,"inlineStyleRanges":[],"entityRanges":[],"data":{}},{"key":"e507a","text":"\"OS error code 106: Transport endpoint is already connected\"","type":"custom-code-block-c","depth":0,"inlineStyleRanges":[],"entityRanges":[],"data":{}},{"key":"eu887","text":"\"OS error code 107: Transport endpoint is not connected\"","type":"custom-code-block-c","depth":0,"inlineStyleRanges":[],"entityRanges":[],"data":{}},{"key":"62guo","text":"\"OS error code 108: Cannot send after transport endpoint shutdown\"","type":"custom-code-block-c","depth":0,"inlineStyleRanges":[],"entityRanges":[],"data":{}},{"key":"70ml0","text":"\"OS error code 109: Too many references: cannot splice\"","type":"custom-code-block-c","depth":0,"inlineStyleRanges":[],"entityRanges":[],"data":{}},{"key":"abdih","text":"\"OS error code 110: Connection timed out\"","type":"custom-code-block-c","depth":0,"inlineStyleRanges":[],"entityRanges":[],"data":{}},{"key":"7hclv","text":"\"OS error code 111: Connection refused\"","type":"custom-code-block-c","depth":0,"inlineStyleRanges":[],"entityRanges":[],"data":{}},{"key":"5rnht","text":"\"OS error code 112: Host is down\"","type":"custom-code-block-c","depth":0,"inlineStyleRanges":[],"entityRanges":[],"data":{}},{"key":"65tcs","text":"\"OS error code 113: No route to host\"","type":"custom-code-block-c","depth":0,"inlineStyleRanges":[],"entityRanges":[],"data":{}},{"key":"b95ol","text":"\"OS error code 114: Operation already in progress\"","type":"custom-code-block-c","depth":0,"inlineStyleRanges":[],"entityRanges":[],"data":{}},{"key":"a3gtl","text":"\"OS error code 115: Operation now in progress\"","type":"custom-code-block-c","depth":0,"inlineStyleRanges":[],"entityRanges":[],"data":{}},{"key":"ukmm","text":"\"OS error code 116: Stale NFS file handle\"","type":"custom-code-block-c","depth":0,"inlineStyleRanges":[],"entityRanges":[],"data":{}},{"key":"crpqj","text":"\"OS error code 117: Structure needs cleaning\"","type":"custom-code-block-c","depth":0,"inlineStyleRanges":[],"entityRanges":[],"data":{}},{"key":"2gdvs","text":"\"OS error code 118: Not a XENIX named type file\"","type":"custom-code-block-c","depth":0,"inlineStyleRanges":[],"entityRanges":[],"data":{}},{"key":"a3jcl","text":"\"OS error code 119: No XENIX semaphores available\"","type":"custom-code-block-c","depth":0,"inlineStyleRanges":[],"entityRanges":[],"data":{}},{"key":"bd4po","text":"\"OS error code 120: Is a named type file\"","type":"custom-code-block-c","depth":0,"inlineStyleRanges":[],"entityRanges":[],"data":{}},{"key":"6ic5a","text":"\"OS error code 121: Remote I/O error\"","type":"custom-code-block-c","depth":0,"inlineStyleRanges":[],"entityRanges":[],"data":{}},{"key":"aih9d","text":"\"OS error code 122: Disk quota exceeded\"","type":"custom-code-block-c","depth":0,"inlineStyleRanges":[],"entityRanges":[],"data":{}},{"key":"eeidd","text":"\"OS error code 123: No medium found\"","type":"custom-code-block-c","depth":0,"inlineStyleRanges":[],"entityRanges":[],"data":{}},{"key":"8nlfo","text":"\"OS error code 124: Wrong medium type\"","type":"custom-code-block-c","depth":0,"inlineStyleRanges":[],"entityRanges":[],"data":{}},{"key":"1f8ud","text":"\"OS error code 125: Operation canceled\"","type":"custom-code-block-c","depth":0,"inlineStyleRanges":[],"entityRanges":[],"data":{}},{"key":"f7fut","text":"\"OS error code 126: Required key not available\"","type":"custom-code-block-c","depth":0,"inlineStyleRanges":[],"entityRanges":[],"data":{}},{"key":"ejcsr","text":"\"OS error code 127: Key has expired\"","type":"custom-code-block-c","depth":0,"inlineStyleRanges":[],"entityRanges":[],"data":{}},{"key":"41h7r","text":"\"OS error code 128: Key has been revoked\"","type":"custom-code-block-c","depth":0,"inlineStyleRanges":[],"entityRanges":[],"data":{}},{"key":"5tshq","text":"\"OS error code 129: Key was rejected by service\"","type":"custom-code-block-c","depth":0,"inlineStyleRanges":[],"entityRanges":[],"data":{}},{"key":"53m77","text":"\"OS error code 130: Owner died\"","type":"custom-code-block-c","depth":0,"inlineStyleRanges":[],"entityRanges":[],"data":{}},{"key":"7nh3f","text":"\"OS error code 131: State not recoverable\"","type":"custom-code-block-c","depth":0,"inlineStyleRanges":[],"entityRanges":[],"data":{}}],"entityMap":{}},"tags":[]}
