{"_id":"Hkm-rObvP","title":"小问题","dateCreated":1602483451027,"lastAccessed":"2020-10-12T06:17:31.029Z","lastUpdated":"2020-10-12T06:22:07.541Z","notebookId":"HJIlHOWDw","body":{"blocks":[{"key":"ag6qs","text":"小问题","type":"header-one","depth":0,"inlineStyleRanges":[],"entityRanges":[],"data":{}},{"key":"b5l5c","text":"","type":"divider","depth":0,"inlineStyleRanges":[],"entityRanges":[],"data":{}},{"key":"arq1o","text":"","type":"unstyled","depth":0,"inlineStyleRanges":[],"entityRanges":[],"data":{}},{"key":"am4e6","text":"cp -d参数在复制文件的过程中，若源文件为链接文件属性，则复制链接文件属性而非链接目的文件","type":"unstyled","depth":0,"inlineStyleRanges":[{"offset":22,"length":4,"style":"INLINECODE"},{"offset":32,"length":4,"style":"INLINECODE"}],"entityRanges":[],"data":{}},{"key":"7057j","text":"","type":"unstyled","depth":0,"inlineStyleRanges":[],"entityRanges":[],"data":{}},{"key":"6j6jo","text":"所以在cp过程中更可能会因为链接文件而无法找到指定文件","type":"unstyled","depth":0,"inlineStyleRanges":[{"offset":14,"length":4,"style":"INLINECODE"}],"entityRanges":[],"data":{}},{"key":"59kd9","text":"","type":"unstyled","depth":0,"inlineStyleRanges":[],"entityRanges":[],"data":{}}],"entityMap":{}},"tags":[]}
