{"_id":"BJR2Q0AkD","title":"Hello World","dateCreated":1594971061780,"lastAccessed":"2020-07-17T07:31:01.784Z","lastUpdated":"2020-07-17T07:31:42.843Z","notebookId":"ryhhmARJv","body":{"blocks":[{"key":"ag6qs","text":"Hello World","type":"header-one","depth":0,"inlineStyleRanges":[],"entityRanges":[],"data":{}},{"key":"4lsfb","text":"","type":"unstyled","depth":0,"inlineStyleRanges":[],"entityRanges":[],"data":{}},{"key":"3c0b3","text":"工程思维","type":"header-two","depth":0,"inlineStyleRanges":[{"offset":0,"length":4,"style":"BOLD"}],"entityRanges":[],"data":{}},{"key":"42ig4","text":"本小节的任务是让前面的Hello World更像一个工程，我们需要作的是：","type":"custom-code-block-bash","depth":0,"inlineStyleRanges":[],"entityRanges":[],"data":{}},{"key":"7ohis","text":"","type":"custom-code-block-bash","depth":0,"inlineStyleRanges":[],"entityRanges":[],"data":{}},{"key":"ah0h0","text":"(1)、为工程添加一个子目录src，用来放置工程源代码;","type":"custom-code-block-bash","depth":0,"inlineStyleRanges":[],"entityRanges":[],"data":{}},{"key":"eiued","text":"","type":"custom-code-block-bash","depth":0,"inlineStyleRanges":[],"entityRanges":[],"data":{}},{"key":"50om8","text":"(2)、添加一个子目录doc，用来放置这个工程的文档hello.txt","type":"custom-code-block-bash","depth":0,"inlineStyleRanges":[],"entityRanges":[],"data":{}},{"key":"7t5bq","text":"","type":"custom-code-block-bash","depth":0,"inlineStyleRanges":[],"entityRanges":[],"data":{}},{"key":"73hgv","text":"(3)、在工程目录添加文本文件COPYRIGHT, README；","type":"custom-code-block-bash","depth":0,"inlineStyleRanges":[],"entityRanges":[],"data":{}},{"key":"5mk93","text":"","type":"custom-code-block-bash","depth":0,"inlineStyleRanges":[],"entityRanges":[],"data":{}},{"key":"45e0g","text":"(4)、在工程目录添加一个runhello.sh脚本，用来调用hello二进制","type":"custom-code-block-bash","depth":0,"inlineStyleRanges":[],"entityRanges":[],"data":{}},{"key":"ba3aj","text":"","type":"custom-code-block-bash","depth":0,"inlineStyleRanges":[],"entityRanges":[],"data":{}},{"key":"62q84","text":"(5)、将构建后的目标文件放入构建目录的bin子目录；","type":"custom-code-block-bash","depth":0,"inlineStyleRanges":[],"entityRanges":[],"data":{}},{"key":"88v98","text":"","type":"custom-code-block-bash","depth":0,"inlineStyleRanges":[],"entityRanges":[],"data":{}},{"key":"4ke6a","text":"(6)、最终安装这些文件：将hello二进制与runhello.sh安装至/usr/bin，将doc目录的内容以及COPYRIGHT/README安装到/usr/share/doc/cmake/t2","type":"custom-code-block-bash","depth":0,"inlineStyleRanges":[],"entityRanges":[],"data":{}}],"entityMap":{}},"tags":[]}
