{"_id":"rJn1gww4v","title":"Linux内核调试的方式以及工具集锦","dateCreated":1599725540257,"lastAccessed":"2020-09-10T08:12:20.259Z","lastUpdated":"2020-09-10T08:12:46.551Z","notebookId":"ryhhmARJv","body":{"blocks":[{"key":"ag6qs","text":"Linux内核调试的方式以及工具集锦","type":"header-one","depth":0,"inlineStyleRanges":[],"entityRanges":[],"data":{}},{"key":"b0hau","text":"","type":"unstyled","depth":0,"inlineStyleRanges":[],"entityRanges":[],"data":{}},{"key":"6anru","text":"","type":"divider","depth":0,"inlineStyleRanges":[],"entityRanges":[],"data":{}},{"key":"d28od","text":"","type":"unstyled","depth":0,"inlineStyleRanges":[],"entityRanges":[],"data":{}},{"key":"6fvqs","text":"URl","type":"header-three","depth":0,"inlineStyleRanges":[],"entityRanges":[],"data":{}},{"key":"5eou0","text":"https://blog.csdn.net/zjy900507/article/details/80824093?utm_medium=distribute.pc_relevant.none-task-blog-BlogCommendFromBaidu-6.channel_param&depth_1-utm_source=distribute.pc_relevant.none-task-blog-BlogCommendFromBaidu-6.channel_param","type":"custom-code-block-c","depth":0,"inlineStyleRanges":[],"entityRanges":[],"data":{}},{"key":"59kd9","text":"","type":"unstyled","depth":0,"inlineStyleRanges":[],"entityRanges":[],"data":{}}],"entityMap":{}},"tags":[]}
