{"_id":"ryhj6rwED","title":"linux内核函数调试开关","dateCreated":1599720868490,"lastAccessed":"2020-09-10T06:54:28.490Z","lastUpdated":"2020-09-10T07:01:04.392Z","notebookId":"ryhhmARJv","body":{"blocks":[{"key":"ag6qs","text":"linux内核函数调试开关","type":"header-one","depth":0,"inlineStyleRanges":[],"entityRanges":[],"data":{}},{"key":"b1sbm","text":"","type":"divider","depth":0,"inlineStyleRanges":[],"entityRanges":[],"data":{}},{"key":"dqi0u","text":"","type":"unstyled","depth":0,"inlineStyleRanges":[],"entityRanges":[],"data":{}},{"key":"dvd6e","text":"linux设备驱动开发，内核使用dev_dbg来控制输出信息，这个函数包含在include/linux/device.h头文件中，但是默认情况下看不到调试信息，该如何打开呢，我们直接上代码：","type":"unstyled","depth":0,"inlineStyleRanges":[],"entityRanges":[],"data":{}},{"key":"8oomj","text":"#if defined(CONFIG_DYNAMIC_DEBUG)","type":"custom-code-block-c","depth":0,"inlineStyleRanges":[],"entityRanges":[],"data":{}},{"key":"5cdou","text":"#define dev_dbg(dev, format, ...)\t\t     \\","type":"custom-code-block-c","depth":0,"inlineStyleRanges":[],"entityRanges":[],"data":{}},{"key":"7eq6d","text":"do {\t\t\t\t\t\t     \\","type":"custom-code-block-c","depth":0,"inlineStyleRanges":[],"entityRanges":[],"data":{}},{"key":"eee10","text":" dynamic_dev_dbg(dev, format, ##__VA_ARGS__); \\","type":"custom-code-block-c","depth":0,"inlineStyleRanges":[],"entityRanges":[],"data":{}},{"key":"8na6q","text":"} while (0)","type":"custom-code-block-c","depth":0,"inlineStyleRanges":[],"entityRanges":[],"data":{}},{"key":"f8b85","text":"#elif defined(DEBUG)","type":"custom-code-block-c","depth":0,"inlineStyleRanges":[],"entityRanges":[],"data":{}},{"key":"7q9v0","text":"#define dev_dbg(dev, format, arg...)\t\t\\","type":"custom-code-block-c","depth":0,"inlineStyleRanges":[],"entityRanges":[],"data":{}},{"key":"5nilo","text":" dev_printk(KERN_DEBUG, dev, format, ##arg)","type":"custom-code-block-c","depth":0,"inlineStyleRanges":[],"entityRanges":[],"data":{}},{"key":"dlru0","text":"#else","type":"custom-code-block-c","depth":0,"inlineStyleRanges":[],"entityRanges":[],"data":{}},{"key":"b360j","text":"#define dev_dbg(dev, format, arg...)\t\t\t\t\\","type":"custom-code-block-c","depth":0,"inlineStyleRanges":[],"entityRanges":[],"data":{}},{"key":"f0q7g","text":"({\t\t\t\t\t\t\t\t\\","type":"custom-code-block-c","depth":0,"inlineStyleRanges":[],"entityRanges":[],"data":{}},{"key":"3j0lg","text":" if (0)\t\t\t\t\t\t\t\\","type":"custom-code-block-c","depth":0,"inlineStyleRanges":[],"entityRanges":[],"data":{}},{"key":"7vpbk","text":" \tdev_printk(KERN_DEBUG, dev, format, ##arg);\t\\","type":"custom-code-block-c","depth":0,"inlineStyleRanges":[],"entityRanges":[],"data":{}},{"key":"5adg","text":"})","type":"custom-code-block-c","depth":0,"inlineStyleRanges":[],"entityRanges":[],"data":{}},{"key":"46shq","text":"#endif","type":"custom-code-block-c","depth":0,"inlineStyleRanges":[],"entityRanges":[],"data":{}},{"key":"d1fn8","text":"从上面的代码分析dev_dbg可以指向dynamic_dev_dbg()或者系统打印printk(),那么分别从这两中情况进行具体分析：","type":"unstyled","depth":0,"inlineStyleRanges":[],"entityRanges":[],"data":{}},{"key":"ep2a0","text":"1、 dev_dbg -> dynamic_dev_dbg 定义的debug log的情况","type":"unstyled","depth":0,"inlineStyleRanges":[],"entityRanges":[],"data":{}},{"key":"2qqlq","text":"debugfs 默认路径sys/kernel/debug，官方使用文档参考 kernel/Documentation/dynamic-debug-howto.txt，debugfs 使用必须在kernel的config文件(kernel/arch/arm/configs/xxx_deconfig)中有","type":"unstyled","depth":0,"inlineStyleRanges":[],"entityRanges":[],"data":{}},{"key":"8cqh7","text":"","type":"unstyled","depth":0,"inlineStyleRanges":[],"entityRanges":[],"data":{}},{"key":"1db2u","text":"CONFIG_DEBUG_FS=y","type":"unstyled","depth":0,"inlineStyleRanges":[{"offset":0,"length":17,"style":"BOLD"}],"entityRanges":[],"data":{}},{"key":"ftnk4","text":"CONFIG_DYNAMIC_DEBUG=y","type":"unstyled","depth":0,"inlineStyleRanges":[{"offset":0,"length":22,"style":"BOLD"}],"entityRanges":[],"data":{}},{"key":"30nnp","text":"如何使用：","type":"unstyled","depth":0,"inlineStyleRanges":[],"entityRanges":[],"data":{}},{"key":"4i3ko","text":"mount -t debugfs none /sys/kernel/debug                       #路径也可以自己选择，这里用系统默认路径        ","type":"custom-code-block-c","depth":0,"inlineStyleRanges":[],"entityRanges":[],"data":{}},{"key":"93juj","text":"echo -n 'file xxx.c +p' > /sys/kernel/debug/dynamic_debug/control  #增加xxx.c文件dynamic debug的输出","type":"custom-code-block-c","depth":0,"inlineStyleRanges":[],"entityRanges":[],"data":{}},{"key":"dgh2o","text":"echo -n 'file xxx.c -p' > /sys/kernel/debug/dynamic_debug/control  #去掉xxx.c文件dynamic debug的输出","type":"custom-code-block-c","depth":0,"inlineStyleRanges":[],"entityRanges":[],"data":{}},{"key":"53huf","text":"2、dev_dbg ->dev_printk定义的debug log的情况","type":"unstyled","depth":0,"inlineStyleRanges":[],"entityRanges":[],"data":{}},{"key":"ch9s0","text":"我们先看一下定义在<linux/device.h>里面关于打印级别基本的定义","type":"unstyled","depth":0,"inlineStyleRanges":[],"entityRanges":[],"data":{}},{"key":"6c19d","text":"#define KERN_EMERG    KERN_SOH \"0\"    /* system is unusable */","type":"custom-code-block-c","depth":0,"inlineStyleRanges":[],"entityRanges":[],"data":{}},{"key":"4r42f","text":"#define KERN_ALERT    KERN_SOH \"1\"    /* action must be taken immediately */","type":"custom-code-block-c","depth":0,"inlineStyleRanges":[],"entityRanges":[],"data":{}},{"key":"3s1n2","text":"#define KERN_CRIT    KERN_SOH \"2\"    /* critical conditions */","type":"custom-code-block-c","depth":0,"inlineStyleRanges":[],"entityRanges":[],"data":{}},{"key":"dgclj","text":"#define KERN_ERR    KERN_SOH \"3\"    /* error conditions */","type":"custom-code-block-c","depth":0,"inlineStyleRanges":[],"entityRanges":[],"data":{}},{"key":"568ti","text":"#define KERN_WARNING    KERN_SOH \"4\"    /* warning conditions */","type":"custom-code-block-c","depth":0,"inlineStyleRanges":[],"entityRanges":[],"data":{}},{"key":"8ud7g","text":"#define KERN_NOTICE    KERN_SOH \"5\"    /* normal but significant condition */","type":"custom-code-block-c","depth":0,"inlineStyleRanges":[],"entityRanges":[],"data":{}},{"key":"73act","text":"#define KERN_INFO    KERN_SOH \"6\"    /* informational */","type":"custom-code-block-c","depth":0,"inlineStyleRanges":[],"entityRanges":[],"data":{}},{"key":"6ani","text":"#define KERN_DEBUG    KERN_SOH \"7\"    /* debug-level messages */","type":"custom-code-block-c","depth":0,"inlineStyleRanges":[],"entityRanges":[],"data":{}},{"key":"fioed","text":"#define KERN_DEFAULT    KERN_SOH \"d\"    /* the default kernel loglevel*/","type":"custom-code-block-c","depth":0,"inlineStyleRanges":[],"entityRanges":[],"data":{}},{"key":"k9so","text":"在来看下kernel/printk.c 中定义的打印级别，如下：","type":"unstyled","depth":0,"inlineStyleRanges":[],"entityRanges":[],"data":{}},{"key":"btu7a","text":"/* printk's without a loglevel use this.. */","type":"custom-code-block-c","depth":0,"inlineStyleRanges":[],"entityRanges":[],"data":{}},{"key":"72m57","text":" ","type":"custom-code-block-c","depth":0,"inlineStyleRanges":[],"entityRanges":[],"data":{}},{"key":"7j6mr","text":"#define DEFAULT_MESSAGE_LOGLEVEL 4 /* KERN_WARNING */","type":"custom-code-block-c","depth":0,"inlineStyleRanges":[],"entityRanges":[],"data":{}},{"key":"2jffd","text":" ","type":"custom-code-block-c","depth":0,"inlineStyleRanges":[],"entityRanges":[],"data":{}},{"key":"20r59","text":"int console_printk[4] = {","type":"custom-code-block-c","depth":0,"inlineStyleRanges":[],"entityRanges":[],"data":{}},{"key":"8v9g3","text":"              DEFAULT_CONSOLE_LOGLEVEL,       /* console_loglevel 控制台日志级别，优先级高于该值的消息将在控制台显示*/","type":"custom-code-block-c","depth":0,"inlineStyleRanges":[],"entityRanges":[],"data":{}},{"key":"79mln","text":"              DEFAULT_MESSAGE_LOGLEVEL,       /* default_message_loglevel */","type":"custom-code-block-c","depth":0,"inlineStyleRanges":[],"entityRanges":[],"data":{}},{"key":"f5eqc","text":"              MINIMUM_CONSOLE_LOGLEVEL,      /* minimum_console_loglevel 最低的控制台日志级别 */","type":"custom-code-block-c","depth":0,"inlineStyleRanges":[],"entityRanges":[],"data":{}},{"key":"atpq0","text":"              DEFAULT_CONSOLE_LOGLEVEL,       /* default_console_loglevel */","type":"custom-code-block-c","depth":0,"inlineStyleRanges":[],"entityRanges":[],"data":{}},{"key":"3iit1","text":"};","type":"custom-code-block-c","depth":0,"inlineStyleRanges":[],"entityRanges":[],"data":{}},{"key":"3513q","text":"在内核代码include/linux/kernel.h中，定义了控制台的级别：","type":"unstyled","depth":0,"inlineStyleRanges":[],"entityRanges":[],"data":{}},{"key":"39qa","text":"extern int console_printk[];","type":"custom-code-block-c","depth":0,"inlineStyleRanges":[],"entityRanges":[],"data":{}},{"key":"16q8n","text":"#define console_loglevel (console_printk[0])","type":"custom-code-block-c","depth":0,"inlineStyleRanges":[],"entityRanges":[],"data":{}},{"key":"n051","text":"#define default_message_loglevel (console_printk[1])","type":"custom-code-block-c","depth":0,"inlineStyleRanges":[],"entityRanges":[],"data":{}},{"key":"b3kec","text":"#define minimum_console_loglevel (console_printk[2])","type":"custom-code-block-c","depth":0,"inlineStyleRanges":[],"entityRanges":[],"data":{}},{"key":"375oi","text":"#define default_console_loglevel (console_printk[3])","type":"custom-code-block-c","depth":0,"inlineStyleRanges":[],"entityRanges":[],"data":{}},{"key":"92fcf","text":"据如上定义printk只会打印小于等于该级别的日志信息，dev_dbg对应的是调试信息，打印级别为KERN_DEBUG = 7，默认情况下自然是无法打印的，所以我们需要调整系统的默认打印级别来显示调试信息。","type":"unstyled","depth":0,"inlineStyleRanges":[],"entityRanges":[],"data":{}},{"key":"22d32","text":"# cat printk","type":"custom-code-block-c","depth":0,"inlineStyleRanges":[],"entityRanges":[],"data":{}},{"key":"26c9q","text":"1\t4\t1\t7","type":"custom-code-block-c","depth":0,"inlineStyleRanges":[],"entityRanges":[],"data":{}},{"key":"eectm","text":"# echo 7  4  1 7 > /proc/sys/kernel/printk  #修改printk对应的打印级别","type":"custom-code-block-c","depth":0,"inlineStyleRanges":[],"entityRanges":[],"data":{}},{"key":"1qgp5","text":"（1）第一个参数 7表示小于7优先级消息才会被输出到控制台。","type":"unstyled","depth":0,"inlineStyleRanges":[],"entityRanges":[],"data":{}},{"key":"d6uus","text":"（2）第二个参数4 表示默认的printk消息优先级别，即printk(“hell world”);优先级为4， 由于4<7，故可以被打印到控制台。","type":"unstyled","depth":0,"inlineStyleRanges":[],"entityRanges":[],"data":{}},{"key":"6psvh","text":"（3）第三个参数1 表示可接收的最高优先级，当printk disable控制台输出时,设置第一个参数为1，但是，从内核等级来看，还有优先级0，这个是printk最高级优先级，一般用于内核严重消息打印。比如内存错误或者 watchdog reset.也可以设置第一个和第三个参数为0","type":"unstyled","depth":0,"inlineStyleRanges":[],"entityRanges":[],"data":{}},{"key":"1hr4a","text":"（4）第四个参数7 默认控制台优先级，即第一个参数的默认优先级。","type":"unstyled","depth":0,"inlineStyleRanges":[],"entityRanges":[],"data":{}},{"key":"99bbj","text":"","type":"unstyled","depth":0,"inlineStyleRanges":[],"entityRanges":[],"data":{}},{"key":"d9lb","text":"","type":"unstyled","depth":0,"inlineStyleRanges":[],"entityRanges":[],"data":{}}],"entityMap":{}},"tags":[]}
