{"_id":"Hyev-Qk4v","title":"c++","dateCreated":1599185240186,"lastAccessed":"2020-09-04T02:07:20.186Z","lastUpdated":"2020-09-14T10:07:29.668Z","notebookId":"S15-fNRXw","body":{"blocks":[{"key":"ag6qs","text":"c++","type":"header-one","depth":0,"inlineStyleRanges":[],"entityRanges":[],"data":{}},{"key":"aee3a","text":"","type":"divider","depth":0,"inlineStyleRanges":[],"entityRanges":[],"data":{}},{"key":"2k31t","text":"","type":"unstyled","depth":0,"inlineStyleRanges":[],"entityRanges":[],"data":{}},{"key":"8ov80","text":"结构体和类","type":"header-two","depth":0,"inlineStyleRanges":[{"offset":0,"length":5,"style":"BOLD"}],"entityRanges":[],"data":{}},{"key":"e83pm","text":"结构体和类都可以看做一种由用户自己定义的复杂数据类型，在C语言中可以通过结构体名来定义变量，在 C++ 中可以通过类名来定义变量。不同的是，通过结构体定义出来的变量还是叫变量，而通过类定义出来的变量有了新的名称，叫做对象（Object）。","type":"unstyled","depth":0,"inlineStyleRanges":[{"offset":108,"length":2,"style":"INLINECODE"}],"entityRanges":[],"data":{}},{"key":"c9h5f","text":"","type":"unstyled","depth":0,"inlineStyleRanges":[],"entityRanges":[],"data":{}},{"key":"cu0fa","text":"类只是一张图纸，起到说明的作用，不占用内存空间；对象才是具体的零件，要有地方来存放，才会占用内存空间。","type":"unstyled","depth":0,"inlineStyleRanges":[{"offset":0,"length":1,"style":"INLINECODE"},{"offset":16,"length":7,"style":"INLINECODE"},{"offset":24,"length":2,"style":"INLINECODE"},{"offset":44,"length":6,"style":"INLINECODE"}],"entityRanges":[],"data":{}},{"key":"bt4br","text":"在 C++ 中，通过类名就可以创建对象，即将图纸生产成零件，这个过程叫做类的实例化，因此也称对象是类的一个实例（Instance）。","type":"unstyled","depth":0,"inlineStyleRanges":[],"entityRanges":[],"data":{}},{"key":"9umov","text":"有些资料也将类的成员变量称为属性（Property），将类的成员函数称为方法（Method）","type":"unstyled","depth":0,"inlineStyleRanges":[],"entityRanges":[],"data":{}},{"key":"b0q37","text":"","type":"unstyled","depth":0,"inlineStyleRanges":[],"entityRanges":[],"data":{}},{"key":"90vaa","text":"面向对象编程在代码执行效率上绝对没有任何优势，它的主要目的是方便程序员组织和管理代码，快速梳理编程思路，带来编程思想上的革新。","type":"custom-code-block-bash","depth":0,"inlineStyleRanges":[{"offset":0,"length":63,"style":"BOLD"}],"entityRanges":[],"data":{}},{"key":"59kd9","text":"","type":"unstyled","depth":0,"inlineStyleRanges":[],"entityRanges":[],"data":{}},{"key":"7kfdr","text":"下图是 C/C++ 代码生成可执行文件的过程：","type":"unstyled","depth":0,"inlineStyleRanges":[],"entityRanges":[],"data":{}},{"key":"3duc1","text":"","type":"unstyled","depth":0,"inlineStyleRanges":[],"entityRanges":[],"data":{}},{"key":"fjh08","text":" ","type":"atomic","depth":0,"inlineStyleRanges":[],"entityRanges":[{"offset":0,"length":1,"key":0}],"data":{}},{"key":"amk8u","text":"","type":"unstyled","depth":0,"inlineStyleRanges":[],"entityRanges":[],"data":{}},{"key":"89raq","text":"","type":"unstyled","depth":0,"inlineStyleRanges":[],"entityRanges":[],"data":{}},{"key":"f9cfl","text":"g++命令","type":"header-three","depth":0,"inlineStyleRanges":[],"entityRanges":[],"data":{}},{"key":"dhpjt","text":"编译C++程序时，gcc命令也可以使用，不过要增加-lstdc++选项，否则会发生链接错误。例如编译单个源文件：","type":"unstyled","depth":0,"inlineStyleRanges":[{"offset":25,"length":8,"style":"INLINECODE"}],"entityRanges":[],"data":{}},{"key":"bpg0m","text":"gcc main.cpp -lstdc++","type":"custom-code-block-bash","depth":0,"inlineStyleRanges":[],"entityRanges":[],"data":{}},{"key":"cgs3m","text":"gcc命令在链接时默认使用C的库，只有添加了-lstdc++选项才会使用 C++ 的库","type":"unstyled","depth":0,"inlineStyleRanges":[],"entityRanges":[],"data":{}},{"key":"fosvd","text":"","type":"unstyled","depth":0,"inlineStyleRanges":[],"entityRanges":[],"data":{}},{"key":"db10j","text":"","type":"header-three","depth":0,"inlineStyleRanges":[],"entityRanges":[],"data":{}},{"key":"djfn","text":"命名空间（Namespace）","type":"header-three","depth":0,"inlineStyleRanges":[{"offset":0,"length":15,"style":"BOLD"}],"entityRanges":[],"data":{}},{"key":"2u066","text":"为了解决合作开发时的命名冲突问题，C++ 引入了命名空间（Namespace）的概念。","type":"unstyled","depth":0,"inlineStyleRanges":[{"offset":24,"length":15,"style":"INLINECODE"}],"entityRanges":[],"data":{}},{"key":"etcek","text":"","type":"unstyled","depth":0,"inlineStyleRanges":[],"entityRanges":[],"data":{}},{"key":"b7p0a","text":"命名空间有时也被称为名字空间、名称空间。","type":"blockquote","depth":0,"inlineStyleRanges":[{"offset":0,"length":20,"style":"BOLD"}],"entityRanges":[],"data":{}},{"key":"6orr4","text":"","type":"unstyled","depth":0,"inlineStyleRanges":[],"entityRanges":[],"data":{}},{"key":"1rlgj","text":"namespace 是C++中的关键字，用来定义一个命名空间，语法格式为：","type":"unstyled","depth":0,"inlineStyleRanges":[],"entityRanges":[],"data":{}},{"key":"5nlmh","text":"namespace name{","type":"custom-code-block-c","depth":0,"inlineStyleRanges":[],"entityRanges":[],"data":{}},{"key":"8bpdb","text":"    //variables, functions, classes","type":"custom-code-block-c","depth":0,"inlineStyleRanges":[],"entityRanges":[],"data":{}},{"key":"47mh9","text":"}","type":"custom-code-block-c","depth":0,"inlineStyleRanges":[],"entityRanges":[],"data":{}},{"key":"80bp1","text":"","type":"unstyled","depth":0,"inlineStyleRanges":[],"entityRanges":[],"data":{}},{"key":"7monj","text":"name是命名空间的名字，它里面可以包含变量、函数、类、typedef、#define 等，最后由{ }包围。","type":"unstyled","depth":0,"inlineStyleRanges":[],"entityRanges":[],"data":{}},{"key":"7c92c","text":"","type":"unstyled","depth":0,"inlineStyleRanges":[],"entityRanges":[],"data":{}},{"key":"co27m","text":"使用变量、函数时要指明它们所在的命名空间。以上面的 fp 变量为例，可以这样来使用：","type":"unstyled","depth":0,"inlineStyleRanges":[],"entityRanges":[],"data":{}},{"key":"7hg73","text":"Li::fp = fopen(\"one.txt\", \"r\");  //使用小李定义的变量 fp","type":"custom-code-block-c","depth":0,"inlineStyleRanges":[],"entityRanges":[],"data":{}},{"key":"b6tb9","text":"Han::fp = fopen(\"two.txt\", \"rb+\");  //使用小韩定义的变量 fp","type":"custom-code-block-c","depth":0,"inlineStyleRanges":[],"entityRanges":[],"data":{}},{"key":"91agi","text":"::是一个新符号，称为域解析操作符，在C++中用来指明要使用的命名空间。","type":"unstyled","depth":0,"inlineStyleRanges":[],"entityRanges":[],"data":{}},{"key":"c8bv","text":"","type":"unstyled","depth":0,"inlineStyleRanges":[],"entityRanges":[],"data":{}},{"key":"3q5mm","text":"除了直接使用域解析操作符，还可以采用 using 关键字声明，例如：","type":"unstyled","depth":0,"inlineStyleRanges":[],"entityRanges":[],"data":{}},{"key":"797oc","text":"using Li::fp;","type":"custom-code-block-c","depth":0,"inlineStyleRanges":[],"entityRanges":[],"data":{}},{"key":"7lohd","text":"fp = fopen(\"one.txt\", \"r\");  //使用小李定义的变量 fp","type":"custom-code-block-c","depth":0,"inlineStyleRanges":[],"entityRanges":[],"data":{}},{"key":"2gggj","text":"Han :: fp = fopen(\"two.txt\", \"rb+\");  //使用小韩定义的变量 fp","type":"custom-code-block-c","depth":0,"inlineStyleRanges":[],"entityRanges":[],"data":{}},{"key":"5jcth","text":"在代码的开头用using声明了 Li::fp，它的意思是，using 声明以后的程序中如果出现了未指明命名空间的 fp，就使用 Li::fp；但是若要使用小韩定义的 fp，仍然需要 Han::fp。","type":"unstyled","depth":0,"inlineStyleRanges":[{"offset":7,"length":15,"style":"INLINECODE"},{"offset":29,"length":70,"style":"INLINECODE"}],"entityRanges":[],"data":{}},{"key":"dqmds","text":"","type":"unstyled","depth":0,"inlineStyleRanges":[],"entityRanges":[],"data":{}},{"key":"9ddc3","text":"using 声明不仅可以针对命名空间中的一个变量，也可以用于声明整个命名空间，例如：","type":"unstyled","depth":0,"inlineStyleRanges":[{"offset":0,"length":8,"style":"INLINECODE"},{"offset":32,"length":6,"style":"INLINECODE"}],"entityRanges":[],"data":{}},{"key":"dqe7e","text":"using namespace Li;","type":"custom-code-block-c","depth":0,"inlineStyleRanges":[],"entityRanges":[],"data":{}},{"key":"agho","text":"fp = fopen(\"one.txt\", \"r\");  //使用小李定义的变量 fp","type":"custom-code-block-c","depth":0,"inlineStyleRanges":[],"entityRanges":[],"data":{}},{"key":"d63ti","text":"Han::fp = fopen(\"two.txt\", \"rb+\");  //使用小韩定义的变量 fp","type":"custom-code-block-c","depth":0,"inlineStyleRanges":[],"entityRanges":[],"data":{}},{"key":"213qe","text":"如果命名空间 Li 中还定义了其他的变量，那么同样具有 fp 变量的效果。在 using 声明后，如果有未具体指定命名空间的变量产生了命名冲突，那么默认采用命名空间 Li 中的变量。","type":"unstyled","depth":0,"inlineStyleRanges":[{"offset":37,"length":54,"style":"INLINECODE"}],"entityRanges":[],"data":{}},{"key":"8if85","text":"","type":"unstyled","depth":0,"inlineStyleRanges":[],"entityRanges":[],"data":{}},{"key":"9mfc9","text":"命名空间内部不仅可以声明或定义变量，对于其它能在命名空间以外声明或定义的名称，同样也都能在命名空间内部进行声明或定义，例如类、函数、typedef、#define 等都可以出现在命名空间中。","type":"unstyled","depth":0,"inlineStyleRanges":[],"entityRanges":[],"data":{}},{"key":"28hh6","text":"","type":"unstyled","depth":0,"inlineStyleRanges":[],"entityRanges":[],"data":{}},{"key":"5p16b","text":"站在编译和链接的角度，代码中出现的变量名、函数名、类名等都是一种符号（Symbol）。有的符号可以指代一个内存位置，例如变量名、函数名；有的符号仅仅是一个新的名称，例如 typedef 定义的类型别名。","type":"unstyled","depth":0,"inlineStyleRanges":[],"entityRanges":[],"data":{}},{"key":"5ongo","text":"","type":"unstyled","depth":0,"inlineStyleRanges":[],"entityRanges":[],"data":{}},{"key":"2cm54","text":"作用范围","type":"unstyled","depth":0,"inlineStyleRanges":[],"entityRanges":[],"data":{}},{"key":"7i32m","text":"在 main() 函数中声明命名空间 std，它的作用范围就位于 main() 函数内部，如果在其他函数中又用到了 std，就需要重新声明.","type":"custom-code-block-c","depth":0,"inlineStyleRanges":[],"entityRanges":[],"data":{}},{"key":"jq19","text":"如果希望在所有函数中都使用命名空间 std，可以将它声明在全局范围中，例如","type":"unstyled","depth":0,"inlineStyleRanges":[{"offset":29,"length":4,"style":"INLINECODE"}],"entityRanges":[],"data":{}},{"key":"cjsl","text":"#include <iostream>","type":"custom-code-block-c","depth":0,"inlineStyleRanges":[],"entityRanges":[],"data":{}},{"key":"3d74l","text":"","type":"custom-code-block-c","depth":0,"inlineStyleRanges":[],"entityRanges":[],"data":{}},{"key":"1dnuc","text":"//声明命名空间std","type":"custom-code-block-c","depth":0,"inlineStyleRanges":[],"entityRanges":[],"data":{}},{"key":"83voi","text":"using namespace std;","type":"custom-code-block-c","depth":0,"inlineStyleRanges":[],"entityRanges":[],"data":{}},{"key":"3b4oi","text":"","type":"custom-code-block-c","depth":0,"inlineStyleRanges":[],"entityRanges":[],"data":{}},{"key":"820n9","text":"void func(){","type":"custom-code-block-c","depth":0,"inlineStyleRanges":[],"entityRanges":[],"data":{}},{"key":"cb0cp","text":"    cout<<\"http://c.biancheng.net\"<<endl;","type":"custom-code-block-c","depth":0,"inlineStyleRanges":[],"entityRanges":[],"data":{}},{"key":"6u2h0","text":"}","type":"custom-code-block-c","depth":0,"inlineStyleRanges":[],"entityRanges":[],"data":{}},{"key":"36is1","text":"","type":"custom-code-block-c","depth":0,"inlineStyleRanges":[],"entityRanges":[],"data":{}},{"key":"5lr42","text":"int main(){","type":"custom-code-block-c","depth":0,"inlineStyleRanges":[],"entityRanges":[],"data":{}},{"key":"fk4b9","text":"    cout<<\"C语言中文网\"<<endl;","type":"custom-code-block-c","depth":0,"inlineStyleRanges":[],"entityRanges":[],"data":{}},{"key":"fao7h","text":"    func();","type":"custom-code-block-c","depth":0,"inlineStyleRanges":[],"entityRanges":[],"data":{}},{"key":"bds7q","text":"","type":"custom-code-block-c","depth":0,"inlineStyleRanges":[],"entityRanges":[],"data":{}},{"key":"biouo","text":"    return 0;","type":"custom-code-block-c","depth":0,"inlineStyleRanges":[],"entityRanges":[],"data":{}},{"key":"2d7eb","text":"}","type":"custom-code-block-c","depth":0,"inlineStyleRanges":[],"entityRanges":[],"data":{}},{"key":"dpcbn","text":"很多教程中都是这样做的，将 std 直接声明在所有函数外部，这样虽然使用方便，但在中大型项目开发中是不被推荐的，这样做增加了命名冲突的风险，我推荐在函数内部声明 std。","type":"unstyled","depth":0,"inlineStyleRanges":[],"entityRanges":[],"data":{}},{"key":"dlams","text":"","type":"unstyled","depth":0,"inlineStyleRanges":[],"entityRanges":[],"data":{}},{"key":"41hfd","text":"c++头文件","type":"header-three","depth":0,"inlineStyleRanges":[{"offset":0,"length":6,"style":"BOLD"}],"entityRanges":[],"data":{}},{"key":"32uki","text":"下面是我总结的 C++ 头文件的现状：","type":"unstyled","depth":0,"inlineStyleRanges":[],"entityRanges":[],"data":{}},{"key":"b0skc","text":"1) 旧的 C++ 头文件，如 iostream.h、fstream.h 等将会继续被支持，尽管它们不在官方标准中。这些头文件的内容不在命名空间 std 中。","type":"unstyled","depth":0,"inlineStyleRanges":[{"offset":68,"length":9,"style":"INLINECODE"}],"entityRanges":[],"data":{}},{"key":"713ap","text":"","type":"unstyled","depth":0,"inlineStyleRanges":[],"entityRanges":[],"data":{}},{"key":"8uqe8","text":"2) 新的 C++ 头文件，如 iostream、fstream 等包含的基本功能和对应的旧版头文件相似，但头文件的内容在命名空间 std 中。","type":"unstyled","depth":0,"inlineStyleRanges":[],"entityRanges":[],"data":{}},{"key":"a1fb7","text":"","type":"unstyled","depth":0,"inlineStyleRanges":[],"entityRanges":[],"data":{}},{"key":"bqnfd","text":"注意：在标准化的过程中，库中有些部分的细节被修改了，所以旧的头文件和新的头文件不一定完全对应。","type":"blockquote","depth":0,"inlineStyleRanges":[{"offset":0,"length":3,"style":"INLINECODE"}],"entityRanges":[],"data":{}},{"key":"2huq5","text":"","type":"unstyled","depth":0,"inlineStyleRanges":[],"entityRanges":[],"data":{}},{"key":"e9oo","text":"3) 标准C头文件如 stdio.h、stdlib.h 等继续被支持。头文件的内容不在 std 中。","type":"unstyled","depth":0,"inlineStyleRanges":[],"entityRanges":[],"data":{}},{"key":"9n2kr","text":"","type":"unstyled","depth":0,"inlineStyleRanges":[],"entityRanges":[],"data":{}},{"key":"dc1jv","text":"4) 具有C库功能的新C++头文件具有如 cstdio、cstdlib 这样的名字。它们提供的内容和相应的旧的C头文件相同，只是内容在 std 中。","type":"unstyled","depth":0,"inlineStyleRanges":[],"entityRanges":[],"data":{}},{"key":"4v2bc","text":"","type":"unstyled","depth":0,"inlineStyleRanges":[],"entityRanges":[],"data":{}},{"key":"9ucgc","text":"可以发现，对于不带.h的头文件，所有的符号都位于命名空间 std 中，使用时需要声明命名空间 std；对于带.h的头文件，没有使用任何命名空间，所有符号都位于全局作用域。这也是 C++ 标准所规定的。","type":"unstyled","depth":0,"inlineStyleRanges":[{"offset":5,"length":95,"style":"BOLD"},{"offset":9,"length":2,"style":"INLINECODE"},{"offset":35,"length":15,"style":"INLINECODE"},{"offset":53,"length":3,"style":"INLINECODE"},{"offset":77,"length":7,"style":"INLINECODE"}],"entityRanges":[],"data":{}},{"key":"780tf","text":"","type":"unstyled","depth":0,"inlineStyleRanges":[],"entityRanges":[],"data":{}},{"key":"c4ha5","text":"","type":"unstyled","depth":0,"inlineStyleRanges":[],"entityRanges":[],"data":{}},{"key":"26h4b","text":"布尔类型","type":"header-three","depth":0,"inlineStyleRanges":[{"offset":0,"length":4,"style":"BOLD"}],"entityRanges":[],"data":{}},{"key":"8qsmv","text":"C语言并没有彻底从语法上支持“真”和“假”，只是用 0 和非 0 来代表。这点在 C++ 中得到了改善，C++ 新增了 bool 类型（布尔类型），它一般占用 1 个字节长度。bool 类型只有两个取值，true 和 false：true 表示“真”，false 表示“假”。","type":"custom-code-block-c","depth":0,"inlineStyleRanges":[],"entityRanges":[],"data":{}},{"key":"cvoqk","text":"","type":"unstyled","depth":0,"inlineStyleRanges":[],"entityRanges":[],"data":{}},{"key":"8elsr","text":"遗憾的是，在 C++ 中使用 cout 输出 bool 变量的值时还是用数字 1 和 0 表示，而不是 true 或 false。Java、PHP、JavaScript 等也都支持布尔类型，但输出结果为 true 或 false","type":"blockquote","depth":0,"inlineStyleRanges":[],"entityRanges":[],"data":{}},{"key":"ej0s7","text":"","type":"unstyled","depth":0,"inlineStyleRanges":[],"entityRanges":[],"data":{}},{"key":"8n3t8","text":"注意，true 和 false 是 C++ 中的关键字，true 表示“真”，false 表示“假”。","type":"blockquote","depth":0,"inlineStyleRanges":[{"offset":0,"length":2,"style":"INLINECODE"}],"entityRanges":[],"data":{}},{"key":"5qod5","text":"","type":"unstyled","depth":0,"inlineStyleRanges":[],"entityRanges":[],"data":{}},{"key":"63f1m","text":"","type":"unstyled","depth":0,"inlineStyleRanges":[],"entityRanges":[],"data":{}},{"key":"90sk0","text":"","type":"unstyled","depth":0,"inlineStyleRanges":[],"entityRanges":[],"data":{}},{"key":"buab4","text":"","type":"unstyled","depth":0,"inlineStyleRanges":[],"entityRanges":[],"data":{}},{"key":"8gau0","text":"","type":"unstyled","depth":0,"inlineStyleRanges":[],"entityRanges":[],"data":{}},{"key":"51s4u","text":"","type":"unstyled","depth":0,"inlineStyleRanges":[],"entityRanges":[],"data":{}},{"key":"7dhvf","text":"","type":"unstyled","depth":0,"inlineStyleRanges":[],"entityRanges":[],"data":{}}],"entityMap":{"0":{"type":"image","mutability":"IMMUTABLE","data":{"src":"http://c.biancheng.net/uploads/allimg/190212/1015294446-0.jpg","width":63,"alignment":"default"}}}},"tags":[]}
