{"_id":"Byt9YCmfv","title":" Connection 和 Channel 详解","dateCreated":1597397392643,"lastAccessed":"2020-08-14T09:29:52.644Z","lastUpdated":"2020-08-14T09:34:09.949Z","notebookId":"HyBcF0mMv","body":{"blocks":[{"key":"ag6qs","text":" Connection 和 Channel 详解","type":"header-one","depth":0,"inlineStyleRanges":[],"entityRanges":[],"data":{}},{"key":"44okv","text":"","type":"divider","depth":0,"inlineStyleRanges":[],"entityRanges":[],"data":{}},{"key":"9jo7h","text":"","type":"unstyled","depth":0,"inlineStyleRanges":[],"entityRanges":[],"data":{}},{"key":"805uv","text":"我们知道无论是生产者还是消费者，都需要和 RabbitMQ Broker 建立连接，这个连接就是一条 TCP 连接，也就是 Connection。","type":"unstyled","depth":0,"inlineStyleRanges":[],"entityRanges":[],"data":{}},{"key":"2rnoa","text":"","type":"unstyled","depth":0,"inlineStyleRanges":[],"entityRanges":[],"data":{}},{"key":"emc76","text":"一旦 TCP 连接建立起来，客户端紧接着可以创建一个 AMQP 信道（Channel），每个信道都会被指派一个唯一的 ID。","type":"unstyled","depth":0,"inlineStyleRanges":[],"entityRanges":[],"data":{}},{"key":"a359j","text":"","type":"unstyled","depth":0,"inlineStyleRanges":[],"entityRanges":[],"data":{}},{"key":"fbok1","text":"信道是建立在 Connection 之上的虚拟连接，RabbitMQ 处理的每条 AMQP 指令都是通过信道完成的。","type":"unstyled","depth":0,"inlineStyleRanges":[],"entityRanges":[],"data":{}},{"key":"5n6oq","text":"","type":"unstyled","depth":0,"inlineStyleRanges":[],"entityRanges":[],"data":{}},{"key":"3sanl","text":"","type":"unstyled","depth":0,"inlineStyleRanges":[],"entityRanges":[],"data":{}},{"key":"3e2ir","text":" ","type":"atomic","depth":0,"inlineStyleRanges":[],"entityRanges":[{"offset":0,"length":1,"key":0}],"data":{}},{"key":"1nk8d","text":"","type":"unstyled","depth":0,"inlineStyleRanges":[],"entityRanges":[],"data":{}},{"key":"84un3","text":"我们完全可以使用 Connection 就能完成信道的工作，为什么还要引入信道呢？","type":"unstyled","depth":0,"inlineStyleRanges":[],"entityRanges":[],"data":{}},{"key":"9dmno","text":"","type":"unstyled","depth":0,"inlineStyleRanges":[],"entityRanges":[],"data":{}},{"key":"8gdbm","text":"试想这样一个场景，一个应用程序中有很多个线程需要从 RabbitMQ 中消费消息，或者生产消息，那么必然需要建立很多个 Connection，也就是多个 TCP 连接。","type":"unstyled","depth":0,"inlineStyleRanges":[],"entityRanges":[],"data":{}},{"key":"6j355","text":"","type":"unstyled","depth":0,"inlineStyleRanges":[],"entityRanges":[],"data":{}},{"key":"17oko","text":"然而对于操作系统而言，建立和销毁 TCP 连接是非常昂贵的开销，如果遇到使用高峰，性能瓶颈也随之显现。","type":"unstyled","depth":0,"inlineStyleRanges":[],"entityRanges":[],"data":{}},{"key":"al9j1","text":"","type":"unstyled","depth":0,"inlineStyleRanges":[],"entityRanges":[],"data":{}},{"key":"6cie7","text":"RabbitMQ 采用类似 NIO（Non-blocking I/O）的做法，选择 TCP 连接复用，不仅可以减少性能开销，同时也便于管理。","type":"unstyled","depth":0,"inlineStyleRanges":[],"entityRanges":[],"data":{}},{"key":"5uueo","text":"","type":"unstyled","depth":0,"inlineStyleRanges":[],"entityRanges":[],"data":{}},{"key":"du3g9","text":" ","type":"unstyled","depth":0,"inlineStyleRanges":[],"entityRanges":[],"data":{}},{"key":"26vl7","text":"每个线程把持一个信道，所以信道复用了 Connection 的 TCP 连接。同时 RabbitMQ 可以确保每个线程的私密性，就像拥有独立的连接一样。当每个信道的流量不是很大时，复用单一的 Connection 可以在产生性能瓶颈的情况下有效地节省 TCP 连接资源。但是信道本身的流量很大时，这时候多个信道复用一个 Connection 就会产生性能瓶颈，进而使整体的流量被限制了。此时就需要开辟多个 Connection，将这些信道均摊到这些 Connection 中，至于这些相关的调优策略需要根据业务自身的实际情况进行调节。","type":"unstyled","depth":0,"inlineStyleRanges":[],"entityRanges":[],"data":{}},{"key":"10stl","text":"","type":"unstyled","depth":0,"inlineStyleRanges":[],"entityRanges":[],"data":{}},{"key":"5pv46","text":" ","type":"unstyled","depth":0,"inlineStyleRanges":[],"entityRanges":[],"data":{}},{"key":"8tt5n","text":"信道在 AMQP 中是一个很重要的概念，大多数操作都是在信道这个层面展开的。","type":"unstyled","depth":0,"inlineStyleRanges":[],"entityRanges":[],"data":{}},{"key":"6vhv7","text":"","type":"unstyled","depth":0,"inlineStyleRanges":[],"entityRanges":[],"data":{}},{"key":"3loee","text":"比如 channel.exchangeDeclare、channel.queueDeclare、channel.basicPublish、channel.basicConsume 等方法。","type":"unstyled","depth":0,"inlineStyleRanges":[],"entityRanges":[],"data":{}},{"key":"biqun","text":"","type":"unstyled","depth":0,"inlineStyleRanges":[],"entityRanges":[],"data":{}},{"key":"3oosj","text":"RabbitMQ 相关的 API 与 AMQP 紧密相连，比如 channel.basicPublish 对应 AMQP 的 Basic.Publish 命令。","type":"unstyled","depth":0,"inlineStyleRanges":[],"entityRanges":[],"data":{}},{"key":"97eq8","text":"","type":"unstyled","depth":0,"inlineStyleRanges":[],"entityRanges":[],"data":{}},{"key":"bogpu","text":" ","type":"unstyled","depth":0,"inlineStyleRanges":[],"entityRanges":[],"data":{}},{"key":"6g5p9","text":"名词解释：","type":"unstyled","depth":0,"inlineStyleRanges":[],"entityRanges":[],"data":{}},{"key":"kgef","text":"NIO，也称非阻塞 I/O，包含三大核心部分：Channel（信道）、Buffer（缓冲区）和 Selector（选择器）。","type":"unstyled","depth":0,"inlineStyleRanges":[],"entityRanges":[],"data":{}},{"key":"buc51","text":"","type":"unstyled","depth":0,"inlineStyleRanges":[],"entityRanges":[],"data":{}},{"key":"8gmcb","text":"NIO 基于 Channel 和 Buffer 进行操作，数据总是从信道读取数据到缓冲区中，或者从缓冲区写入到信道中。","type":"unstyled","depth":0,"inlineStyleRanges":[],"entityRanges":[],"data":{}},{"key":"84og4","text":"","type":"unstyled","depth":0,"inlineStyleRanges":[],"entityRanges":[],"data":{}},{"key":"e0c8u","text":"Selector 用于监听多个信道的时间（比如连接打开，数据到达等）。因此，单线程可以监听多个数据的信道。","type":"unstyled","depth":0,"inlineStyleRanges":[],"entityRanges":[],"data":{}},{"key":"40ug8","text":"","type":"unstyled","depth":0,"inlineStyleRanges":[],"entityRanges":[],"data":{}}],"entityMap":{"0":{"type":"image","mutability":"IMMUTABLE","data":{"src":"https://img2018.cnblogs.com/blog/696188/201901/696188-20190127151121052-1828578725.png","width":96,"alignment":"default"}}}},"tags":[]}
