{"_id":"rkPRYaqPw","title":"RabbitMQ（一）：RabbitMQ快速入门","dateCreated":1603094991131,"lastAccessed":"2020-10-19T08:09:51.131Z","lastUpdated":"2020-10-19T08:10:31.738Z","notebookId":"HyBcF0mMv","body":{"blocks":[{"key":"ag6qs","text":"RabbitMQ（一）：RabbitMQ快速入门","type":"header-two","depth":0,"inlineStyleRanges":[],"entityRanges":[],"data":{}},{"key":"e0qi","text":"","type":"unstyled","depth":0,"inlineStyleRanges":[],"entityRanges":[],"data":{}},{"key":"9j86m","text":"RabbitMQ是目前非常热门的一款消息中间件，不管是互联网大厂还是中小企业都在大量使用。作为一名合格的开发者，有必要对RabbitMQ有所了解，本文是RabbitMQ快速入门文章，主要内容包括RabbitMQ是什么、RabbitMQ核心概念、常用交换器类型、用Docker安装RabbitMQ等。","type":"unstyled","depth":0,"inlineStyleRanges":[],"entityRanges":[],"data":{}},{"key":"6u4jd","text":"","type":"unstyled","depth":0,"inlineStyleRanges":[],"entityRanges":[],"data":{}},{"key":"cft45","text":"RabbitMQ简介","type":"unstyled","depth":0,"inlineStyleRanges":[],"entityRanges":[],"data":{}},{"key":"6vafk","text":"以熟悉的电商场景为例，如果商品服务和订单服务是两个不同的微服务，在下单的过程中订单服务需要调用商品服务进行扣库存操作。按照传统的方式，下单过程要等到调用完毕之后才能返回下单成功，如果网络产生波动等原因使得商品服务扣库存延迟或者失败，会带来较差的用户体验，如果在高并发的场景下，这样的处理显然是不合适的，那怎么进行优化呢？这就需要消息队列登场了。","type":"unstyled","depth":0,"inlineStyleRanges":[],"entityRanges":[],"data":{}},{"key":"cpmsp","text":"","type":"unstyled","depth":0,"inlineStyleRanges":[],"entityRanges":[],"data":{}},{"key":"dvm96","text":"消息队列提供一个异步通信机制，消息的发送者不必一直等待到消息被成功处理才返回，而是立即返回。消息中间件负责处理网络通信，如果网络连接不可用，消息被暂存于队列当中，当网络畅通的时候在将消息转发给相应的应用程序或者服务，当然前提是这些服务订阅了该队列。如果在商品服务和订单服务之间使用消息中间件，既可以提高并发量，又降低服务之间的耦合度。","type":"unstyled","depth":0,"inlineStyleRanges":[{"offset":8,"length":6,"style":"INLINECODE"}],"entityRanges":[],"data":{}},{"key":"aajjb","text":"","type":"unstyled","depth":0,"inlineStyleRanges":[],"entityRanges":[],"data":{}},{"key":"430t","text":"RabbitMQ就是这样一款我们苦苦追寻的消息队列。RabbitMQ是一个开源的消息代理的队列服务器，用来通过普通协议在完全不同的应用之间共享数据。","type":"unstyled","depth":0,"inlineStyleRanges":[],"entityRanges":[],"data":{}},{"key":"6q18","text":"","type":"unstyled","depth":0,"inlineStyleRanges":[],"entityRanges":[],"data":{}},{"key":"aubkg","text":"RabbitMQ是使用Erlang语言来编写的，并且RabbitMQ是基于AMQP协议的。Erlang语言在数据交互方面性能优秀，有着和原生Socket一样的延迟，这也是RabbitMQ高性能的原因所在。可谓“人如其名”，RabbitMQ像兔子一样迅速。","type":"unstyled","depth":0,"inlineStyleRanges":[],"entityRanges":[],"data":{}},{"key":"59kd9","text":"","type":"unstyled","depth":0,"inlineStyleRanges":[],"entityRanges":[],"data":{}}],"entityMap":{}},"tags":[]}
