{"_id":"Byk_AiL1u","title":"内存检查强力组合： valgrind和gdb","dateCreated":1611214439093,"lastAccessed":"2021-01-21T07:33:59.093Z","lastUpdated":"2021-01-21T07:34:26.684Z","notebookId":"SkoO2OlkD","body":{"blocks":[{"key":"ag6qs","text":"内存检查强力组合： valgrind和gdb","type":"header-one","depth":0,"inlineStyleRanges":[],"entityRanges":[],"data":{}},{"key":"59kd9","text":"","type":"unstyled","depth":0,"inlineStyleRanges":[],"entityRanges":[],"data":{}},{"key":"c15l0","text":"1. valgrind --vgdb=yes --vgdb-error=0  --leak-check=yes  可执行文件","type":"unstyled","depth":0,"inlineStyleRanges":[],"entityRanges":[],"data":{}},{"key":"dhr2b","text":"","type":"unstyled","depth":0,"inlineStyleRanges":[],"entityRanges":[],"data":{}},{"key":"bb3eb","text":"2. gdb  可执行文件","type":"unstyled","depth":0,"inlineStyleRanges":[],"entityRanges":[],"data":{}},{"key":"dqic5","text":"再输入： target remote | /usr/lib/valgrind/../../bin/vgdb --pid=进程号（valgrind运行的进程号）","type":"unstyled","depth":0,"inlineStyleRanges":[],"entityRanges":[],"data":{}}],"entityMap":{}},"tags":[]}
