{"_id":"ByO5xaWJP","title":"小知识","dateCreated":1594114191842,"lastAccessed":"2020-07-07T09:29:51.843Z","lastUpdated":"2020-09-23T11:24:12.286Z","notebookId":"SkoO2OlkD","body":{"blocks":[{"key":"ag6qs","text":"小知识","type":"header-one","depth":0,"inlineStyleRanges":[],"entityRanges":[],"data":{}},{"key":"8am7h","text":"","type":"divider","depth":0,"inlineStyleRanges":[],"entityRanges":[],"data":{}},{"key":"1f1no","text":"","type":"unstyled","depth":0,"inlineStyleRanges":[],"entityRanges":[],"data":{}},{"key":"59kd9","text":"反向ssh","type":"header-two","depth":0,"inlineStyleRanges":[{"offset":0,"length":5,"style":"BOLD"}],"entityRanges":[],"data":{}},{"key":"8r7l3","text":"client：","type":"unstyled","depth":0,"inlineStyleRanges":[{"offset":0,"length":7,"style":"BOLD"}],"entityRanges":[],"data":{}},{"key":"al42a","text":"ssh -NfR 12301:localhost:22 topsec@61.149.7.226 -p 12355","type":"custom-code-block-bash","depth":0,"inlineStyleRanges":[{"offset":9,"length":5,"style":"INLINECODE"},{"offset":28,"length":28,"style":"INLINECODE"},{"offset":15,"length":12,"style":"BOLD"}],"entityRanges":[],"data":{}},{"key":"8mdta","text":"","type":"custom-code-block-bash","depth":0,"inlineStyleRanges":[],"entityRanges":[],"data":{}},{"key":"lk06","text":"12301:server用于代理server的端口","type":"custom-code-block-bash","depth":0,"inlineStyleRanges":[{"offset":0,"length":5,"style":"BOLD"}],"entityRanges":[],"data":{}},{"key":"bjibt","text":"topsec@61.149.7.226 -p 12355：server对外的ssh服务","type":"custom-code-block-bash","depth":0,"inlineStyleRanges":[{"offset":0,"length":28,"style":"BOLD"}],"entityRanges":[],"data":{}},{"key":"477sp","text":"","type":"unstyled","depth":0,"inlineStyleRanges":[],"entityRanges":[],"data":{}},{"key":"agq43","text":"&& ||与函数的返回值(return、exit)的关系","type":"unstyled","depth":0,"inlineStyleRanges":[{"offset":0,"length":5,"style":"INLINECODE"},{"offset":13,"length":11,"style":"INLINECODE"}],"entityRanges":[],"data":{}},{"key":"e4jca","text":"","type":"unstyled","depth":0,"inlineStyleRanges":[],"entityRanges":[],"data":{}},{"key":"bhbrr","text":"&& 运算符:","type":"custom-code-block-vim","depth":0,"inlineStyleRanges":[{"offset":0,"length":7,"style":"BOLD"}],"entityRanges":[],"data":{}},{"key":"c25s1","text":"格式","type":"custom-code-block-vim","depth":0,"inlineStyleRanges":[],"entityRanges":[],"data":{}},{"key":"6ecvh","text":"","type":"custom-code-block-vim","depth":0,"inlineStyleRanges":[],"entityRanges":[],"data":{}},{"key":"7cfjl","text":"command1  && command2","type":"custom-code-block-vim","depth":0,"inlineStyleRanges":[],"entityRanges":[],"data":{}},{"key":"9qvev","text":"&&左边的命令（command1）返回真(即返回0，成功被执行）后，&&右边的命令（command2）才能够被执行；换句话说，“如果这个命令执行成功&&那么执行这个命令”。","type":"custom-code-block-vim","depth":0,"inlineStyleRanges":[{"offset":24,"length":1,"style":"BOLD"}],"entityRanges":[],"data":{}},{"key":"9eccp","text":"语法格式如下：","type":"custom-code-block-vim","depth":0,"inlineStyleRanges":[],"entityRanges":[],"data":{}},{"key":"cq9rr","text":"","type":"custom-code-block-vim","depth":0,"inlineStyleRanges":[],"entityRanges":[],"data":{}},{"key":"fk7rg","text":"command1 && command2 && command3 ...","type":"custom-code-block-vim","depth":0,"inlineStyleRanges":[],"entityRanges":[],"data":{}},{"key":"7e6rf","text":"命令之间使用 && 连接，实现逻辑与的功能。","type":"custom-code-block-vim","depth":0,"inlineStyleRanges":[],"entityRanges":[],"data":{}},{"key":"6lpjo","text":"只有在 && 左边的命令返回真（命令返回值 $? == 0），&& 右边的命令才会被执行。","type":"custom-code-block-vim","depth":0,"inlineStyleRanges":[],"entityRanges":[],"data":{}},{"key":"bfvua","text":"只要有一个命令返回假（命令返回值 $? == 1），后面的命令就不会被执行。","type":"custom-code-block-vim","depth":0,"inlineStyleRanges":[],"entityRanges":[],"data":{}},{"key":"cu4hk","text":"示例1中，cp命令首先从root的家目录复制文件文件anaconda-ks.cfg到 /data目录下；执行成功后，使用 rm 命令删除源文件；如果删除成功则输出提示信息\"SUCCESS\"。","type":"custom-code-block-vim","depth":0,"inlineStyleRanges":[],"entityRanges":[],"data":{}},{"key":"8kvd0","text":"","type":"custom-code-block-vim","depth":0,"inlineStyleRanges":[],"entityRanges":[],"data":{}},{"key":"d34dn","text":"|| 运算符:","type":"custom-code-block-vim","depth":0,"inlineStyleRanges":[{"offset":0,"length":7,"style":"BOLD"}],"entityRanges":[],"data":{}},{"key":"ancls","text":"格式","type":"custom-code-block-vim","depth":0,"inlineStyleRanges":[],"entityRanges":[],"data":{}},{"key":"eaies","text":"","type":"custom-code-block-vim","depth":0,"inlineStyleRanges":[],"entityRanges":[],"data":{}},{"key":"bspbj","text":"command1 || command2","type":"custom-code-block-vim","depth":0,"inlineStyleRanges":[],"entityRanges":[],"data":{}},{"key":"5qdc6","text":"||则与&&相反。如果||左边的命令（command1）未执行成功，那么就执行||右边的命令（command2）；或者换句话说，“如果这个命令执行失败了||那么就执行这个命令。","type":"custom-code-block-vim","depth":0,"inlineStyleRanges":[],"entityRanges":[],"data":{}},{"key":"13r7b","text":"","type":"custom-code-block-vim","depth":0,"inlineStyleRanges":[],"entityRanges":[],"data":{}},{"key":"ah6km","text":"命令之间使用 || 连接，实现逻辑或的功能。","type":"custom-code-block-vim","depth":0,"inlineStyleRanges":[],"entityRanges":[],"data":{}},{"key":"e1ifl","text":"","type":"custom-code-block-vim","depth":0,"inlineStyleRanges":[],"entityRanges":[],"data":{}},{"key":"712og","text":"只有在 || 左边的命令返回假（命令返回值 $? == 1），|| 右边的命令才会被执行。这和 c 语言中的逻辑或语法功能相同，即实现短路逻辑或操作。","type":"custom-code-block-vim","depth":0,"inlineStyleRanges":[],"entityRanges":[],"data":{}},{"key":"euef7","text":"","type":"custom-code-block-vim","depth":0,"inlineStyleRanges":[],"entityRanges":[],"data":{}},{"key":"57nnp","text":"只要有一个命令返回真（命令返回值 $? == 0），后面的命令就不会被执行。","type":"custom-code-block-vim","depth":0,"inlineStyleRanges":[],"entityRanges":[],"data":{}},{"key":"6rj6c","text":"","type":"custom-code-block-vim","depth":0,"inlineStyleRanges":[],"entityRanges":[],"data":{}},{"key":"4333r","text":"总计如下:","type":"unstyled","depth":0,"inlineStyleRanges":[],"entityRanges":[],"data":{}},{"key":"6t6k8","text":"command1  && command2 、command1 || command2","type":"custom-code-block-vim","depth":0,"inlineStyleRanges":[],"entityRanges":[],"data":{}},{"key":"b3p6a","text":"&& || 判断的返回值的标准，返回值为0 表示true 否则为false，即$?==0为true，$?==1为false","type":"custom-code-block-vim","depth":0,"inlineStyleRanges":[{"offset":24,"length":5,"style":"INLINECODE"},{"offset":32,"length":5,"style":"INLINECODE"},{"offset":45,"length":4,"style":"INLINECODE"},{"offset":56,"length":5,"style":"INLINECODE"},{"offset":39,"length":5,"style":"BOLD"},{"offset":45,"length":5,"style":"BOLD"},{"offset":56,"length":5,"style":"BOLD"}],"entityRanges":[],"data":{}},{"key":"64n0r","text":"true和false不能作为函数的返回值，即return true 是错误的","type":"blockquote","depth":0,"inlineStyleRanges":[{"offset":0,"length":38,"style":"INLINECODE"},{"offset":0,"length":38,"style":"BOLD"}],"entityRanges":[],"data":{}}],"entityMap":{}},"tags":[]}
