{"_id":"H1GIXLMzO","title":"awk使用shell变量及shell使用awk中的变量","dateCreated":1614074698065,"lastAccessed":"2021-02-23T10:04:58.066Z","lastUpdated":"2021-02-24T03:55:04.115Z","notebookId":"SkoO2OlkD","body":{"blocks":[{"key":"ag6qs","text":"awk使用shell变量及shell使用awk中的变量","type":"header-one","depth":0,"inlineStyleRanges":[],"entityRanges":[],"data":{}},{"key":"llpf","text":"","type":"divider","depth":0,"inlineStyleRanges":[],"entityRanges":[],"data":{}},{"key":"7es3b","text":"","type":"unstyled","depth":0,"inlineStyleRanges":[],"entityRanges":[],"data":{}},{"key":"59kd9","text":"在写shell脚本时，经常会使用到awk程序。但是有些复杂的逻辑，可能需要在awk中使用在shell中定义的变量，而且awk程序处理之后，产生的中间变量，还需要在shell中继续处理。","type":"unstyled","depth":0,"inlineStyleRanges":[],"entityRanges":[],"data":{}},{"key":"2i6pi","text":"","type":"unstyled","depth":0,"inlineStyleRanges":[],"entityRanges":[],"data":{}},{"key":"6cf3b","text":"","type":"unstyled","depth":0,"inlineStyleRanges":[],"entityRanges":[],"data":{}},{"key":"d558m","text":"一、那如何在awk中使用在shell中定义的变量呢？","type":"unstyled","depth":0,"inlineStyleRanges":[],"entityRanges":[],"data":{}},{"key":"5ha5p","text":"","type":"unstyled","depth":0,"inlineStyleRanges":[],"entityRanges":[],"data":{}},{"key":"13fmo","text":"方法一：使用\"'把shell变量包起来，即\"'$var'\"；注意是“双引号+单引号+shell变量+单引号+双引号”的格式。","type":"unstyled","depth":0,"inlineStyleRanges":[{"offset":0,"length":3,"style":"BOLD"},{"offset":4,"length":58,"style":"INLINECODE"}],"entityRanges":[],"data":{}},{"key":"a8uld","text":"","type":"unstyled","depth":0,"inlineStyleRanges":[],"entityRanges":[],"data":{}},{"key":"cdkui","text":"这种写法大家无需改变用'括起awk程序的习惯,是老外常用的写法；这种写法其实际是双括号变为单括号的常量,传递给了awk.","type":"unstyled","depth":0,"inlineStyleRanges":[],"entityRanges":[],"data":{}},{"key":"dck95","text":"例如：","type":"unstyled","depth":0,"inlineStyleRanges":[],"entityRanges":[],"data":{}},{"key":"5at24","text":"","type":"unstyled","depth":0,"inlineStyleRanges":[],"entityRanges":[],"data":{}},{"key":"ba01i","text":"var=\"abc\"","type":"custom-code-block-bash","depth":0,"inlineStyleRanges":[],"entityRanges":[],"data":{}},{"key":"cpue0","text":"","type":"custom-code-block-bash","depth":0,"inlineStyleRanges":[],"entityRanges":[],"data":{}},{"key":"djqf","text":"awk 'BEGIN{print \"'$var'\"}'","type":"custom-code-block-bash","depth":0,"inlineStyleRanges":[],"entityRanges":[],"data":{}},{"key":"1mf1j","text":"","type":"unstyled","depth":0,"inlineStyleRanges":[],"entityRanges":[],"data":{}},{"key":"5dlug","text":"","type":"unstyled","depth":0,"inlineStyleRanges":[],"entityRanges":[],"data":{}},{"key":"343rh","text":"方法二：和方法一类似，但使用\"'\"把shell变量包起来，即\"'\"$var\"'\"；注意是“双引号+单引号+双引号+shell变量+双引号+单引号+双引号”的格式。","type":"unstyled","depth":0,"inlineStyleRanges":[{"offset":4,"length":77,"style":"INLINECODE"}],"entityRanges":[],"data":{}},{"key":"ecs6d","text":"","type":"unstyled","depth":0,"inlineStyleRanges":[],"entityRanges":[],"data":{}},{"key":"c2toe","text":"如果变量的值中包含空格，为了shell不把空格作为分隔符，则应使用方法二。","type":"unstyled","depth":0,"inlineStyleRanges":[],"entityRanges":[],"data":{}},{"key":"2j3cc","text":"","type":"unstyled","depth":0,"inlineStyleRanges":[],"entityRanges":[],"data":{}},{"key":"22v19","text":"例如：","type":"unstyled","depth":0,"inlineStyleRanges":[],"entityRanges":[],"data":{}},{"key":"1thp4","text":"var=\"this a test\"","type":"custom-code-block-bash","depth":0,"inlineStyleRanges":[],"entityRanges":[],"data":{}},{"key":"ecug9","text":"","type":"custom-code-block-bash","depth":0,"inlineStyleRanges":[],"entityRanges":[],"data":{}},{"key":"5kbts","text":"awk 'BEGIN{print \"'\"$var\"'\"}'","type":"custom-code-block-bash","depth":0,"inlineStyleRanges":[],"entityRanges":[],"data":{}},{"key":"8q22i","text":"","type":"unstyled","depth":0,"inlineStyleRanges":[],"entityRanges":[],"data":{}},{"key":"e57cs","text":"","type":"unstyled","depth":0,"inlineStyleRanges":[],"entityRanges":[],"data":{}},{"key":"7a10a","text":"方法三：export变量，然后在awk中使用ENVIRON[\"var\"]形式获取环境变量的值","type":"unstyled","depth":0,"inlineStyleRanges":[{"offset":4,"length":42,"style":"INLINECODE"}],"entityRanges":[],"data":{}},{"key":"3b7lo","text":"","type":"unstyled","depth":0,"inlineStyleRanges":[],"entityRanges":[],"data":{}},{"key":"dhlv3","text":"例如：","type":"unstyled","depth":0,"inlineStyleRanges":[],"entityRanges":[],"data":{}},{"key":"bc9p2","text":"","type":"unstyled","depth":0,"inlineStyleRanges":[],"entityRanges":[],"data":{}},{"key":"7m5ac","text":"var=\"this a test\"; export var;","type":"custom-code-block-bash","depth":0,"inlineStyleRanges":[],"entityRanges":[],"data":{}},{"key":"4dgh6","text":"","type":"custom-code-block-bash","depth":0,"inlineStyleRanges":[],"entityRanges":[],"data":{}},{"key":"7lf7r","text":"awk 'BEGIN{print ENVIRON[\"var\"]}'  ","type":"custom-code-block-bash","depth":0,"inlineStyleRanges":[],"entityRanges":[],"data":{}},{"key":"110s0","text":"","type":"unstyled","depth":0,"inlineStyleRanges":[],"entityRanges":[],"data":{}},{"key":"elcn4","text":"","type":"unstyled","depth":0,"inlineStyleRanges":[],"entityRanges":[],"data":{}},{"key":"93rva","text":"方法四：使用awk -v选项；","type":"unstyled","depth":0,"inlineStyleRanges":[{"offset":4,"length":11,"style":"INLINECODE"}],"entityRanges":[],"data":{}},{"key":"5cbt5","text":"","type":"unstyled","depth":0,"inlineStyleRanges":[],"entityRanges":[],"data":{}},{"key":"a0m29","text":"当变量不是很多时，建议使用这种方式。","type":"unstyled","depth":0,"inlineStyleRanges":[],"entityRanges":[],"data":{}},{"key":"8ag5m","text":"","type":"unstyled","depth":0,"inlineStyleRanges":[],"entityRanges":[],"data":{}},{"key":"61eig","text":"例如：","type":"unstyled","depth":0,"inlineStyleRanges":[],"entityRanges":[],"data":{}},{"key":"8o1fh","text":"var=\"this a test\"","type":"custom-code-block-bash","depth":0,"inlineStyleRanges":[],"entityRanges":[],"data":{}},{"key":"ced1i","text":"","type":"custom-code-block-bash","depth":0,"inlineStyleRanges":[],"entityRanges":[],"data":{}},{"key":"asflm","text":"awk -v awkVar=\"$var\" 'BEGIN{print awkVar}'","type":"custom-code-block-bash","depth":0,"inlineStyleRanges":[],"entityRanges":[],"data":{}},{"key":"e0jas","text":"","type":"unstyled","depth":0,"inlineStyleRanges":[],"entityRanges":[],"data":{}},{"key":"1josg","text":"","type":"unstyled","depth":0,"inlineStyleRanges":[],"entityRanges":[],"data":{}},{"key":"412k","text":"二、那shell中如何使用awk程序中定义的变量呢？","type":"unstyled","depth":0,"inlineStyleRanges":[],"entityRanges":[],"data":{}},{"key":"35a6r","text":"","type":"unstyled","depth":0,"inlineStyleRanges":[],"entityRanges":[],"data":{}},{"key":"594kd","text":"“由awk向shell传递变量”，其思想无非是用awk(sed/perl等也是一样)输出若干条shell命令，然后再用shell去执行这些命令。","type":"unstyled","depth":0,"inlineStyleRanges":[],"entityRanges":[],"data":{}},{"key":"apfh9","text":"","type":"unstyled","depth":0,"inlineStyleRanges":[],"entityRanges":[],"data":{}},{"key":"fr7r","text":"例如：","type":"unstyled","depth":0,"inlineStyleRanges":[],"entityRanges":[],"data":{}},{"key":"8fu3t","text":"eval $(awk 'BEGIN{print \"var1='str1';var2='str2'\"}')","type":"custom-code-block-bash","depth":0,"inlineStyleRanges":[],"entityRanges":[],"data":{}},{"key":"5rm5t","text":"或者","type":"custom-code-block-bash","depth":0,"inlineStyleRanges":[],"entityRanges":[],"data":{}},{"key":"9pmjs","text":"eval $(awk '{printf(\"var1=%s; var2=%s; var3=%s;\",$1,$2,$3)}' abc.txt)","type":"custom-code-block-bash","depth":0,"inlineStyleRanges":[],"entityRanges":[],"data":{}},{"key":"u299","text":"","type":"unstyled","depth":0,"inlineStyleRanges":[],"entityRanges":[],"data":{}},{"key":"7b5ma","text":"之后可以在当前shell中使用var1,var2等变量了。","type":"unstyled","depth":0,"inlineStyleRanges":[],"entityRanges":[],"data":{}},{"key":"2sduk","text":"echo \"var1=$var1 ----- var2=$var2\"","type":"unstyled","depth":0,"inlineStyleRanges":[],"entityRanges":[],"data":{}},{"key":"bfmj1","text":"","type":"unstyled","depth":0,"inlineStyleRanges":[],"entityRanges":[],"data":{}},{"key":"1ssrh","text":"","type":"unstyled","depth":0,"inlineStyleRanges":[],"entityRanges":[],"data":{}},{"key":"30i1j","text":"三、一个检测磁盘空间使用情况的脚本的例子","type":"unstyled","depth":0,"inlineStyleRanges":[],"entityRanges":[],"data":{}},{"key":"f1jj2","text":"","type":"unstyled","depth":0,"inlineStyleRanges":[],"entityRanges":[],"data":{}},{"key":"7lhla","text":"#!/bin/sh","type":"unstyled","depth":0,"inlineStyleRanges":[],"entityRanges":[],"data":{}},{"key":"blveb","text":"#文件系统名字","type":"unstyled","depth":0,"inlineStyleRanges":[],"entityRanges":[],"data":{}},{"key":"5vcdq","text":"FILE_SYSTEM_NAME=\"rootfs\"","type":"unstyled","depth":0,"inlineStyleRanges":[],"entityRanges":[],"data":{}},{"key":"6fq18","text":"","type":"unstyled","depth":0,"inlineStyleRanges":[],"entityRanges":[],"data":{}},{"key":"3eidb","text":"#文件系统挂在的目录","type":"unstyled","depth":0,"inlineStyleRanges":[],"entityRanges":[],"data":{}},{"key":"ecr4i","text":"MOUNTED_ON=\"/\"","type":"unstyled","depth":0,"inlineStyleRanges":[],"entityRanges":[],"data":{}},{"key":"cmk4g","text":"","type":"unstyled","depth":0,"inlineStyleRanges":[],"entityRanges":[],"data":{}},{"key":"6l0h3","text":"# shell命令使用awk中定义的变量spaceSize","type":"unstyled","depth":0,"inlineStyleRanges":[],"entityRanges":[],"data":{}},{"key":"f8485","text":"eval $(df -P | awk '$1==\"'\"$FILE_SYSTEM_NAME\"'\" && $6==\"'$MOUNTED_ON'\" {printf(\"spaceSize=%s;\",$5)}')","type":"unstyled","depth":0,"inlineStyleRanges":[],"entityRanges":[],"data":{}},{"key":"37n1q","text":"echo \"主磁盘的使用空间为$spaceSize\"","type":"unstyled","depth":0,"inlineStyleRanges":[],"entityRanges":[],"data":{}},{"key":"fjgtj","text":"","type":"unstyled","depth":0,"inlineStyleRanges":[],"entityRanges":[],"data":{}},{"key":"418a4","text":"spaceSize=`echo $spaceSize | cut -d% -f1`","type":"unstyled","depth":0,"inlineStyleRanges":[],"entityRanges":[],"data":{}},{"key":"4d8kr","text":"if [ aa$spaceSize = \"aa\" ]; then","type":"unstyled","depth":0,"inlineStyleRanges":[],"entityRanges":[],"data":{}},{"key":"efj7t","text":"    spaceSize=-1","type":"unstyled","depth":0,"inlineStyleRanges":[],"entityRanges":[],"data":{}},{"key":"c2n2p","text":"fi","type":"unstyled","depth":0,"inlineStyleRanges":[],"entityRanges":[],"data":{}},{"key":"c8bga","text":"","type":"unstyled","depth":0,"inlineStyleRanges":[],"entityRanges":[],"data":{}},{"key":"cnpg0","text":"if [ $spaceSize -le 85 ]; then","type":"unstyled","depth":0,"inlineStyleRanges":[],"entityRanges":[],"data":{}},{"key":"8utgf","text":"    echo '主磁盘的使用空间充足'","type":"unstyled","depth":0,"inlineStyleRanges":[],"entityRanges":[],"data":{}},{"key":"8skth","text":"elif [ $spaceSize -eq -1 ]; then","type":"unstyled","depth":0,"inlineStyleRanges":[],"entityRanges":[],"data":{}},{"key":"26hgu","text":"    echo '没有找到主磁盘使用空间，请检查脚本'","type":"unstyled","depth":0,"inlineStyleRanges":[],"entityRanges":[],"data":{}},{"key":"447al","text":"else","type":"unstyled","depth":0,"inlineStyleRanges":[],"entityRanges":[],"data":{}},{"key":"34gt2","text":"    echo '主磁盘的使用空间超过阈值'","type":"unstyled","depth":0,"inlineStyleRanges":[],"entityRanges":[],"data":{}},{"key":"25kdu","text":"fi","type":"unstyled","depth":0,"inlineStyleRanges":[],"entityRanges":[],"data":{}},{"key":"c94un","text":"","type":"unstyled","depth":0,"inlineStyleRanges":[],"entityRanges":[],"data":{}},{"key":"b41ls","text":"","type":"unstyled","depth":0,"inlineStyleRanges":[],"entityRanges":[],"data":{}},{"key":"cqk0r","text":"shell脚本，awk实现跳过文件里面的空行","type":"header-three","depth":0,"inlineStyleRanges":[{"offset":0,"length":22,"style":"BOLD"}],"entityRanges":[],"data":{}},{"key":"2ds0b","text":"","type":"divider","depth":0,"inlineStyleRanges":[],"entityRanges":[],"data":{}},{"key":"a2ott","text":"1.用awk '{if(!NF ){next}}1' file11 实现对文件里面的空行进行跳过操作，并输出结果。","type":"unstyled","depth":0,"inlineStyleRanges":[{"offset":3,"length":30,"style":"INLINECODE"}],"entityRanges":[],"data":{}},{"key":"4sji7","text":"  awk '{if(!NF || /^#/){n2.ext}}1' file11 实现对文件里面的空行和#开头的行进行跳过操作，并输出结果。","type":"unstyled","depth":0,"inlineStyleRanges":[{"offset":1,"length":24,"style":"INLINECODE"},{"offset":27,"length":14,"style":"INLINECODE"}],"entityRanges":[],"data":{}}],"entityMap":{}},"tags":[]}
