{"_id":"H1KCEEnyP","title":"shell中eval的使用问题","dateCreated":1594799313100,"lastAccessed":"2020-07-15T07:48:33.102Z","lastUpdated":"2020-07-15T09:47:58.406Z","notebookId":"SkoO2OlkD","body":{"blocks":[{"key":"ag6qs","text":"shell中eval的使用问题","type":"header-one","depth":0,"inlineStyleRanges":[],"entityRanges":[],"data":{}},{"key":"2amln","text":"","type":"unstyled","depth":0,"inlineStyleRanges":[],"entityRanges":[],"data":{}},{"key":"7vt32","text":"转载：http://www.blogjava.net/jasmine214--love/archive/2010/11/26/339106.html","type":"unstyled","depth":0,"inlineStyleRanges":[],"entityRanges":[],"data":{}},{"key":"3a23e","text":"","type":"unstyled","depth":0,"inlineStyleRanges":[],"entityRanges":[],"data":{}},{"key":"f4m4","text":"本文将会讲解一些linux中命令的使用与技巧希望对新手给予帮助","type":"unstyled","depth":0,"inlineStyleRanges":[],"entityRanges":[],"data":{}},{"key":"fkm33","text":" eval命令将会首先扫描命令行进行所有的置换，然后再执行该命令。该命令适用于那些一次扫描无法实现其功能的变量。该命令对变量进行两次扫描。这些需要进行两次扫描的变量有时被称为复杂变量。不过这些变量本身并不复杂。","type":"ordered-list-item","depth":0,"inlineStyleRanges":[{"offset":0,"length":1,"style":"BOLD"}],"entityRanges":[],"data":{}},{"key":"3tol9","text":"","type":"unstyled","depth":0,"inlineStyleRanges":[],"entityRanges":[],"data":{}},{"key":"3vn0o","text":"eval命令也可以用于回显简单变量，不一定是复杂变量。","type":"unordered-list-item","depth":0,"inlineStyleRanges":[{"offset":0,"length":27,"style":"BOLD"}],"entityRanges":[],"data":{}},{"key":"1t68l","text":"[neau@mail ~]$ NAME=VALUEBANK","type":"custom-code-block-bash","depth":0,"inlineStyleRanges":[],"entityRanges":[],"data":{}},{"key":"c2b6a","text":"[neau@mail ~]$  VALUEBANK","type":"custom-code-block-bash","depth":0,"inlineStyleRanges":[],"entityRanges":[],"data":{}},{"key":"1vfap","text":"[neau@mail ~]$ echo $NAME","type":"custom-code-block-bash","depth":0,"inlineStyleRanges":[],"entityRanges":[],"data":{}},{"key":"1tkpr","text":"VALUEBANK","type":"custom-code-block-bash","depth":0,"inlineStyleRanges":[],"entityRanges":[],"data":{}},{"key":"2b9ha","text":"执行含有字符串的命令","type":"unordered-list-item","depth":0,"inlineStyleRanges":[{"offset":0,"length":10,"style":"BOLD"}],"entityRanges":[],"data":{}},{"key":"5ol6p","text":"首先我们首先创建一个名为test的小文件，在这个小文件中含有一些文本。接着，将cat test赋给变量myfile，现在我们echo该变量，看看是否能够执行上述命令。","type":"unstyled","depth":0,"inlineStyleRanges":[],"entityRanges":[],"data":{}},{"key":"e5l8i","text":"[neau@mail ~]$ vi test","type":"custom-code-block-bash","depth":0,"inlineStyleRanges":[],"entityRanges":[],"data":{}},{"key":"tagl","text":"[neau@mail ~]$ cat test","type":"custom-code-block-bash","depth":0,"inlineStyleRanges":[],"entityRanges":[],"data":{}},{"key":"3cl3p","text":"Hello World!!!","type":"custom-code-block-bash","depth":0,"inlineStyleRanges":[],"entityRanges":[],"data":{}},{"key":"j7if","text":"I am a chinese Boy!","type":"custom-code-block-bash","depth":0,"inlineStyleRanges":[],"entityRanges":[],"data":{}},{"key":"3d27t","text":"将cat testf赋给变量myfile","type":"unstyled","depth":0,"inlineStyleRanges":[],"entityRanges":[],"data":{}},{"key":"9asfl","text":"[neau@mail ~]$ myfile=\"cat test\"","type":"custom-code-block-bash","depth":0,"inlineStyleRanges":[],"entityRanges":[],"data":{}},{"key":"b5r1a","text":"如果我们echo该变量，我们将无法列出test文件中的内容。","type":"unstyled","depth":0,"inlineStyleRanges":[],"entityRanges":[],"data":{}},{"key":"dscmk","text":"[neau@mail ~]$ echo $myfile","type":"custom-code-block-bash","depth":0,"inlineStyleRanges":[],"entityRanges":[],"data":{}},{"key":"8l056","text":"cat test","type":"custom-code-block-bash","depth":0,"inlineStyleRanges":[],"entityRanges":[],"data":{}},{"key":"7s6pm","text":"让我们来试一下e v a l命令，记住e v a l命令将会对该变量进行两次扫瞄。","type":"unstyled","depth":0,"inlineStyleRanges":[],"entityRanges":[],"data":{}},{"key":"6ua9o","text":"[neau@mail ~]$  Hello World!!!","type":"custom-code-block-bash","depth":0,"inlineStyleRanges":[],"entityRanges":[],"data":{}},{"key":"bjdj7","text":"I am a chinese Boy!","type":"custom-code-block-bash","depth":0,"inlineStyleRanges":[],"entityRanges":[],"data":{}},{"key":"97qou","text":" ","type":"unstyled","depth":0,"inlineStyleRanges":[],"entityRanges":[],"data":{}},{"key":"b1bi5","text":"从上面的结果可以看出，使用eval命令不但可以置换该变量，还能够执行相应的命令。第","type":"unstyled","depth":0,"inlineStyleRanges":[],"entityRanges":[],"data":{}},{"key":"8ku26","text":"一次扫描进行了变量置换，第二次扫描执行了该字符串中所包含的命令cat test。","type":"unstyled","depth":0,"inlineStyleRanges":[],"entityRanges":[],"data":{}},{"key":"c3bml","text":"命令还可以用来显示出传递给脚本的最后一个参数","type":"unordered-list-item","depth":0,"inlineStyleRanges":[{"offset":0,"length":22,"style":"BOLD"}],"entityRanges":[],"data":{}},{"key":"c3bib","text":"[neau@mail ~]$ cat test1","type":"custom-code-block-bash","depth":0,"inlineStyleRanges":[],"entityRanges":[],"data":{}},{"key":"a5mm1","text":"#!/bin/bash","type":"custom-code-block-bash","depth":0,"inlineStyleRanges":[],"entityRanges":[],"data":{}},{"key":"8tkm2","text":"echo \"Total of the arguments passed $#\"","type":"custom-code-block-bash","depth":0,"inlineStyleRanges":[],"entityRanges":[],"data":{}},{"key":"4ba4r","text":"echo \"The process Id is $$\"","type":"custom-code-block-bash","depth":0,"inlineStyleRanges":[],"entityRanges":[],"data":{}},{"key":"eglnu","text":"echo \"Last argument os \"$( [neau@mail ~]$ ./test1 value bank test last","type":"custom-code-block-bash","depth":0,"inlineStyleRanges":[],"entityRanges":[],"data":{}},{"key":"4ogq9","text":"Total of the arguments passed 4","type":"custom-code-block-bash","depth":0,"inlineStyleRanges":[],"entityRanges":[],"data":{}},{"key":"507im","text":"The process Id is 21545","type":"custom-code-block-bash","depth":0,"inlineStyleRanges":[],"entityRanges":[],"data":{}},{"key":"8e6p2","text":"Last argument os last","type":"custom-code-block-bash","depth":0,"inlineStyleRanges":[],"entityRanges":[],"data":{}},{"key":"1q494","text":"","type":"unstyled","depth":0,"inlineStyleRanges":[],"entityRanges":[],"data":{}},{"key":"dtm83","text":"","type":"unstyled","depth":0,"inlineStyleRanges":[],"entityRanges":[],"data":{}},{"key":"51fj4","text":"在上面的脚本中， e v a l命令首先把 #解析为当前s h e l l的参数个数，然后在第二次扫描时","type":"unstyled","depth":0,"inlineStyleRanges":[],"entityRanges":[],"data":{}},{"key":"dt9i8","text":"得出最后一个参数。","type":"unstyled","depth":0,"inlineStyleRanges":[],"entityRanges":[],"data":{}},{"key":"2uhbn","text":"","type":"unstyled","depth":0,"inlineStyleRanges":[],"entityRanges":[],"data":{}},{"key":"273du","text":" 给每个值一个变量名","type":"unordered-list-item","depth":0,"inlineStyleRanges":[{"offset":0,"length":10,"style":"BOLD"}],"entityRanges":[],"data":{}},{"key":"drgqp","text":"可以给一个值一个变量名。下面我对此做些解释，假定有一个名为test2的文件：","type":"unstyled","depth":0,"inlineStyleRanges":[],"entityRanges":[],"data":{}},{"key":"a5k3m","text":"","type":"unstyled","depth":0,"inlineStyleRanges":[],"entityRanges":[],"data":{}},{"key":"9qhi3","text":"[neau@mail ~]$ cat test2","type":"custom-code-block-bash","depth":0,"inlineStyleRanges":[],"entityRanges":[],"data":{}},{"key":"7mtia","text":"CCTV 5","type":"custom-code-block-bash","depth":0,"inlineStyleRanges":[],"entityRanges":[],"data":{}},{"key":"4vsqp","text":"CHANGEL SPORTS","type":"custom-code-block-bash","depth":0,"inlineStyleRanges":[],"entityRanges":[],"data":{}},{"key":"d2dve","text":"LIKE YES","type":"custom-code-block-bash","depth":0,"inlineStyleRanges":[],"entityRanges":[],"data":{}},{"key":"c20c0","text":" ","type":"unstyled","depth":0,"inlineStyleRanges":[],"entityRanges":[],"data":{}},{"key":"7vnt6","text":"","type":"unstyled","depth":0,"inlineStyleRanges":[],"entityRanges":[],"data":{}},{"key":"fb975","text":"你希望该文件中的第一列成为变量名，第二列成为该变量的值，这样就可以:","type":"unstyled","depth":0,"inlineStyleRanges":[],"entityRanges":[],"data":{}},{"key":"5g458","text":"","type":"unstyled","depth":0,"inlineStyleRanges":[],"entityRanges":[],"data":{}},{"key":"dr0k5","text":"[neau@mail ~]$ cat test2","type":"custom-code-block-bash","depth":0,"inlineStyleRanges":[],"entityRanges":[],"data":{}},{"key":"83le2","text":"COMMANY TQ","type":"custom-code-block-bash","depth":0,"inlineStyleRanges":[],"entityRanges":[],"data":{}},{"key":"adin4","text":"LANGUE ENGLISH","type":"custom-code-block-bash","depth":0,"inlineStyleRanges":[],"entityRanges":[],"data":{}},{"key":"aci6a","text":"LIKE YES","type":"custom-code-block-bash","depth":0,"inlineStyleRanges":[],"entityRanges":[],"data":{}},{"key":"8nkl5","text":"[neau@mail ~]$ cat test3","type":"custom-code-block-bash","depth":0,"inlineStyleRanges":[],"entityRanges":[],"data":{}},{"key":"ff91m","text":"#!/bin/bash","type":"custom-code-block-bash","depth":0,"inlineStyleRanges":[],"entityRanges":[],"data":{}},{"key":"fn8ft","text":"while read NAME VALUE","type":"custom-code-block-bash","depth":0,"inlineStyleRanges":[],"entityRanges":[],"data":{}},{"key":"urio","text":"do","type":"custom-code-block-bash","depth":0,"inlineStyleRanges":[],"entityRanges":[],"data":{}},{"key":"1tj99","text":"done <test2","type":"custom-code-block-bash","depth":0,"inlineStyleRanges":[],"entityRanges":[],"data":{}},{"key":"abt6q","text":"echo \"$COMMANY $LANGUE $LIKE\"","type":"custom-code-block-bash","depth":0,"inlineStyleRanges":[],"entityRanges":[],"data":{}},{"key":"6v51g","text":"[neau@mail ~]$ ./test3","type":"custom-code-block-bash","depth":0,"inlineStyleRanges":[],"entityRanges":[],"data":{}},{"key":"fubq4","text":"TQ ENGLISH YES","type":"custom-code-block-bash","depth":0,"inlineStyleRanges":[],"entityRanges":[],"data":{}},{"key":"9ejs9","text":"","type":"unstyled","depth":0,"inlineStyleRanges":[],"entityRanges":[],"data":{}},{"key":"ddmkk","text":"转载自  http://www.blogjava.net/jasmine214--love/archive/2010/11/26/339106.html ","type":"unstyled","depth":0,"inlineStyleRanges":[],"entityRanges":[],"data":{}},{"key":"biq5h","text":"","type":"divider","depth":0,"inlineStyleRanges":[],"entityRanges":[],"data":{}},{"key":"6eo9r","text":"1. eval command-line","type":"unstyled","depth":0,"inlineStyleRanges":[],"entityRanges":[],"data":{}},{"key":"2e7c1","text":"","type":"unstyled","depth":0,"inlineStyleRanges":[],"entityRanges":[],"data":{}},{"key":"rom9","text":"其中command－line是在终端上键入的一条普通 命令行。然而当在它前面放上eval时，其结果是shell在执行命令行之前扫描它两次。如：","type":"unstyled","depth":0,"inlineStyleRanges":[],"entityRanges":[],"data":{}},{"key":"5m410","text":"","type":"unstyled","depth":0,"inlineStyleRanges":[],"entityRanges":[],"data":{}},{"key":"8acgu","text":"pipe=\"|\"","type":"custom-code-block-bash","depth":0,"inlineStyleRanges":[],"entityRanges":[],"data":{}},{"key":"quj4","text":"","type":"custom-code-block-bash","depth":0,"inlineStyleRanges":[],"entityRanges":[],"data":{}},{"key":"8heds","text":"eval ls $pipe wc -l","type":"custom-code-block-bash","depth":0,"inlineStyleRanges":[],"entityRanges":[],"data":{}},{"key":"7va56","text":"","type":"unstyled","depth":0,"inlineStyleRanges":[],"entityRanges":[],"data":{}},{"key":"cte66","text":"shell第1次扫描命令行时，它替换出pipe的 值｜，接着eval使它再次扫描命令行，这时shell把｜ 作为管道符号了。","type":"unstyled","depth":0,"inlineStyleRanges":[],"entityRanges":[],"data":{}},{"key":"4e7ia","text":"","type":"unstyled","depth":0,"inlineStyleRanges":[],"entityRanges":[],"data":{}},{"key":"1f0d4","text":"如果变量中包含任何需要shell直接在命令行中看到的字符（不是替换的结果），就可以使用eval。命令行结束符（；｜ &），I／o重 定向符（< >）和引号就属于对shell具有特殊意义的符号，必须直接出现在命令行中。","type":"unstyled","depth":0,"inlineStyleRanges":[],"entityRanges":[],"data":{}},{"key":"5tpo","text":"","type":"unstyled","depth":0,"inlineStyleRanges":[],"entityRanges":[],"data":{}},{"key":"1p8sf","text":"2. eval echo $$# 取得最后一个参数","type":"unstyled","depth":0,"inlineStyleRanges":[],"entityRanges":[],"data":{}},{"key":"b0shm","text":"","type":"unstyled","depth":0,"inlineStyleRanges":[],"entityRanges":[],"data":{}},{"key":"5ioi5","text":"如：cat last","type":"unstyled","depth":0,"inlineStyleRanges":[],"entityRanges":[],"data":{}},{"key":"4dov3","text":"","type":"unstyled","depth":0,"inlineStyleRanges":[],"entityRanges":[],"data":{}},{"key":"e4emp","text":"eval echo $$#","type":"unstyled","depth":0,"inlineStyleRanges":[],"entityRanges":[],"data":{}},{"key":"2m7i8","text":"","type":"unstyled","depth":0,"inlineStyleRanges":[],"entityRanges":[],"data":{}},{"key":"dhjf1","text":"./last one two three four","type":"unstyled","depth":0,"inlineStyleRanges":[],"entityRanges":[],"data":{}},{"key":"f4ptq","text":"","type":"unstyled","depth":0,"inlineStyleRanges":[],"entityRanges":[],"data":{}},{"key":"4p99v","text":"four","type":"unstyled","depth":0,"inlineStyleRanges":[],"entityRanges":[],"data":{}},{"key":"94dn8","text":"","type":"unstyled","depth":0,"inlineStyleRanges":[],"entityRanges":[],"data":{}},{"key":"2htc8","text":"第一遍扫描 后，shell把反斜杠去掉了。当shell再 次扫描该行时，它替换了$4的值，并执行echo命 令","type":"unstyled","depth":0,"inlineStyleRanges":[],"entityRanges":[],"data":{}},{"key":"591lv","text":"","type":"unstyled","depth":0,"inlineStyleRanges":[],"entityRanges":[],"data":{}},{"key":"9mg4k","text":"3.以下示意如何用eval命令创建指向变量的“指 针”：","type":"unstyled","depth":0,"inlineStyleRanges":[],"entityRanges":[],"data":{}},{"key":"c9r4o","text":"","type":"unstyled","depth":0,"inlineStyleRanges":[],"entityRanges":[],"data":{}},{"key":"3dm86","text":"x=100","type":"unstyled","depth":0,"inlineStyleRanges":[],"entityRanges":[],"data":{}},{"key":"aisgk","text":"","type":"unstyled","depth":0,"inlineStyleRanges":[],"entityRanges":[],"data":{}},{"key":"7hv34","text":"ptrx=x","type":"unstyled","depth":0,"inlineStyleRanges":[],"entityRanges":[],"data":{}},{"key":"7u800","text":"","type":"unstyled","depth":0,"inlineStyleRanges":[],"entityRanges":[],"data":{}},{"key":"29tnb","text":"eval echo $$ptrx 指向ptrx，用这里的方法可以理解b中的例 子","type":"unstyled","depth":0,"inlineStyleRanges":[],"entityRanges":[],"data":{}},{"key":"9i0vc","text":"","type":"unstyled","depth":0,"inlineStyleRanges":[],"entityRanges":[],"data":{}},{"key":"cs3ii","text":"100 打印100","type":"unstyled","depth":0,"inlineStyleRanges":[],"entityRanges":[],"data":{}},{"key":"7j25n","text":"","type":"unstyled","depth":0,"inlineStyleRanges":[],"entityRanges":[],"data":{}},{"key":"8s364","text":"eval $ptrx=50 将50存到ptrx指向的变量中。","type":"unstyled","depth":0,"inlineStyleRanges":[],"entityRanges":[],"data":{}},{"key":"6kbiq","text":"","type":"unstyled","depth":0,"inlineStyleRanges":[],"entityRanges":[],"data":{}},{"key":"dckl7","text":"echo $x","type":"unstyled","depth":0,"inlineStyleRanges":[],"entityRanges":[],"data":{}},{"key":"7tipq","text":"","type":"unstyled","depth":0,"inlineStyleRanges":[],"entityRanges":[],"data":{}},{"key":"4s0cs","text":"50 打印50","type":"unstyled","depth":0,"inlineStyleRanges":[],"entityRanges":[],"data":{}},{"key":"627nn","text":"","type":"unstyled","depth":0,"inlineStyleRanges":[],"entityRanges":[],"data":{}},{"key":"e6fdt","text":" ","type":"unstyled","depth":0,"inlineStyleRanges":[],"entityRanges":[],"data":{}},{"key":"76gf4","text":"","type":"unstyled","depth":0,"inlineStyleRanges":[],"entityRanges":[],"data":{}},{"key":"bjln3","text":"功能是：创建一个mkdircd函数（加在.bashrc文件中，可以创建一个mkdircd命令），用于创建新一个目录并同时cd到些目录中（很多情况下，我们创建一个新的目录后，总是要进入这个目录中，使用此命令可以在一个命令中完成此功能）。","type":"unstyled","depth":0,"inlineStyleRanges":[],"entityRanges":[],"data":{}},{"key":"cuccl","text":"","type":"unstyled","depth":0,"inlineStyleRanges":[],"entityRanges":[],"data":{}},{"key":"3fpvi","text":" ","type":"unstyled","depth":0,"inlineStyleRanges":[],"entityRanges":[],"data":{}},{"key":"5ptia","text":"","type":"unstyled","depth":0,"inlineStyleRanges":[],"entityRanges":[],"data":{}},{"key":"3tq4e","text":"看到代码时，不明白命令中eval的作用，后来查了一个资料，发现eval的功能如下：","type":"unstyled","depth":0,"inlineStyleRanges":[],"entityRanges":[],"data":{}},{"key":"9d8tj","text":"","type":"unstyled","depth":0,"inlineStyleRanges":[],"entityRanges":[],"data":{}},{"key":"cendj","text":"语法：eval cmdLine","type":"unstyled","depth":0,"inlineStyleRanges":[],"entityRanges":[],"data":{}},{"key":"dcqsi","text":"","type":"unstyled","depth":0,"inlineStyleRanges":[],"entityRanges":[],"data":{}},{"key":"1nsdr","text":"eval会对后面的cmdLine进行两遍扫描，如果第一遍扫描后，cmdLine是个普通命令，则执行此命令；如果cmdLine中含有变量的间接引用，则保证间接引用的语义。","type":"unstyled","depth":0,"inlineStyleRanges":[],"entityRanges":[],"data":{}},{"key":"bo5g7","text":"","type":"unstyled","depth":0,"inlineStyleRanges":[],"entityRanges":[],"data":{}},{"key":"e1at6","text":" ","type":"unstyled","depth":0,"inlineStyleRanges":[],"entityRanges":[],"data":{}},{"key":"c6eg7","text":"","type":"unstyled","depth":0,"inlineStyleRanges":[],"entityRanges":[],"data":{}},{"key":"av3hd","text":"举例如下：","type":"unstyled","depth":0,"inlineStyleRanges":[],"entityRanges":[],"data":{}},{"key":"btk0d","text":"","type":"unstyled","depth":0,"inlineStyleRanges":[],"entityRanges":[],"data":{}},{"key":"8rnon","text":"set 11 22 33 44","type":"unstyled","depth":0,"inlineStyleRanges":[],"entityRanges":[],"data":{}},{"key":"ajaqs","text":"","type":"unstyled","depth":0,"inlineStyleRanges":[],"entityRanges":[],"data":{}},{"key":"c1nr6","text":"如果要输出最近一个参数，即44，可以使用如下命令，","type":"unstyled","depth":0,"inlineStyleRanges":[],"entityRanges":[],"data":{}},{"key":"1nc21","text":"","type":"unstyled","depth":0,"inlineStyleRanges":[],"entityRanges":[],"data":{}},{"key":"efofi","text":"echo $4","type":"unstyled","depth":0,"inlineStyleRanges":[],"entityRanges":[],"data":{}},{"key":"7nn3o","text":"","type":"unstyled","depth":0,"inlineStyleRanges":[],"entityRanges":[],"data":{}},{"key":"ab5qc","text":"但是如果我们不知道有几个参数的时候，要输出最后一个参数，大家可能会想到使用$#来输出最后一个参数，","type":"unstyled","depth":0,"inlineStyleRanges":[],"entityRanges":[],"data":{}},{"key":"csp6k","text":"","type":"unstyled","depth":0,"inlineStyleRanges":[],"entityRanges":[],"data":{}},{"key":"3hmmr","text":"如果使用命令：","type":"unstyled","depth":0,"inlineStyleRanges":[],"entityRanges":[],"data":{}},{"key":"2o73v","text":"","type":"unstyled","depth":0,"inlineStyleRanges":[],"entityRanges":[],"data":{}},{"key":"aofu","text":"echo \"$$#\"","type":"unstyled","depth":0,"inlineStyleRanges":[],"entityRanges":[],"data":{}},{"key":"alnoe","text":"","type":"unstyled","depth":0,"inlineStyleRanges":[],"entityRanges":[],"data":{}},{"key":"bb4lh","text":"则得到的结果是 4，而不是我们想要的44。这里涉及到一个变量间接引用的问题，我们的本意是输出4，默认情况下，命令后忽略变量间接引用的情况。","type":"unstyled","depth":0,"inlineStyleRanges":[],"entityRanges":[],"data":{}},{"key":"dpi1l","text":"","type":"unstyled","depth":0,"inlineStyleRanges":[],"entityRanges":[],"data":{}},{"key":"4r9co","text":"这时候，就可以使用eval命令。","type":"unstyled","depth":0,"inlineStyleRanges":[],"entityRanges":[],"data":{}},{"key":"826cc","text":"","type":"unstyled","depth":0,"inlineStyleRanges":[],"entityRanges":[],"data":{}},{"key":"croh6","text":"eval echo \"$$#\"","type":"unstyled","depth":0,"inlineStyleRanges":[],"entityRanges":[],"data":{}},{"key":"dmgb1","text":"","type":"unstyled","depth":0,"inlineStyleRanges":[],"entityRanges":[],"data":{}},{"key":"fvv6m","text":"得到的结果为44","type":"unstyled","depth":0,"inlineStyleRanges":[],"entityRanges":[],"data":{}},{"key":"5clm5","text":"","type":"unstyled","depth":0,"inlineStyleRanges":[],"entityRanges":[],"data":{}},{"key":"1bbft","text":" 转载自：http://www.linuxso.com/shell/13692.html","type":"unstyled","depth":0,"inlineStyleRanges":[],"entityRanges":[],"data":{}},{"key":"dn1f0","text":"","type":"unstyled","depth":0,"inlineStyleRanges":[],"entityRanges":[],"data":{}},{"key":"4dr3i","text":" 一、bash命令处理的12个步骤；","type":"unstyled","depth":0,"inlineStyleRanges":[],"entityRanges":[],"data":{}},{"key":"at6u8","text":"","type":"unstyled","depth":0,"inlineStyleRanges":[],"entityRanges":[],"data":{}},{"key":"fpk1r","text":"","type":"unstyled","depth":0,"inlineStyleRanges":[],"entityRanges":[],"data":{}},{"key":"dh625","text":"1、将命令行分成由固定元字符集分隔的记号；","type":"unstyled","depth":0,"inlineStyleRanges":[],"entityRanges":[],"data":{}},{"key":"f85iq","text":"SPACE, TAB, NEWLINE, ; , (, ), <, >, |, &","type":"unstyled","depth":0,"inlineStyleRanges":[],"entityRanges":[],"data":{}},{"key":"4q9tp","text":"记号类型包括单词，关键字，I/O重定向符和分号。","type":"unstyled","depth":0,"inlineStyleRanges":[],"entityRanges":[],"data":{}},{"key":"aeehf","text":"2、检测每个命令的第一个记号，查看是否为不带引号或反斜线的关键字。","type":"unstyled","depth":0,"inlineStyleRanges":[],"entityRanges":[],"data":{}},{"key":"4hnt3","text":"如果是一个开放的关键字，如if和其他控制结构起始字符串，function，{或(，则命令实际上为一复合命令。shell在内部对复合命令进行处理，读取下一个命令，并重复这一过程。如果关键字不是复合命令起始字符串(如then等一个控制结构中间出现的关键字)，则给出语法错误信号。","type":"unstyled","depth":0,"inlineStyleRanges":[],"entityRanges":[],"data":{}},{"key":"7giop","text":"3、依据alias.html' target='_blank'>别名列表检查每个命令的第一个关键字；","type":"unstyled","depth":0,"inlineStyleRanges":[],"entityRanges":[],"data":{}},{"key":"fn3qh","text":"如果找到相应匹配，则替换其别名定义，并退回第一步;否则进入第4步。该策略允许递归别名，还允许定义关键字别名。如alias procedure=function","type":"unstyled","depth":0,"inlineStyleRanges":[],"entityRanges":[],"data":{}},{"key":"324jk","text":"4、执行大括号扩展，例如a{b,c}变成ab ac","type":"unstyled","depth":0,"inlineStyleRanges":[],"entityRanges":[],"data":{}},{"key":"eei9i","text":"5、如果~位于单词开头，用$HOME替换~。","type":"unstyled","depth":0,"inlineStyleRanges":[],"entityRanges":[],"data":{}},{"key":"omd4","text":"使用usr的主目录替换~user。","type":"unstyled","depth":0,"inlineStyleRanges":[],"entityRanges":[],"data":{}},{"key":"flam0","text":"6、对任何以符号$开头的表达式执行参数(变量)替换;","type":"unstyled","depth":0,"inlineStyleRanges":[],"entityRanges":[],"data":{}},{"key":"27a5l","text":"7、对形式$(string)的表达式进行命令替换；","type":"unstyled","depth":0,"inlineStyleRanges":[],"entityRanges":[],"data":{}},{"key":"66oo9","text":"这里是嵌套的命令行处理。","type":"unstyled","depth":0,"inlineStyleRanges":[],"entityRanges":[],"data":{}},{"key":"ruj1","text":"8、计算形式为$((string))的算术表达式；","type":"unstyled","depth":0,"inlineStyleRanges":[],"entityRanges":[],"data":{}},{"key":"71o3q","text":"9、把行的参数，命令和算术替换部分再次分成单词，这次它使用$IFS中的字符做分割符而不是步骤1的元字符集；","type":"unstyled","depth":0,"inlineStyleRanges":[],"entityRanges":[],"data":{}},{"key":"16pcm","text":"","type":"unstyled","depth":0,"inlineStyleRanges":[],"entityRanges":[],"data":{}},{"key":"35tpn","text":"10、对出现*, ?, [ / ]对执行路径名扩展，也称为通配符扩展；","type":"unstyled","depth":0,"inlineStyleRanges":[],"entityRanges":[],"data":{}},{"key":"1i5g4","text":"","type":"unstyled","depth":0,"inlineStyleRanges":[],"entityRanges":[],"data":{}},{"key":"66v2o","text":"11、按命令优先级表(跳过别名)，进行命令查寻；","type":"unstyled","depth":0,"inlineStyleRanges":[],"entityRanges":[],"data":{}},{"key":"5f22c","text":"","type":"unstyled","depth":0,"inlineStyleRanges":[],"entityRanges":[],"data":{}},{"key":"78pd1","text":"12、设置完I/O重定向和其他操作后执行该命令。","type":"unstyled","depth":0,"inlineStyleRanges":[],"entityRanges":[],"data":{}},{"key":"351cd","text":"","type":"unstyled","depth":0,"inlineStyleRanges":[],"entityRanges":[],"data":{}},{"key":"3qlf1","text":"二、关于引用","type":"unstyled","depth":0,"inlineStyleRanges":[],"entityRanges":[],"data":{}},{"key":"7iiil","text":"","type":"unstyled","depth":0,"inlineStyleRanges":[],"entityRanges":[],"data":{}},{"key":"auus0","text":"1、单引号跳过了前10个步骤，不能在单引号里放单引号","type":"unstyled","depth":0,"inlineStyleRanges":[],"entityRanges":[],"data":{}},{"key":"1vgim","text":"2、双引号跳过了步骤1~5，步骤9~10，也就是说，只处理6~8个步骤。","type":"unstyled","depth":0,"inlineStyleRanges":[],"entityRanges":[],"data":{}},{"key":"9t694","text":"","type":"unstyled","depth":0,"inlineStyleRanges":[],"entityRanges":[],"data":{}},{"key":"6qtla","text":"也就是说，双引号忽略了管道字符，别名，~替换，通配符扩展，和通过分隔符分裂成单词。","type":"unstyled","depth":0,"inlineStyleRanges":[],"entityRanges":[],"data":{}},{"key":"4obti","text":"双引号里的单引号没有作用，但双引号允许参数替换，命令替换和算术表达式求值。可以在双引号里包含双引号，方式是加上转义符\"\\\"，还必须转义$, `, \\。","type":"unstyled","depth":0,"inlineStyleRanges":[],"entityRanges":[],"data":{}},{"key":"cb139","text":"","type":"unstyled","depth":0,"inlineStyleRanges":[],"entityRanges":[],"data":{}},{"key":"e48be","text":"三、eval的作用；","type":"unstyled","depth":0,"inlineStyleRanges":[],"entityRanges":[],"data":{}},{"key":"63ufg","text":"","type":"unstyled","depth":0,"inlineStyleRanges":[],"entityRanges":[],"data":{}},{"key":"fmntl","text":"eval的作用是再次执行命令行处理，也就是说，对一个命令行，执行两次命令行处理。这个命令要用好，就要费一定的功夫。我举两个例子，抛砖引玉。","type":"unstyled","depth":0,"inlineStyleRanges":[],"entityRanges":[],"data":{}},{"key":"2tq2c","text":"","type":"unstyled","depth":0,"inlineStyleRanges":[],"entityRanges":[],"data":{}},{"key":"fknaf","text":"1、例子1：用eval技巧实现shell的控制结构for","type":"unstyled","depth":0,"inlineStyleRanges":[],"entityRanges":[],"data":{}},{"key":"2ktif","text":"","type":"unstyled","depth":0,"inlineStyleRanges":[],"entityRanges":[],"data":{}},{"key":"27dmt","text":"用eval技巧实现shell的控制结构for。","type":"unstyled","depth":0,"inlineStyleRanges":[],"entityRanges":[],"data":{}},{"key":"cio13","text":"","type":"custom-code-block-bash","depth":0,"inlineStyleRanges":[],"entityRanges":[],"data":{}},{"key":"a6705","text":"[root@home root]# cat myscript1","type":"custom-code-block-bash","depth":0,"inlineStyleRanges":[],"entityRanges":[],"data":{}},{"key":"d04bu","text":"","type":"custom-code-block-bash","depth":0,"inlineStyleRanges":[],"entityRanges":[],"data":{}},{"key":"8j8o0","text":"#!/bin/sh","type":"custom-code-block-bash","depth":0,"inlineStyleRanges":[],"entityRanges":[],"data":{}},{"key":"4um5r","text":"evalit(){","type":"custom-code-block-bash","depth":0,"inlineStyleRanges":[],"entityRanges":[],"data":{}},{"key":"7kbdl","text":"        if [ $cnt = 1 ];then","type":"custom-code-block-bash","depth":0,"inlineStyleRanges":[],"entityRanges":[],"data":{}},{"key":"egl5k","text":"                eval $@","type":"custom-code-block-bash","depth":0,"inlineStyleRanges":[],"entityRanges":[],"data":{}},{"key":"b4d09","text":"                return","type":"custom-code-block-bash","depth":0,"inlineStyleRanges":[],"entityRanges":[],"data":{}},{"key":"dfr68","text":"        else","type":"custom-code-block-bash","depth":0,"inlineStyleRanges":[],"entityRanges":[],"data":{}},{"key":"d730o","text":"                let cnt=cnt-1","type":"custom-code-block-bash","depth":0,"inlineStyleRanges":[],"entityRanges":[],"data":{}},{"key":"eqcmd","text":"                evalit $@","type":"custom-code-block-bash","depth":0,"inlineStyleRanges":[],"entityRanges":[],"data":{}},{"key":"65k9a","text":"        fi","type":"custom-code-block-bash","depth":0,"inlineStyleRanges":[],"entityRanges":[],"data":{}},{"key":"4kdqr","text":"        eval $@","type":"custom-code-block-bash","depth":0,"inlineStyleRanges":[],"entityRanges":[],"data":{}},{"key":"eb6kb","text":"}","type":"custom-code-block-bash","depth":0,"inlineStyleRanges":[],"entityRanges":[],"data":{}},{"key":"ear71","text":"cnt=$1","type":"custom-code-block-bash","depth":0,"inlineStyleRanges":[],"entityRanges":[],"data":{}},{"key":"6uud2","text":"echo $cnt | egrep \"^[1-9][0-9]*$\" >/dev/null","type":"custom-code-block-bash","depth":0,"inlineStyleRanges":[],"entityRanges":[],"data":{}},{"key":"d9ubj","text":"if [ $? -eq 0 ]; then","type":"custom-code-block-bash","depth":0,"inlineStyleRanges":[],"entityRanges":[],"data":{}},{"key":"a2n2i","text":"        shift","type":"custom-code-block-bash","depth":0,"inlineStyleRanges":[],"entityRanges":[],"data":{}},{"key":"96op0","text":"        evalit $@","type":"custom-code-block-bash","depth":0,"inlineStyleRanges":[],"entityRanges":[],"data":{}},{"key":"fc73s","text":"else","type":"custom-code-block-bash","depth":0,"inlineStyleRanges":[],"entityRanges":[],"data":{}},{"key":"elk9p","text":"        echo 'ERROR!!! Check your input!'","type":"custom-code-block-bash","depth":0,"inlineStyleRanges":[],"entityRanges":[],"data":{}},{"key":"2nl7n","text":"fi","type":"custom-code-block-bash","depth":0,"inlineStyleRanges":[],"entityRanges":[],"data":{}},{"key":"5f7f","text":"","type":"unstyled","depth":0,"inlineStyleRanges":[],"entityRanges":[],"data":{}},{"key":"2fdup","text":"[root@home root]# ./myscript1 3 hostname","type":"custom-code-block-bash","depth":0,"inlineStyleRanges":[],"entityRanges":[],"data":{}},{"key":"anqih","text":"home","type":"custom-code-block-bash","depth":0,"inlineStyleRanges":[],"entityRanges":[],"data":{}},{"key":"2o11t","text":"home","type":"custom-code-block-bash","depth":0,"inlineStyleRanges":[],"entityRanges":[],"data":{}},{"key":"cuk2j","text":"home","type":"custom-code-block-bash","depth":0,"inlineStyleRanges":[],"entityRanges":[],"data":{}},{"key":"arr71","text":"[root@home root]# ./myscript1 5 id |cut -f1 -d' '","type":"custom-code-block-bash","depth":0,"inlineStyleRanges":[],"entityRanges":[],"data":{}},{"key":"5lpca","text":"uid=0(root)","type":"custom-code-block-bash","depth":0,"inlineStyleRanges":[],"entityRanges":[],"data":{}},{"key":"efv82","text":"uid=0(root)","type":"custom-code-block-bash","depth":0,"inlineStyleRanges":[],"entityRanges":[],"data":{}},{"key":"b1880","text":"uid=0(root)","type":"custom-code-block-bash","depth":0,"inlineStyleRanges":[],"entityRanges":[],"data":{}},{"key":"d8mpk","text":"uid=0(root)","type":"custom-code-block-bash","depth":0,"inlineStyleRanges":[],"entityRanges":[],"data":{}},{"key":"evifg","text":"uid=0(root)","type":"custom-code-block-bash","depth":0,"inlineStyleRanges":[],"entityRanges":[],"data":{}},{"key":"farfv","text":"注意：bash里有两个很特殊的变量，它们保存了参数列表。","type":"unstyled","depth":0,"inlineStyleRanges":[],"entityRanges":[],"data":{}},{"key":"a3e79","text":"","type":"unstyled","depth":0,"inlineStyleRanges":[],"entityRanges":[],"data":{}},{"key":"677u5","text":" $* ，保存了以$IFS指定的分割符所分割的字符串组。","type":"unstyled","depth":0,"inlineStyleRanges":[],"entityRanges":[],"data":{}},{"key":"coi7j","text":" $@ ，原样保存了参数列表，也就是 \"$1\"\"$2\"... ","type":"unstyled","depth":0,"inlineStyleRanges":[],"entityRanges":[],"data":{}},{"key":"7mfn7","text":"","type":"unstyled","depth":0,"inlineStyleRanges":[],"entityRanges":[],"data":{}},{"key":"5u2dh","text":"这里我使用了函数递归以及eval实现了for结构。","type":"unstyled","depth":0,"inlineStyleRanges":[],"entityRanges":[],"data":{}},{"key":"fnauv","text":"","type":"unstyled","depth":0,"inlineStyleRanges":[],"entityRanges":[],"data":{}},{"key":"7l1ea","text":"复制代码","type":"unstyled","depth":0,"inlineStyleRanges":[],"entityRanges":[],"data":{}},{"key":"ert7e","text":"当执行eval $@时，它经历了步骤如下：","type":"unstyled","depth":0,"inlineStyleRanges":[],"entityRanges":[],"data":{}},{"key":"ero77","text":"第1步，分割成eval $@","type":"unstyled","depth":0,"inlineStyleRanges":[],"entityRanges":[],"data":{}},{"key":"8ndne","text":"第6步，扩展$@为hostname","type":"unstyled","depth":0,"inlineStyleRanges":[],"entityRanges":[],"data":{}},{"key":"7lvma","text":"第11步，找到内置命令eval","type":"unstyled","depth":0,"inlineStyleRanges":[],"entityRanges":[],"data":{}},{"key":"6s1na","text":"重复一次命令行处理，第11步，找到hostname命令，执行。","type":"unstyled","depth":0,"inlineStyleRanges":[],"entityRanges":[],"data":{}},{"key":"1briv","text":"","type":"unstyled","depth":0,"inlineStyleRanges":[],"entityRanges":[],"data":{}},{"key":"2l3u8","text":"注意：也许有人想当然地认为，何必用eval呢？直接$@来执行命令就可以了嘛。","type":"unstyled","depth":0,"inlineStyleRanges":[],"entityRanges":[],"data":{}},{"key":"8375i","text":"复制代码","type":"unstyled","depth":0,"inlineStyleRanges":[],"entityRanges":[],"data":{}},{"key":"3tsg9","text":"","type":"unstyled","depth":0,"inlineStyleRanges":[],"entityRanges":[],"data":{}},{"key":"9uj2u","text":"例子2：一个典型错误的例子","type":"unstyled","depth":0,"inlineStyleRanges":[],"entityRanges":[],"data":{}},{"key":"bopma","text":"","type":"unstyled","depth":0,"inlineStyleRanges":[],"entityRanges":[],"data":{}},{"key":"r4ul","text":"错误！这里给个典型的例子大家看看。","type":"unstyled","depth":0,"inlineStyleRanges":[],"entityRanges":[],"data":{}},{"key":"9f5t5","text":"","type":"unstyled","depth":0,"inlineStyleRanges":[],"entityRanges":[],"data":{}},{"key":"505dk","text":"","type":"unstyled","depth":0,"inlineStyleRanges":[],"entityRanges":[],"data":{}},{"key":"7qt6l","text":"[root@home root]# a=\"id | cut -f1 -d' '\"","type":"unstyled","depth":0,"inlineStyleRanges":[],"entityRanges":[],"data":{}},{"key":"bhp3i","text":"[root@home root]# $a","type":"unstyled","depth":0,"inlineStyleRanges":[],"entityRanges":[],"data":{}},{"key":"1teqa","text":"id：无效选项 -- f","type":"unstyled","depth":0,"inlineStyleRanges":[],"entityRanges":[],"data":{}},{"key":"5fr3k","text":"请尝试执行‘id --help’来获取更多信息。","type":"unstyled","depth":0,"inlineStyleRanges":[],"entityRanges":[],"data":{}},{"key":"1pomj","text":"","type":"unstyled","depth":0,"inlineStyleRanges":[],"entityRanges":[],"data":{}},{"key":"7v2fp","text":"[root@home root]# eval $a","type":"unstyled","depth":0,"inlineStyleRanges":[],"entityRanges":[],"data":{}},{"key":"7kjej","text":"uid=0(root)","type":"unstyled","depth":0,"inlineStyleRanges":[],"entityRanges":[],"data":{}},{"key":"5c4bh","text":"如果命令行复杂的话(包括管道或者其他字符)，直接执行$a字符串的内容就会出错。分析如下。","type":"unstyled","depth":0,"inlineStyleRanges":[],"entityRanges":[],"data":{}},{"key":"dn01h","text":"$a的处理位于第6步──参数扩展，也就是说，跳过了管道分析，于是\"|\", \"cut\", \"-f1\", \"-d\"都变成了id命令的参数，当然就出错啦。","type":"unstyled","depth":0,"inlineStyleRanges":[],"entityRanges":[],"data":{}},{"key":"9or77","text":"但使用了eval，它把第一遍命令行处理所得的\"id\", \"|\", \"cut\", \"-f1\", \"-d\"这些字符串再次进行命令行处理，这次就能正确分析其中的管道了。","type":"unstyled","depth":0,"inlineStyleRanges":[],"entityRanges":[],"data":{}},{"key":"bv3kq","text":"","type":"unstyled","depth":0,"inlineStyleRanges":[],"entityRanges":[],"data":{}},{"key":"6k9rk","text":"总而言之：要保证你的命令或脚本设计能正确通过命令行处理，跳过任意一步，都可能造成意料外的错误！","type":"unstyled","depth":0,"inlineStyleRanges":[],"entityRanges":[],"data":{}},{"key":"2s2af","text":"","type":"unstyled","depth":0,"inlineStyleRanges":[],"entityRanges":[],"data":{}},{"key":"5hv6v","text":"例子3：设置系统的ls色彩显示","type":"unstyled","depth":0,"inlineStyleRanges":[],"entityRanges":[],"data":{}},{"key":"123o6","text":"eval $(dircolors -b /etc/dircolors)","type":"custom-code-block-bash","depth":0,"inlineStyleRanges":[],"entityRanges":[],"data":{}},{"key":"e0bdh","text":"eval语句通知shell接受eval参数，并再次通过命令行处理的所有步骤运行它们。","type":"unstyled","depth":0,"inlineStyleRanges":[],"entityRanges":[],"data":{}},{"key":"fhb84","text":"它使你可以编写脚本随意创建命令字符串，然后把它们传递给shell执行;","type":"unstyled","depth":0,"inlineStyleRanges":[],"entityRanges":[],"data":{}},{"key":"b63ii","text":" $() 是命令替换，返回命令的输出字符串。","type":"unstyled","depth":0,"inlineStyleRanges":[],"entityRanges":[],"data":{}},{"key":"1gudq","text":"其中dircolors命令根据/etc/dircolors配置文件生成设置环境变量LS_COLORS的bash代码，内容如下","type":"unstyled","depth":0,"inlineStyleRanges":[],"entityRanges":[],"data":{}},{"key":"c1bfr","text":"","type":"unstyled","depth":0,"inlineStyleRanges":[],"entityRanges":[],"data":{}},{"key":"7v38v","text":"[root@localhost root]# dircolors -b > tmp","type":"custom-code-block-bash","depth":0,"inlineStyleRanges":[],"entityRanges":[],"data":{}},{"key":"3hl0f","text":"[root@localhost root]# cat tmp","type":"custom-code-block-bash","depth":0,"inlineStyleRanges":[],"entityRanges":[],"data":{}},{"key":"8uf8l","text":"LS_COLORS='no=00:fi=00:di=01;34:ln=01; ......","type":"custom-code-block-bash","depth":0,"inlineStyleRanges":[],"entityRanges":[],"data":{}},{"key":"d5qsl","text":"export LS_COLORS","type":"custom-code-block-bash","depth":0,"inlineStyleRanges":[],"entityRanges":[],"data":{}},{"key":"9ai1d","text":"#这里我没有指定配置文件，所以dircolors按预置数据库生成代码。","type":"unstyled","depth":0,"inlineStyleRanges":[],"entityRanges":[],"data":{}},{"key":"2rit8","text":"其输出被eval命令传递给shell执行。","type":"unstyled","depth":0,"inlineStyleRanges":[],"entityRanges":[],"data":{}},{"key":"7bkdp","text":"eval是对Bash Shell命令行处理规则的灵活应用，进而构造\"智能\"命令实现复杂的功能。","type":"unstyled","depth":0,"inlineStyleRanges":[],"entityRanges":[],"data":{}},{"key":"epsqg","text":"上面提及的命令是eval其中一个很普通的应用，它重复了1次命令行参数传递过程，纯粹地执行命令的命令。","type":"unstyled","depth":0,"inlineStyleRanges":[],"entityRanges":[],"data":{}},{"key":"58vrt","text":"其实它是bash的难点，是高级bash程序员的必修之技。","type":"unstyled","depth":0,"inlineStyleRanges":[],"entityRanges":[],"data":{}},{"key":"dl0no","text":"","type":"unstyled","depth":0,"inlineStyleRanges":[],"entityRanges":[],"data":{}},{"key":"5qp4b","text":"","type":"unstyled","depth":0,"inlineStyleRanges":[],"entityRanges":[],"data":{}},{"key":"4voa3","text":"四、命令优先级表","type":"unstyled","depth":0,"inlineStyleRanges":[],"entityRanges":[],"data":{}},{"key":"9vn0c","text":"1、别名","type":"unstyled","depth":0,"inlineStyleRanges":[],"entityRanges":[],"data":{}},{"key":"6fvo8","text":"2、关键字","type":"unstyled","depth":0,"inlineStyleRanges":[],"entityRanges":[],"data":{}},{"key":"578tv","text":"3、函数","type":"unstyled","depth":0,"inlineStyleRanges":[],"entityRanges":[],"data":{}},{"key":"5feq","text":"4、内置命令","type":"unstyled","depth":0,"inlineStyleRanges":[],"entityRanges":[],"data":{}},{"key":"5tfma","text":"5、脚本或可执行程序($PATH)","type":"unstyled","depth":0,"inlineStyleRanges":[],"entityRanges":[],"data":{}},{"key":"7j980","text":"五、鉴于一些学习中会遇到的困惑，我再给出一些有趣的命令。","type":"unstyled","depth":0,"inlineStyleRanges":[],"entityRanges":[],"data":{}},{"key":"ejsjt","text":"","type":"unstyled","depth":0,"inlineStyleRanges":[],"entityRanges":[],"data":{}},{"key":"7a82r","text":"1、command builtin enable","type":"unstyled","depth":0,"inlineStyleRanges":[],"entityRanges":[],"data":{}},{"key":"c9p23","text":"","type":"unstyled","depth":0,"inlineStyleRanges":[],"entityRanges":[],"data":{}},{"key":"3dlju","text":"上面的命令行提及过，第11步会进行命令查找，那它的具体过程如何呢？","type":"unstyled","depth":0,"inlineStyleRanges":[],"entityRanges":[],"data":{}},{"key":"5tm28","text":"它的默认查找次序为函数，内部命令，脚本和可执行代码。我们往往要在实际编程中跳过一些查找项以满足一定的功能需求。这时候就要用到这三个命令来施展魔法~~","type":"unstyled","depth":0,"inlineStyleRanges":[],"entityRanges":[],"data":{}},{"key":"ajeth","text":"","type":"unstyled","depth":0,"inlineStyleRanges":[],"entityRanges":[],"data":{}},{"key":"cjofh","text":"2、command","type":"unstyled","depth":0,"inlineStyleRanges":[],"entityRanges":[],"data":{}},{"key":"89al6","text":"","type":"unstyled","depth":0,"inlineStyleRanges":[],"entityRanges":[],"data":{}},{"key":"5dj64","text":"跳过别名和函数的查找，换句话说，它只查找内部命令以及搜索路径中找到的脚本或可执行程序。","type":"unstyled","depth":0,"inlineStyleRanges":[],"entityRanges":[],"data":{}},{"key":"7jsip","text":"这里举个有趣的例子。","type":"unstyled","depth":0,"inlineStyleRanges":[],"entityRanges":[],"data":{}},{"key":"8a0m6","text":"[root@home root]# type -all pwd","type":"custom-code-block-bash","depth":0,"inlineStyleRanges":[],"entityRanges":[],"data":{}},{"key":"2f4ut","text":"pwd is a shell builtin","type":"custom-code-block-bash","depth":0,"inlineStyleRanges":[],"entityRanges":[],"data":{}},{"key":"dfn3j","text":"pwd is /bin/pwd","type":"custom-code-block-bash","depth":0,"inlineStyleRanges":[],"entityRanges":[],"data":{}},{"key":"6ep4v","text":"[root@home root]# cat myscript2","type":"custom-code-block-bash","depth":0,"inlineStyleRanges":[],"entityRanges":[],"data":{}},{"key":"edi2k","text":"#!/bin/sh","type":"custom-code-block-bash","depth":0,"inlineStyleRanges":[],"entityRanges":[],"data":{}},{"key":"9b4rm","text":"pwd(){","type":"custom-code-block-bash","depth":0,"inlineStyleRanges":[],"entityRanges":[],"data":{}},{"key":"d5sbe","text":"        echo \"This is the current directory.\"","type":"custom-code-block-bash","depth":0,"inlineStyleRanges":[],"entityRanges":[],"data":{}},{"key":"cqfvt","text":"        command pwd","type":"custom-code-block-bash","depth":0,"inlineStyleRanges":[],"entityRanges":[],"data":{}},{"key":"3otrs","text":"}","type":"custom-code-block-bash","depth":0,"inlineStyleRanges":[],"entityRanges":[],"data":{}},{"key":"4po4v","text":"pwd","type":"custom-code-block-bash","depth":0,"inlineStyleRanges":[],"entityRanges":[],"data":{}},{"key":"91rtg","text":"[root@home root]# ./myscript2","type":"custom-code-block-bash","depth":0,"inlineStyleRanges":[],"entityRanges":[],"data":{}},{"key":"5jcj2","text":"This is the current directory.","type":"custom-code-block-bash","depth":0,"inlineStyleRanges":[],"entityRanges":[],"data":{}},{"key":"1q01e","text":"/root","type":"custom-code-block-bash","depth":0,"inlineStyleRanges":[],"entityRanges":[],"data":{}},{"key":"1bj7p","text":"","type":"unstyled","depth":0,"inlineStyleRanges":[],"entityRanges":[],"data":{}},{"key":"44a2l","text":"我用pwd()函数取代了内置命令pwd以及外部命令/bin/pwd，然后在脚本里执行内置命令pwd。在这里我们为什么要用command呢？是为了避免函数陷入递归循环，因为函数名与内置命令同名，而函数的优先级比内置命令高。","type":"unstyled","depth":0,"inlineStyleRanges":[],"entityRanges":[],"data":{}},{"key":"cc708","text":"","type":"unstyled","depth":0,"inlineStyleRanges":[],"entityRanges":[],"data":{}},{"key":"63q2v","text":"3、builtin","type":"unstyled","depth":0,"inlineStyleRanges":[],"entityRanges":[],"data":{}},{"key":"everg","text":"","type":"unstyled","depth":0,"inlineStyleRanges":[],"entityRanges":[],"data":{}},{"key":"deau1","text":"顾名思义，它只查找内置命令。这个命令很简单，就不多说了。","type":"unstyled","depth":0,"inlineStyleRanges":[],"entityRanges":[],"data":{}},{"key":"21hk5","text":"","type":"unstyled","depth":0,"inlineStyleRanges":[],"entityRanges":[],"data":{}},{"key":"da0v9","text":"4、enable","type":"unstyled","depth":0,"inlineStyleRanges":[],"entityRanges":[],"data":{}},{"key":"a52i5","text":"","type":"unstyled","depth":0,"inlineStyleRanges":[],"entityRanges":[],"data":{}},{"key":"a5v6h","text":"与builtin相反，它屏蔽一个内置命令，允许运行一个shell脚本或同名的可执行代码而无须给出完全路径名。","type":"unstyled","depth":0,"inlineStyleRanges":[],"entityRanges":[],"data":{}},{"key":"26kki","text":"举个例子吧。","type":"unstyled","depth":0,"inlineStyleRanges":[],"entityRanges":[],"data":{}},{"key":"cfi4i","text":"","type":"unstyled","depth":0,"inlineStyleRanges":[],"entityRanges":[],"data":{}},{"key":"3cbu9","text":"pwd命令有两个，一个是shell内置的，一个是可执行程序。","type":"unstyled","depth":0,"inlineStyleRanges":[],"entityRanges":[],"data":{}},{"key":"8h0k4","text":"","type":"unstyled","depth":0,"inlineStyleRanges":[],"entityRanges":[],"data":{}},{"key":"fslr4","text":"当执行一些奇怪的路径名后，shell内置的pwd会打印出\"错误信息\"，但外部的pwd会打印出当前目录的\"原来面目\"。请看下面：","type":"unstyled","depth":0,"inlineStyleRanges":[],"entityRanges":[],"data":{}},{"key":"4akbk","text":"","type":"unstyled","depth":0,"inlineStyleRanges":[],"entityRanges":[],"data":{}},{"key":"3qg4a","text":"[root@home root]# cd //","type":"custom-code-block-bash","depth":0,"inlineStyleRanges":[],"entityRanges":[],"data":{}},{"key":"3cmb5","text":"[root@home //]# pwd","type":"custom-code-block-bash","depth":0,"inlineStyleRanges":[],"entityRanges":[],"data":{}},{"key":"fpfv4","text":"//","type":"custom-code-block-bash","depth":0,"inlineStyleRanges":[],"entityRanges":[],"data":{}},{"key":"4iafc","text":"[root@home //]# type -all pwd","type":"custom-code-block-bash","depth":0,"inlineStyleRanges":[],"entityRanges":[],"data":{}},{"key":"dfpit","text":"pwd is a shell builtin","type":"custom-code-block-bash","depth":0,"inlineStyleRanges":[],"entityRanges":[],"data":{}},{"key":"6dpba","text":"pwd is /bin/pwd","type":"custom-code-block-bash","depth":0,"inlineStyleRanges":[],"entityRanges":[],"data":{}},{"key":"f341r","text":"[root@home //]# /bin/pwd","type":"custom-code-block-bash","depth":0,"inlineStyleRanges":[],"entityRanges":[],"data":{}},{"key":"cc2br","text":"/","type":"custom-code-block-bash","depth":0,"inlineStyleRanges":[],"entityRanges":[],"data":{}},{"key":"5a3ip","text":"[root@home //]# enable -n pwd","type":"custom-code-block-bash","depth":0,"inlineStyleRanges":[],"entityRanges":[],"data":{}},{"key":"bb5a7","text":"[root@home //]# pwd","type":"custom-code-block-bash","depth":0,"inlineStyleRanges":[],"entityRanges":[],"data":{}},{"key":"2vfsg","text":"/","type":"custom-code-block-bash","depth":0,"inlineStyleRanges":[],"entityRanges":[],"data":{}},{"key":"4gbma","text":"","type":"unstyled","depth":0,"inlineStyleRanges":[],"entityRanges":[],"data":{}},{"key":"8vs4","text":"这样，用enable -n屏蔽内置pwd命令后，就可以用外部pwd打印出正确的路径名了。","type":"unstyled","depth":0,"inlineStyleRanges":[],"entityRanges":[],"data":{}},{"key":"f8507","text":"","type":"unstyled","depth":0,"inlineStyleRanges":[],"entityRanges":[],"data":{}},{"key":"f0v26","text":"Bash博大精深，希望大家好好学习。:)","type":"unstyled","depth":0,"inlineStyleRanges":[],"entityRanges":[],"data":{}},{"key":"cnmaa","text":"","type":"unstyled","depth":0,"inlineStyleRanges":[],"entityRanges":[],"data":{}},{"key":"8ohmh","text":"","type":"unstyled","depth":0,"inlineStyleRanges":[],"entityRanges":[],"data":{}},{"key":"d35mf","text":"看到另外一个例子，也很实用","type":"unstyled","depth":0,"inlineStyleRanges":[],"entityRanges":[],"data":{}},{"key":"d39tg","text":"","type":"unstyled","depth":0,"inlineStyleRanges":[],"entityRanges":[],"data":{}},{"key":"8o8sm","text":"给每个值一个变量名","type":"unstyled","depth":0,"inlineStyleRanges":[],"entityRanges":[],"data":{}},{"key":"bnkps","text":"可以给一个值一个变量名。下面我对此做些解释，假定有一个名为test2的文件：","type":"unstyled","depth":0,"inlineStyleRanges":[],"entityRanges":[],"data":{}},{"key":"hj5f","text":"","type":"unstyled","depth":0,"inlineStyleRanges":[],"entityRanges":[],"data":{}},{"key":"9edjn","text":"[neau@mail ~]$ cat test2","type":"custom-code-block-bash","depth":0,"inlineStyleRanges":[],"entityRanges":[],"data":{}},{"key":"frb6q","text":"CCTV 5","type":"custom-code-block-bash","depth":0,"inlineStyleRanges":[],"entityRanges":[],"data":{}},{"key":"fselj","text":"CHANGEL SPORTS","type":"custom-code-block-bash","depth":0,"inlineStyleRanges":[],"entityRanges":[],"data":{}},{"key":"28me1","text":"LIKE YES","type":"custom-code-block-bash","depth":0,"inlineStyleRanges":[],"entityRanges":[],"data":{}},{"key":"4osqp","text":"你希望该文件中的第一列成为变量名，第二列成为该变量的值，这样就可以:","type":"unstyled","depth":0,"inlineStyleRanges":[],"entityRanges":[],"data":{}},{"key":"6caiu","text":"[neau@mail ~]$ cat test2","type":"custom-code-block-bash","depth":0,"inlineStyleRanges":[],"entityRanges":[],"data":{}},{"key":"dec0f","text":"COMMANY TQ","type":"custom-code-block-bash","depth":0,"inlineStyleRanges":[],"entityRanges":[],"data":{}},{"key":"acuf0","text":"LANGUE ENGLISH","type":"custom-code-block-bash","depth":0,"inlineStyleRanges":[],"entityRanges":[],"data":{}},{"key":"bm2ge","text":"LIKE YES","type":"custom-code-block-bash","depth":0,"inlineStyleRanges":[],"entityRanges":[],"data":{}},{"key":"4avas","text":"[neau@mail ~]$ cat test3","type":"custom-code-block-bash","depth":0,"inlineStyleRanges":[],"entityRanges":[],"data":{}},{"key":"fja93","text":"#!/bin/bash","type":"custom-code-block-bash","depth":0,"inlineStyleRanges":[],"entityRanges":[],"data":{}},{"key":"b0lv4","text":"while read NAME VALUE","type":"custom-code-block-bash","depth":0,"inlineStyleRanges":[],"entityRanges":[],"data":{}},{"key":"dn0hd","text":"do","type":"custom-code-block-bash","depth":0,"inlineStyleRanges":[],"entityRanges":[],"data":{}},{"key":"3qclv","text":"eval \"${NAME}=${VALUE}\"","type":"custom-code-block-bash","depth":0,"inlineStyleRanges":[],"entityRanges":[],"data":{}},{"key":"anjik","text":"done <test2","type":"custom-code-block-bash","depth":0,"inlineStyleRanges":[],"entityRanges":[],"data":{}},{"key":"4ah5","text":"echo \"$COMMANY $LANGUE $LIKE\"","type":"custom-code-block-bash","depth":0,"inlineStyleRanges":[],"entityRanges":[],"data":{}},{"key":"i786","text":"[neau@mail ~]$ ./test3","type":"custom-code-block-bash","depth":0,"inlineStyleRanges":[],"entityRanges":[],"data":{}},{"key":"a9evm","text":"TQ ENGLISH YES","type":"custom-code-block-bash","depth":0,"inlineStyleRanges":[],"entityRanges":[],"data":{}},{"key":"8lubt","text":"","type":"unstyled","depth":0,"inlineStyleRanges":[],"entityRanges":[],"data":{}}],"entityMap":{}},"tags":[]}
