{"_id":"S1grX5Y1P","title":"测试Linux端口的连通性的四种方法","dateCreated":1594626872471,"lastAccessed":"2020-07-13T07:54:32.472Z","lastUpdated":"2021-04-28T09:11:28.548Z","notebookId":"SkoO2OlkD","body":{"blocks":[{"key":"ag6qs","text":"测试Linux端口的连通性的四种方法","type":"header-one","depth":0,"inlineStyleRanges":[],"entityRanges":[],"data":{}},{"key":"cs55m","text":"","type":"unstyled","depth":0,"inlineStyleRanges":[],"entityRanges":[],"data":{}},{"key":"c5ns3","text":"","type":"unstyled","depth":0,"inlineStyleRanges":[],"entityRanges":[],"data":{}},{"key":"59kd9","text":"Linux系统有时候需要测试某个端口的连通性,用户可以参考如下方法来测试。","type":"unstyled","depth":0,"inlineStyleRanges":[],"entityRanges":[],"data":{}},{"key":"2ap3f","text":"","type":"unstyled","depth":0,"inlineStyleRanges":[],"entityRanges":[],"data":{}},{"key":"9ic5p","text":"方法一:telnet法","type":"header-two","depth":0,"inlineStyleRanges":[{"offset":0,"length":11,"style":"BOLD"}],"entityRanges":[],"data":{}},{"key":"4lamj","text":"","type":"unstyled","depth":0,"inlineStyleRanges":[],"entityRanges":[],"data":{}},{"key":"9lsmo","text":" telnet为用户提供了在本地计算机上完成远程主机工作的能力,因此可以通过telnet来测试端口的连通性,具体用法格式:","type":"unstyled","depth":0,"inlineStyleRanges":[],"entityRanges":[],"data":{}},{"key":"ksd7","text":"","type":"unstyled","depth":0,"inlineStyleRanges":[],"entityRanges":[],"data":{}},{"key":"82bbi","text":"telnet ip port","type":"unstyled","depth":0,"inlineStyleRanges":[],"entityRanges":[],"data":{}},{"key":"2piqs","text":"","type":"unstyled","depth":0,"inlineStyleRanges":[],"entityRanges":[],"data":{}},{"key":"84mjq","text":"说明:","type":"unstyled","depth":0,"inlineStyleRanges":[],"entityRanges":[],"data":{}},{"key":"83efe","text":"","type":"unstyled","depth":0,"inlineStyleRanges":[],"entityRanges":[],"data":{}},{"key":"130i","text":"","type":"unstyled","depth":0,"inlineStyleRanges":[],"entityRanges":[],"data":{}},{"key":"coikb","text":"ip:是测试主机的ip地址","type":"unstyled","depth":0,"inlineStyleRanges":[],"entityRanges":[],"data":{}},{"key":"9hh2i","text":"","type":"unstyled","depth":0,"inlineStyleRanges":[],"entityRanges":[],"data":{}},{"key":"a40n7","text":"port:是端口,比如80","type":"unstyled","depth":0,"inlineStyleRanges":[],"entityRanges":[],"data":{}},{"key":"8muph","text":"","type":"unstyled","depth":0,"inlineStyleRanges":[],"entityRanges":[],"data":{}},{"key":"86c9q","text":"如果telnet连接不存在的端口,那会如下图所示。","type":"unstyled","depth":0,"inlineStyleRanges":[],"entityRanges":[],"data":{}},{"key":"akdhc","text":"","type":"unstyled","depth":0,"inlineStyleRanges":[],"entityRanges":[],"data":{}},{"key":"df0jj","text":"","type":"unstyled","depth":0,"inlineStyleRanges":[],"entityRanges":[],"data":{}},{"key":"6mm2f","text":" ","type":"atomic","depth":0,"inlineStyleRanges":[],"entityRanges":[{"offset":0,"length":1,"key":0}],"data":{}},{"key":"7v3k3","text":"","type":"unstyled","depth":0,"inlineStyleRanges":[],"entityRanges":[],"data":{}},{"key":"bob34","text":"如果telnet 连接存在端口会出现如下图所示的内容,下图中以80端口为例。","type":"unstyled","depth":0,"inlineStyleRanges":[],"entityRanges":[],"data":{}},{"key":"24ven","text":"","type":"unstyled","depth":0,"inlineStyleRanges":[],"entityRanges":[],"data":{}},{"key":"1j9g7","text":"","type":"unstyled","depth":0,"inlineStyleRanges":[],"entityRanges":[],"data":{}},{"key":"7l7qp","text":" ","type":"atomic","depth":0,"inlineStyleRanges":[],"entityRanges":[{"offset":0,"length":1,"key":1}],"data":{}},{"key":"13id3","text":"","type":"unstyled","depth":0,"inlineStyleRanges":[],"entityRanges":[],"data":{}},{"key":"dllit","text":"","type":"unstyled","depth":0,"inlineStyleRanges":[],"entityRanges":[],"data":{}},{"key":"26ij6","text":"方法二:ssh法","type":"header-two","depth":0,"inlineStyleRanges":[{"offset":0,"length":8,"style":"BOLD"}],"entityRanges":[],"data":{}},{"key":"fqv2v","text":"","type":"unstyled","depth":0,"inlineStyleRanges":[],"entityRanges":[],"data":{}},{"key":"3tumj","text":"SSH 是目前较可靠,专为远程登录会话和其他网络服务提供安全性的协议,在linux上可以通过ssh命令来测试端口的连通性,具体用法格式如下:","type":"unstyled","depth":0,"inlineStyleRanges":[],"entityRanges":[],"data":{}},{"key":"3ogd0","text":"","type":"unstyled","depth":0,"inlineStyleRanges":[],"entityRanges":[],"data":{}},{"key":"1t364","text":"用法: ssh -v -p port aliyunzixun@xxx.com","type":"unstyled","depth":0,"inlineStyleRanges":[],"entityRanges":[],"data":{}},{"key":"4jt5s","text":"","type":"unstyled","depth":0,"inlineStyleRanges":[],"entityRanges":[],"data":{}},{"key":"e39db","text":"说明:","type":"unstyled","depth":0,"inlineStyleRanges":[],"entityRanges":[],"data":{}},{"key":"5ue4g","text":"","type":"unstyled","depth":0,"inlineStyleRanges":[],"entityRanges":[],"data":{}},{"key":"8ruan","text":"-v 调试模式(会打印日志).","type":"unstyled","depth":0,"inlineStyleRanges":[],"entityRanges":[],"data":{}},{"key":"e85g","text":"","type":"unstyled","depth":0,"inlineStyleRanges":[],"entityRanges":[],"data":{}},{"key":"c41e7","text":"-p 指定端口","type":"unstyled","depth":0,"inlineStyleRanges":[],"entityRanges":[],"data":{}},{"key":"35ich","text":"","type":"unstyled","depth":0,"inlineStyleRanges":[],"entityRanges":[],"data":{}},{"key":"cipmn","text":"username:远程主机的登录用户","type":"unstyled","depth":0,"inlineStyleRanges":[],"entityRanges":[],"data":{}},{"key":"f2hdp","text":"","type":"unstyled","depth":0,"inlineStyleRanges":[],"entityRanges":[],"data":{}},{"key":"82bnr","text":"ip:远程主机","type":"unstyled","depth":0,"inlineStyleRanges":[],"entityRanges":[],"data":{}},{"key":"6ja84","text":"","type":"unstyled","depth":0,"inlineStyleRanges":[],"entityRanges":[],"data":{}},{"key":"b9svu","text":"如果远程主机开通了相应的端口,会有如下图所示的建立成功的提示。","type":"unstyled","depth":0,"inlineStyleRanges":[],"entityRanges":[],"data":{}},{"key":"e4duh","text":"","type":"unstyled","depth":0,"inlineStyleRanges":[],"entityRanges":[],"data":{}},{"key":"35b0k","text":"","type":"unstyled","depth":0,"inlineStyleRanges":[],"entityRanges":[],"data":{}},{"key":"32kn7","text":" ","type":"atomic","depth":0,"inlineStyleRanges":[],"entityRanges":[{"offset":0,"length":1,"key":2}],"data":{}},{"key":"8ec52","text":"","type":"unstyled","depth":0,"inlineStyleRanges":[],"entityRanges":[],"data":{}},{"key":"9l0i9","text":"","type":"unstyled","depth":0,"inlineStyleRanges":[],"entityRanges":[],"data":{}},{"key":"co3ti","text":"如果远程主机没有开通相应的端口,则如下图所示","type":"unstyled","depth":0,"inlineStyleRanges":[],"entityRanges":[],"data":{}},{"key":"dms6c","text":"","type":"unstyled","depth":0,"inlineStyleRanges":[],"entityRanges":[],"data":{}},{"key":"dai6e","text":"","type":"unstyled","depth":0,"inlineStyleRanges":[],"entityRanges":[],"data":{}},{"key":"b147u","text":" ","type":"atomic","depth":0,"inlineStyleRanges":[],"entityRanges":[{"offset":0,"length":1,"key":3}],"data":{}},{"key":"bh60","text":"","type":"unstyled","depth":0,"inlineStyleRanges":[],"entityRanges":[],"data":{}},{"key":"e4p3q","text":"","type":"unstyled","depth":0,"inlineStyleRanges":[],"entityRanges":[],"data":{}},{"key":"fnkoa","text":"方法三:curl法","type":"header-two","depth":0,"inlineStyleRanges":[{"offset":0,"length":9,"style":"BOLD"}],"entityRanges":[],"data":{}},{"key":"fa8dp","text":"","type":"unstyled","depth":0,"inlineStyleRanges":[],"entityRanges":[],"data":{}},{"key":"1fhfa","text":"curl是利用URL语法在命令行方式下工作的开源文件传输工具。也可以用来测试端口的连通性,具体用法:","type":"unstyled","depth":0,"inlineStyleRanges":[],"entityRanges":[],"data":{}},{"key":"a212l","text":"","type":"unstyled","depth":0,"inlineStyleRanges":[],"entityRanges":[],"data":{}},{"key":"flvkv","text":"curl ip:port","type":"unstyled","depth":0,"inlineStyleRanges":[],"entityRanges":[],"data":{}},{"key":"ftc4","text":"","type":"unstyled","depth":0,"inlineStyleRanges":[],"entityRanges":[],"data":{}},{"key":"8igh9","text":"说明:","type":"unstyled","depth":0,"inlineStyleRanges":[],"entityRanges":[],"data":{}},{"key":"5mtbc","text":"","type":"unstyled","depth":0,"inlineStyleRanges":[],"entityRanges":[],"data":{}},{"key":"5iutd","text":"ip:是测试主机的ip地址","type":"unstyled","depth":0,"inlineStyleRanges":[],"entityRanges":[],"data":{}},{"key":"fidr1","text":"","type":"unstyled","depth":0,"inlineStyleRanges":[],"entityRanges":[],"data":{}},{"key":"1u436","text":"port:是端口,比如80","type":"unstyled","depth":0,"inlineStyleRanges":[],"entityRanges":[],"data":{}},{"key":"4vija","text":"","type":"unstyled","depth":0,"inlineStyleRanges":[],"entityRanges":[],"data":{}},{"key":"3b959","text":"如果远程主机开通了相应的端口,都会输出信息,如果没有开通相应的端口,则没有任何提示,需要CTRL+C断开。","type":"unstyled","depth":0,"inlineStyleRanges":[],"entityRanges":[],"data":{}},{"key":"cdfes","text":"","type":"unstyled","depth":0,"inlineStyleRanges":[],"entityRanges":[],"data":{}},{"key":"dibpn","text":" ","type":"atomic","depth":0,"inlineStyleRanges":[],"entityRanges":[{"offset":0,"length":1,"key":4}],"data":{}},{"key":"chi6s","text":"","type":"unstyled","depth":0,"inlineStyleRanges":[],"entityRanges":[],"data":{}},{"key":"5irhe","text":"","type":"unstyled","depth":0,"inlineStyleRanges":[],"entityRanges":[],"data":{}},{"key":"2h6sv","text":"","type":"unstyled","depth":0,"inlineStyleRanges":[],"entityRanges":[],"data":{}},{"key":"4hi1i","text":"方法四:wget方法","type":"unstyled","depth":0,"inlineStyleRanges":[{"offset":0,"length":10,"style":"BOLD"}],"entityRanges":[],"data":{}},{"key":"dg5gh","text":"","type":"unstyled","depth":0,"inlineStyleRanges":[],"entityRanges":[],"data":{}},{"key":"27dng","text":"wget是一个从网络上自动下载文件的自由工具,支持通过HTTP、HTTPS、FTP三个最常见的TCP/IP协议下载,并可以使用HTTP代理。wget名称的由来是“World Wide Web”与“get”的结合,它也可以用来测试端口的连通性具体用法:","type":"unstyled","depth":0,"inlineStyleRanges":[],"entityRanges":[],"data":{}},{"key":"a2g73","text":"","type":"unstyled","depth":0,"inlineStyleRanges":[],"entityRanges":[],"data":{}},{"key":"64cnm","text":"wget ip:port","type":"unstyled","depth":0,"inlineStyleRanges":[],"entityRanges":[],"data":{}},{"key":"c6lpk","text":"","type":"unstyled","depth":0,"inlineStyleRanges":[],"entityRanges":[],"data":{}},{"key":"7otu","text":"说明:","type":"unstyled","depth":0,"inlineStyleRanges":[],"entityRanges":[],"data":{}},{"key":"ei36u","text":"","type":"unstyled","depth":0,"inlineStyleRanges":[],"entityRanges":[],"data":{}},{"key":"8qs6d","text":"ip:是测试主机的ip地址","type":"unstyled","depth":0,"inlineStyleRanges":[],"entityRanges":[],"data":{}},{"key":"1fq89","text":"","type":"unstyled","depth":0,"inlineStyleRanges":[],"entityRanges":[],"data":{}},{"key":"83ea7","text":"port:是端口,比如80","type":"unstyled","depth":0,"inlineStyleRanges":[],"entityRanges":[],"data":{}},{"key":"bha1n","text":"","type":"unstyled","depth":0,"inlineStyleRanges":[],"entityRanges":[],"data":{}},{"key":"b8909","text":"如果远程主机不存在端口则会一直提示连接主机。","type":"unstyled","depth":0,"inlineStyleRanges":[],"entityRanges":[],"data":{}},{"key":"a4p4t","text":"","type":"unstyled","depth":0,"inlineStyleRanges":[],"entityRanges":[],"data":{}},{"key":"96dpe","text":"","type":"unstyled","depth":0,"inlineStyleRanges":[],"entityRanges":[],"data":{}},{"key":"4cpi2","text":" ","type":"atomic","depth":0,"inlineStyleRanges":[],"entityRanges":[{"offset":0,"length":1,"key":5}],"data":{}},{"key":"e0fls","text":"","type":"unstyled","depth":0,"inlineStyleRanges":[],"entityRanges":[],"data":{}},{"key":"frsak","text":"","type":"unstyled","depth":0,"inlineStyleRanges":[],"entityRanges":[],"data":{}},{"key":"cs2mf","text":"如果远程主机存在端口则会看到相应的信息,如下图所示。","type":"unstyled","depth":0,"inlineStyleRanges":[],"entityRanges":[],"data":{}},{"key":"7jqma","text":" ","type":"atomic","depth":0,"inlineStyleRanges":[],"entityRanges":[{"offset":0,"length":1,"key":6}],"data":{}},{"key":"b46qk","text":"","type":"unstyled","depth":0,"inlineStyleRanges":[],"entityRanges":[],"data":{}},{"key":"ci865","text":"","type":"unstyled","depth":0,"inlineStyleRanges":[],"entityRanges":[],"data":{}},{"key":"9o831","text":"","type":"unstyled","depth":0,"inlineStyleRanges":[],"entityRanges":[],"data":{}},{"key":"69pf5","text":"","type":"unstyled","depth":0,"inlineStyleRanges":[],"entityRanges":[],"data":{}}],"entityMap":{"0":{"type":"image","mutability":"IMMUTABLE","data":{"src":"http://aliyunzixunbucket.oss-cn-beijing.aliyuncs.com/jpg/009e68cdd64f3476b58d5eabffc28cf7.jpg?x-oss-process=image/resize,p_100/auto-orient,1/quality,q_90/format,jpg/watermark,image_eXVuY2VzaGk=,t_100,g_se,x_0,y_0","width":51,"alignment":"default"}},"1":{"type":"image","mutability":"IMMUTABLE","data":{"src":"http://aliyunzixunbucket.oss-cn-beijing.aliyuncs.com/jpg/71ef79d150a5e8a63e92d7889250cce2.jpg?x-oss-process=image/resize,p_100/auto-orient,1/quality,q_90/format,jpg/watermark,image_eXVuY2VzaGk=,t_100,g_se,x_0,y_0","width":46}},"2":{"type":"image","mutability":"IMMUTABLE","data":{"src":"http://aliyunzixunbucket.oss-cn-beijing.aliyuncs.com/jpg/8abd5ae20d0dd5cbc33095047fdc7d4a.jpg?x-oss-process=image/resize,p_100/auto-orient,1/quality,q_90/format,jpg/watermark,image_eXVuY2VzaGk=,t_100,g_se,x_0,y_0","width":44}},"3":{"type":"image","mutability":"IMMUTABLE","data":{"src":"http://aliyunzixunbucket.oss-cn-beijing.aliyuncs.com/jpg/30bb7641ce29a897d8b344efa783d085.jpg?x-oss-process=image/resize,p_100/auto-orient,1/quality,q_90/format,jpg/watermark,image_eXVuY2VzaGk=,t_100,g_se,x_0,y_0","width":53}},"4":{"type":"image","mutability":"IMMUTABLE","data":{"src":"http://aliyunzixunbucket.oss-cn-beijing.aliyuncs.com/jpg/3603623912d03932de77f6830910b340.jpg?x-oss-process=image/resize,p_100/auto-orient,1/quality,q_90/format,jpg/watermark,image_eXVuY2VzaGk=,t_100,g_se,x_0,y_0","width":57}},"5":{"type":"image","mutability":"IMMUTABLE","data":{"src":"http://aliyunzixunbucket.oss-cn-beijing.aliyuncs.com/jpg/192fd66f1b2d3b22a0941e78627c50c5.jpg?x-oss-process=image/resize,p_100/auto-orient,1/quality,q_90/format,jpg/watermark,image_eXVuY2VzaGk=,t_100,g_se,x_0,y_0","width":64}},"6":{"type":"image","mutability":"IMMUTABLE","data":{"src":"http://aliyunzixunbucket.oss-cn-beijing.aliyuncs.com/jpg/06f1b33f8702a1aa0ffa41166606a96a.jpg?x-oss-process=image/resize,p_100/auto-orient,1/quality,q_90/format,jpg/watermark,image_eXVuY2VzaGk=,t_100,g_se,x_0,y_0","width":66}}}},"tags":[]}
