{"_id":"Sk56hkVDO","title":"反向ssh","dateCreated":1619422402413,"lastAccessed":"2021-04-26T07:33:22.416Z","lastUpdated":"2021-04-26T07:40:12.050Z","notebookId":"SkoO2OlkD","body":{"blocks":[{"key":"ag6qs","text":"反向ssh","type":"header-one","depth":0,"inlineStyleRanges":[],"entityRanges":[],"data":{}},{"key":"68bno","text":"","type":"divider","depth":0,"inlineStyleRanges":[],"entityRanges":[],"data":{}},{"key":"2p3a8","text":"server:     server无法直接ssh到client","type":"unstyled","depth":0,"inlineStyleRanges":[],"entityRanges":[],"data":{}},{"key":"4i00r","text":"client：    client可以直接ssh到server","type":"unstyled","depth":0,"inlineStyleRanges":[],"entityRanges":[],"data":{}},{"key":"5ti6s","text":"要求：","type":"unstyled","depth":0,"inlineStyleRanges":[],"entityRanges":[],"data":{}},{"key":"8mbt7","text":"    搭建server到client的反向ssh","type":"unstyled","depth":0,"inlineStyleRanges":[],"entityRanges":[],"data":{}},{"key":"7otdk","text":"","type":"unstyled","depth":0,"inlineStyleRanges":[],"entityRanges":[],"data":{}},{"key":"8ekrc","text":"client执行命令：","type":"unstyled","depth":0,"inlineStyleRanges":[{"offset":0,"length":6,"style":"BOLD"}],"entityRanges":[],"data":{}},{"key":"6tus3","text":"ssh -fCNR [B机器IP或省略]:[B机器反向ssh的端口]:[A机器的IP]:[A机器ssh端口] [登陆B机器的用户名@服务器IP]","type":"custom-code-block-c","depth":0,"inlineStyleRanges":[],"entityRanges":[],"data":{}},{"key":"3f43l","text":"server执行命令：","type":"unstyled","depth":0,"inlineStyleRanges":[{"offset":0,"length":6,"style":"BOLD"}],"entityRanges":[],"data":{}},{"key":"9h257","text":"ssh root@localhost -p [B机器反向ssh的端口]","type":"custom-code-block-c","depth":0,"inlineStyleRanges":[],"entityRanges":[],"data":{}},{"key":"ff7vn","text":"","type":"unstyled","depth":0,"inlineStyleRanges":[],"entityRanges":[],"data":{}},{"key":"6nu79","text":"实例","type":"unstyled","depth":0,"inlineStyleRanges":[{"offset":0,"length":2,"style":"BOLD"}],"entityRanges":[],"data":{}},{"key":"59kd9","text":"39.96.27.138             server端ip地址","type":"custom-code-block-c","depth":0,"inlineStyleRanges":[{"offset":0,"length":13,"style":"BOLD"}],"entityRanges":[],"data":{}},{"key":"c6qql","text":"","type":"custom-code-block-c","depth":0,"inlineStyleRanges":[],"entityRanges":[],"data":{}},{"key":"2ngsv","text":"192.168.1.2              client的实际ip地址(内网ip地址)","type":"custom-code-block-c","depth":0,"inlineStyleRanges":[],"entityRanges":[],"data":{}},{"key":"2m5h6","text":"","type":"custom-code-block-c","depth":0,"inlineStyleRanges":[],"entityRanges":[],"data":{}},{"key":"2veok","text":"搭建server到client的反向ssh","type":"custom-code-block-c","depth":0,"inlineStyleRanges":[],"entityRanges":[],"data":{}},{"key":"3lqin","text":"","type":"unstyled","depth":0,"inlineStyleRanges":[],"entityRanges":[],"data":{}},{"key":"rgef","text":"client:","type":"unstyled","depth":0,"inlineStyleRanges":[],"entityRanges":[],"data":{}},{"key":"cv1bd","text":"ssh -fCNR 7280:localhost:22 root@39.96.27.138 -p 2201","type":"custom-code-block-c","depth":0,"inlineStyleRanges":[],"entityRanges":[],"data":{}},{"key":"787jf","text":"//输入的是server的ssh的用户名密码","type":"custom-code-block-c","depth":0,"inlineStyleRanges":[],"entityRanges":[],"data":{}},{"key":"f2jio","text":"","type":"unstyled","depth":0,"inlineStyleRanges":[],"entityRanges":[],"data":{}},{"key":"dsci","text":"server：","type":"unstyled","depth":0,"inlineStyleRanges":[],"entityRanges":[],"data":{}},{"key":"9kdv7","text":"ssh admin@127.0.0.1 -p 7280","type":"custom-code-block-c","depth":0,"inlineStyleRanges":[],"entityRanges":[],"data":{}},{"key":"al2gb","text":"//输入的是client的ssh的用户名密码","type":"custom-code-block-c","depth":0,"inlineStyleRanges":[],"entityRanges":[],"data":{}}],"entityMap":{}},"tags":[]}
