{"_id":"SkUpnOgyw","title":"GDB","dateCreated":1594031293427,"lastAccessed":"2020-07-06T10:28:13.539Z","lastUpdated":"2021-03-31T03:02:27.332Z","notebookId":"SkoO2OlkD","body":{"blocks":[{"key":"67mal","text":"GDB","type":"header-one","depth":0,"inlineStyleRanges":[],"entityRanges":[],"data":{}},{"key":"dglcm","text":"","type":"unstyled","depth":0,"inlineStyleRanges":[],"entityRanges":[],"data":{}},{"key":"c375n","text":"gdb ≥V7.0","type":"unstyled","depth":0,"inlineStyleRanges":[{"offset":0,"length":9,"style":"INLINECODE"}],"entityRanges":[],"data":{}},{"key":"amkpv","text":"","type":"divider","depth":0,"inlineStyleRanges":[],"entityRanges":[],"data":{}},{"key":"3in3h","text":"","type":"unstyled","depth":0,"inlineStyleRanges":[],"entityRanges":[],"data":{}},{"key":"90ffn","text":"Command","type":"unstyled","depth":0,"inlineStyleRanges":[],"entityRanges":[],"data":{}},{"key":"145i3","text":"","type":"divider","depth":0,"inlineStyleRanges":[],"entityRanges":[],"data":{}},{"key":"9h5lr","text":"where        查看当前位置","type":"custom-code-block-bash","depth":0,"inlineStyleRanges":[],"entityRanges":[],"data":{}},{"key":"auqm","text":"","type":"unstyled","depth":0,"inlineStyleRanges":[],"entityRanges":[],"data":{}},{"key":"d2g8j","text":"打印字符串长度设置","type":"header-three","depth":0,"inlineStyleRanges":[{"offset":0,"length":9,"style":"BOLD"}],"entityRanges":[],"data":{}},{"key":"10j68","text":"","type":"divider","depth":0,"inlineStyleRanges":[],"entityRanges":[],"data":{}},{"key":"4vba7","text":"问题：","type":"unstyled","depth":0,"inlineStyleRanges":[{"offset":0,"length":3,"style":"INLINECODE"}],"entityRanges":[],"data":{}},{"key":"5dhsu","text":"那如何才能将长字符串显示完整呢？如果字符串比较长，又是依据什么来显示字符串呢？","type":"unstyled","depth":0,"inlineStyleRanges":[{"offset":0,"length":39,"style":"INLINECODE"}],"entityRanges":[],"data":{}},{"key":"7s7a0","text":"","type":"unstyled","depth":0,"inlineStyleRanges":[],"entityRanges":[],"data":{}},{"key":"dai6c","text":"通过以下命令可以查看：","type":"unstyled","depth":0,"inlineStyleRanges":[],"entityRanges":[],"data":{}},{"key":"590th","text":"(gdb) show print elements","type":"custom-code-block-c","depth":0,"inlineStyleRanges":[{"offset":6,"length":19,"style":"INLINECODE"}],"entityRanges":[],"data":{}},{"key":"15utc","text":"Limit on string chars or array elements to print is 200.","type":"custom-code-block-c","depth":0,"inlineStyleRanges":[],"entityRanges":[],"data":{}},{"key":"bp02c","text":"","type":"unstyled","depth":0,"inlineStyleRanges":[],"entityRanges":[],"data":{}},{"key":"56lt0","text":"其次，如何更改打印的字符串长度值？","type":"unstyled","depth":0,"inlineStyleRanges":[],"entityRanges":[],"data":{}},{"key":"bmujg","text":"可以通过命令：","type":"unstyled","depth":0,"inlineStyleRanges":[],"entityRanges":[],"data":{}},{"key":"44r54","text":"(gdb) set print elements 0","type":"custom-code-block-c","depth":0,"inlineStyleRanges":[{"offset":6,"length":20,"style":"BOLD"}],"entityRanges":[],"data":{}},{"key":"5hr20","text":"(gdb) show print elements ","type":"custom-code-block-c","depth":0,"inlineStyleRanges":[],"entityRanges":[],"data":{}},{"key":"9nmce","text":"Limit on string chars or array elements to print is unlimited.","type":"custom-code-block-c","depth":0,"inlineStyleRanges":[],"entityRanges":[],"data":{}},{"key":"6gcdg","text":"","type":"unstyled","depth":0,"inlineStyleRanges":[],"entityRanges":[],"data":{}},{"key":"2vm3o","text":"","type":"unstyled","depth":0,"inlineStyleRanges":[],"entityRanges":[],"data":{}},{"key":"26nif","text":"调试多进程","type":"header-three","depth":0,"inlineStyleRanges":[{"offset":0,"length":5,"style":"BOLD"}],"entityRanges":[],"data":{}},{"key":"c6da0","text":"","type":"divider","depth":0,"inlineStyleRanges":[],"entityRanges":[],"data":{}},{"key":"16hrm","text":"follow-fork-mode ","type":"unordered-list-item","depth":0,"inlineStyleRanges":[{"offset":0,"length":16,"style":"BOLD"},{"offset":0,"length":16,"style":"INLINECODE"}],"entityRanges":[],"data":{}},{"key":"bguie","text":"    执行fork()系统调用之后，是调试父进程还是调试子进程","type":"unstyled","depth":0,"inlineStyleRanges":[{"offset":6,"length":6,"style":"INLINECODE"}],"entityRanges":[],"data":{}},{"key":"ss98","text":"set follow-fork-mode [child|parent]           #配置","type":"custom-code-block-bash","depth":0,"inlineStyleRanges":[],"entityRanges":[],"data":{}},{"key":"5c5bs","text":"child                调试子进程","type":"custom-code-block-bash","depth":0,"inlineStyleRanges":[],"entityRanges":[],"data":{}},{"key":"eh8vi","text":"parent               调试父进程(默认值)","type":"custom-code-block-bash","depth":0,"inlineStyleRanges":[],"entityRanges":[],"data":{}},{"key":"57jfm","text":"","type":"custom-code-block-bash","depth":0,"inlineStyleRanges":[],"entityRanges":[],"data":{}},{"key":"6h52v","text":"show follow-fork-mode                        #查看","type":"custom-code-block-bash","depth":0,"inlineStyleRanges":[],"entityRanges":[],"data":{}},{"key":"egnpn","text":"detach-on-fork","type":"unordered-list-item","depth":0,"inlineStyleRanges":[{"offset":0,"length":14,"style":"INLINECODE"},{"offset":0,"length":14,"style":"BOLD"}],"entityRanges":[],"data":{}},{"key":"8262c","text":"    在调用fork()后相关进程(未受控制 ，非调试进程)的运行行为","type":"unstyled","depth":0,"inlineStyleRanges":[{"offset":7,"length":6,"style":"INLINECODE"},{"offset":18,"length":13,"style":"INLINECODE"}],"entityRanges":[],"data":{}},{"key":"e8uul","text":"set detach-on-fork [on|off]                #配置","type":"custom-code-block-bash","depth":0,"inlineStyleRanges":[],"entityRanges":[],"data":{}},{"key":"5t9g0","text":"on                独立运行","type":"custom-code-block-bash","depth":0,"inlineStyleRanges":[],"entityRanges":[],"data":{}},{"key":"esoer","text":"off                block","type":"custom-code-block-bash","depth":0,"inlineStyleRanges":[],"entityRanges":[],"data":{}},{"key":"6va5h","text":"","type":"custom-code-block-bash","depth":0,"inlineStyleRanges":[],"entityRanges":[],"data":{}},{"key":"9ub3o","text":"show detach-on-fork                        #查看","type":"custom-code-block-bash","depth":0,"inlineStyleRanges":[],"entityRanges":[],"data":{}},{"key":"68gnj","text":"组合使用","type":"unordered-list-item","depth":0,"inlineStyleRanges":[{"offset":0,"length":4,"style":"BOLD"}],"entityRanges":[],"data":{}},{"key":"80otc","text":"follow-fork-mode     detach-on-fork","type":"custom-code-block-bash","depth":0,"inlineStyleRanges":[],"entityRanges":[],"data":{}},{"key":"2c6k5","text":"parent                   on               只调试主进程（GDB默认）","type":"custom-code-block-bash","depth":0,"inlineStyleRanges":[],"entityRanges":[],"data":{}},{"key":"3var8","text":"child                    on               只调试子进程","type":"custom-code-block-bash","depth":0,"inlineStyleRanges":[],"entityRanges":[],"data":{}},{"key":"b5ghc","text":"parent                   off              同时调试两个进程，gdb跟主进程，子进程block在fork位置","type":"custom-code-block-bash","depth":0,"inlineStyleRanges":[],"entityRanges":[],"data":{}},{"key":"3ierh","text":"child                    off              同时调试两个进程，gdb跟子进程，主进程block在fork位置","type":"custom-code-block-bash","depth":0,"inlineStyleRanges":[],"entityRanges":[],"data":{}},{"key":"c2ccg","text":"命令","type":"unordered-list-item","depth":0,"inlineStyleRanges":[{"offset":0,"length":2,"style":"BOLD"}],"entityRanges":[],"data":{}},{"key":"af5k8","text":"info inferiors                #查询正在调试的进程","type":"custom-code-block-bash","depth":0,"inlineStyleRanges":[{"offset":0,"length":15,"style":"BOLD"},{"offset":0,"length":4,"style":"INLINECODE"}],"entityRanges":[],"data":{}},{"key":"ejp78","text":"","type":"custom-code-block-bash","depth":0,"inlineStyleRanges":[],"entityRanges":[],"data":{}},{"key":"9qcqv","text":"inferior <infer number>       #切换调试的进程","type":"custom-code-block-bash","depth":0,"inlineStyleRanges":[{"offset":0,"length":23,"style":"BOLD"},{"offset":0,"length":9,"style":"INLINECODE"}],"entityRanges":[],"data":{}},{"key":"7v3d5","text":"","type":"custom-code-block-bash","depth":0,"inlineStyleRanges":[],"entityRanges":[],"data":{}},{"key":"17ml6","text":"inferiors <processid>  切换进程","type":"custom-code-block-bash","depth":0,"inlineStyleRanges":[{"offset":0,"length":21,"style":"BOLD"},{"offset":0,"length":9,"style":"INLINECODE"}],"entityRanges":[],"data":{}},{"key":"564gc","text":"","type":"custom-code-block-bash","depth":0,"inlineStyleRanges":[],"entityRanges":[],"data":{}},{"key":"59no6","text":"detach inferiors <processid>     detach一个由指定的进程，然后从fork 列表里删除。这个进程会被","type":"custom-code-block-bash","depth":0,"inlineStyleRanges":[{"offset":0,"length":29,"style":"BOLD"},{"offset":0,"length":16,"style":"INLINECODE"}],"entityRanges":[],"data":{}},{"key":"4p5mg","text":"","type":"custom-code-block-bash","depth":0,"inlineStyleRanges":[],"entityRanges":[],"data":{}},{"key":"3nkbu","text":"允许继续独立运行。","type":"custom-code-block-bash","depth":0,"inlineStyleRanges":[],"entityRanges":[],"data":{}},{"key":"eqhlu","text":"","type":"custom-code-block-bash","depth":0,"inlineStyleRanges":[],"entityRanges":[],"data":{}},{"key":"ap33u","text":"kill inferiors <processid>  杀死一个由指定的进程，然后从fork 列表里删除。","type":"custom-code-block-bash","depth":0,"inlineStyleRanges":[{"offset":0,"length":26,"style":"BOLD"},{"offset":0,"length":14,"style":"INLINECODE"}],"entityRanges":[],"data":{}},{"key":"c8mrf","text":"","type":"custom-code-block-bash","depth":0,"inlineStyleRanges":[],"entityRanges":[],"data":{}},{"key":"6j31p","text":"catch fork  让程序在fork，vfork或者exec调用的时候中断","type":"custom-code-block-bash","depth":0,"inlineStyleRanges":[{"offset":0,"length":10,"style":"BOLD"},{"offset":0,"length":5,"style":"INLINECODE"}],"entityRanges":[],"data":{}},{"key":"23s5q","text":"经验","type":"unordered-list-item","depth":0,"inlineStyleRanges":[{"offset":0,"length":2,"style":"BOLD"}],"entityRanges":[],"data":{}},{"key":"29ri7","text":"在fork函数调用之前使用上面两个配置命令，结束后可以恢复配置。","type":"custom-code-block-bash","depth":0,"inlineStyleRanges":[{"offset":1,"length":4,"style":"INLINECODE"}],"entityRanges":[],"data":{}},{"key":"dikca","text":"断点","type":"unordered-list-item","depth":0,"inlineStyleRanges":[],"entityRanges":[],"data":{}},{"key":"dugkq","text":"b file:linenum  在file的linenum行处添加断点。","type":"custom-code-block-bash","depth":0,"inlineStyleRanges":[{"offset":0,"length":14,"style":"INLINECODE"}],"entityRanges":[],"data":{}},{"key":"dtq9n","text":"","type":"custom-code-block-bash","depth":0,"inlineStyleRanges":[],"entityRanges":[],"data":{}},{"key":"5bo54","text":"b <函数名>       根据函数名设置断点","type":"custom-code-block-bash","depth":0,"inlineStyleRanges":[{"offset":0,"length":14,"style":"BOLD"},{"offset":16,"length":3,"style":"BOLD"}],"entityRanges":[],"data":{}},{"key":"6hpr8","text":"b file:linenum if cond   条件断点","type":"custom-code-block-bash","depth":0,"inlineStyleRanges":[{"offset":0,"length":1,"style":"INLINECODE"}],"entityRanges":[],"data":{}},{"key":"estk","text":"","type":"unstyled","depth":0,"inlineStyleRanges":[],"entityRanges":[],"data":{}},{"key":"bs7mf","text":"调试多线程","type":"unstyled","depth":0,"inlineStyleRanges":[{"offset":0,"length":5,"style":"BOLD"}],"entityRanges":[],"data":{}},{"key":"bbtpq","text":"","type":"divider","depth":0,"inlineStyleRanges":[],"entityRanges":[],"data":{}},{"key":"30nlg","text":"info thread  ","type":"unordered-list-item","depth":0,"inlineStyleRanges":[{"offset":0,"length":13,"style":"BOLD"},{"offset":0,"length":11,"style":"INLINECODE"}],"entityRanges":[],"data":{}},{"key":"j65q","text":"      查看当前进程的线程","type":"unstyled","depth":0,"inlineStyleRanges":[{"offset":6,"length":9,"style":"BOLD"}],"entityRanges":[],"data":{}},{"key":"12vja","text":"thread <ID>  ","type":"unordered-list-item","depth":0,"inlineStyleRanges":[{"offset":0,"length":11,"style":"INLINECODE"}],"entityRanges":[],"data":{}},{"key":"88rhu","text":"      切换调试的线程为指定ID的线程","type":"unstyled","depth":0,"inlineStyleRanges":[{"offset":6,"length":15,"style":"BOLD"}],"entityRanges":[],"data":{}},{"key":"5h64g","text":"break file.c:100 thread all  ","type":"unordered-list-item","depth":0,"inlineStyleRanges":[{"offset":0,"length":27,"style":"INLINECODE"}],"entityRanges":[],"data":{}},{"key":"1u6q2","text":"在file.c文件第100行处为所有经过这里的线程设置断点","type":"custom-code-block-bash","depth":0,"inlineStyleRanges":[{"offset":0,"length":29,"style":"BOLD"}],"entityRanges":[],"data":{}},{"key":"6ctqa","text":"set scheduler-lockin  [off| on | step]","type":"unordered-list-item","depth":0,"inlineStyleRanges":[{"offset":0,"length":20,"style":"INLINECODE"},{"offset":23,"length":3,"style":"INLINECODE"},{"offset":28,"length":2,"style":"INLINECODE"},{"offset":33,"length":4,"style":"INLINECODE"}],"entityRanges":[],"data":{}},{"key":"ad5r2","text":"使用step或者continue命令调试当前被调试线程的时候，其他线程也是同时执行的，怎么只让被调试程序执行呢？通过这个命令就可以实现这个需求.","type":"custom-code-block-bash","depth":0,"inlineStyleRanges":[{"offset":45,"length":9,"style":"BOLD"}],"entityRanges":[],"data":{}},{"key":"aa3kl","text":"off     不锁定任何线程，也就是所有线程都执行，这是默认值。","type":"custom-code-block-bash","depth":0,"inlineStyleRanges":[{"offset":0,"length":3,"style":"BOLD"}],"entityRanges":[],"data":{}},{"key":"4m1vc","text":"on      只有当前被调试程序会执行。","type":"custom-code-block-bash","depth":0,"inlineStyleRanges":[{"offset":0,"length":2,"style":"BOLD"}],"entityRanges":[],"data":{}},{"key":"dhm9","text":"step    在单步的时候，除了next过一个函数的情况(熟悉情况的人可能知道，这其实是一个设置断点然后continue的行为)以外，只有当前线程会执行。","type":"custom-code-block-bash","depth":0,"inlineStyleRanges":[{"offset":0,"length":4,"style":"BOLD"}],"entityRanges":[],"data":{}},{"key":"9dktr","text":"","type":"unstyled","depth":0,"inlineStyleRanges":[],"entityRanges":[],"data":{}},{"key":"8d92a","text":"","type":"unstyled","depth":0,"inlineStyleRanges":[],"entityRanges":[],"data":{}},{"key":"fea4c","text":"调试宏","type":"unstyled","depth":0,"inlineStyleRanges":[{"offset":0,"length":3,"style":"BOLD"}],"entityRanges":[],"data":{}},{"key":"d1skf","text":"","type":"divider","depth":0,"inlineStyleRanges":[],"entityRanges":[],"data":{}},{"key":"7khpe","text":"这个问题超多。在GDB下，我们无法print宏定义，因为宏是预编译的。但是我们还是有办法来调试宏，这个需要GCC的配合。","type":"unstyled","depth":0,"inlineStyleRanges":[],"entityRanges":[],"data":{}},{"key":"9vmrn","text":"在GCC编译程序的时候，加上-ggdb3参数，这样，你就可以调试宏了。","type":"unstyled","depth":0,"inlineStyleRanges":[],"entityRanges":[],"data":{}},{"key":"1stkc","text":"另外，你可以使用下述的GDB的宏调试命令 来查看相关的宏。","type":"unstyled","depth":0,"inlineStyleRanges":[],"entityRanges":[],"data":{}},{"key":"a5jfg","text":"info macro – 你可以查看这个宏在哪些文件里被引用了，以及宏定义是什么样的。","type":"custom-code-block-bash","depth":0,"inlineStyleRanges":[{"offset":0,"length":10,"style":"INLINECODE"},{"offset":0,"length":10,"style":"BOLD"}],"entityRanges":[],"data":{}},{"key":"31mnn","text":"macro – 你可以查看宏展开的样子。","type":"custom-code-block-bash","depth":0,"inlineStyleRanges":[{"offset":0,"length":5,"style":"BOLD"},{"offset":0,"length":5,"style":"INLINECODE"}],"entityRanges":[],"data":{}},{"key":"d2i2u","text":"","type":"unstyled","depth":0,"inlineStyleRanges":[],"entityRanges":[],"data":{}},{"key":"e3e4h","text":"调试正在运行的程序","type":"unstyled","depth":0,"inlineStyleRanges":[{"offset":0,"length":9,"style":"BOLD"}],"entityRanges":[],"data":{}},{"key":"c6e7v","text":"首先获得程序的PID","type":"divider","depth":0,"inlineStyleRanges":[],"entityRanges":[],"data":{}},{"key":"r92p","text":"1. 首先获得程序的PID。","type":"unstyled","depth":0,"inlineStyleRanges":[],"entityRanges":[],"data":{}},{"key":"6tksp","text":"ps -ef | grep processName","type":"custom-code-block-bash","depth":0,"inlineStyleRanges":[],"entityRanges":[],"data":{}},{"key":"8ct66","text":"2. 进入调试程序","type":"unstyled","depth":0,"inlineStyleRanges":[],"entityRanges":[],"data":{}},{"key":"65k0","text":"gdb attach <PID>  ","type":"custom-code-block-bash","depth":0,"inlineStyleRanges":[{"offset":0,"length":18,"style":"BOLD"},{"offset":0,"length":10,"style":"INLINECODE"},{"offset":12,"length":3,"style":"INLINECODE"}],"entityRanges":[],"data":{}},{"key":"ei6b0","text":"","type":"unstyled","depth":0,"inlineStyleRanges":[],"entityRanges":[],"data":{}},{"key":"ar9r","text":"举列:","type":"unstyled","depth":0,"inlineStyleRanges":[{"offset":0,"length":3,"style":"BOLD"}],"entityRanges":[],"data":{}},{"key":"2r68r","text":"运行gdb:","type":"custom-code-block-bash","depth":0,"inlineStyleRanges":[],"entityRanges":[],"data":{}},{"key":"d3bsj","text":"gdb","type":"custom-code-block-bash","depth":0,"inlineStyleRanges":[],"entityRanges":[],"data":{}},{"key":"47n8q","text":"(gdb) attach xxxxx --- xxxxx为利用ps命令获得的子进程process id","type":"custom-code-block-bash","depth":0,"inlineStyleRanges":[{"offset":6,"length":6,"style":"INLINECODE"}],"entityRanges":[],"data":{}},{"key":"cv28h","text":"","type":"custom-code-block-bash","depth":0,"inlineStyleRanges":[],"entityRanges":[],"data":{}},{"key":"9jkqv","text":"(gdb) stop --- 这点很重要，你需要先暂停那个子进程，然后设置一些断点和一些Watch.","type":"custom-code-block-bash","depth":0,"inlineStyleRanges":[{"offset":6,"length":4,"style":"INLINECODE"}],"entityRanges":[],"data":{}},{"key":"24g27","text":"","type":"custom-code-block-bash","depth":0,"inlineStyleRanges":[],"entityRanges":[],"data":{}},{"key":"94jfh","text":"(gdb) break 37 -- 在result = wib(value, div);这行设置一个断点,可以使用list命令察看源代码.","type":"custom-code-block-bash","depth":0,"inlineStyleRanges":[{"offset":6,"length":5,"style":"INLINECODE"}],"entityRanges":[],"data":{}},{"key":"7ltg9","text":"Breakpoint 1 at 0x10808: file eg1.c, line 37.","type":"custom-code-block-bash","depth":0,"inlineStyleRanges":[],"entityRanges":[],"data":{}},{"key":"at50n","text":"","type":"custom-code-block-bash","depth":0,"inlineStyleRanges":[],"entityRanges":[],"data":{}},{"key":"9ork2","text":"(gdb) continue","type":"custom-code-block-bash","depth":0,"inlineStyleRanges":[{"offset":6,"length":8,"style":"INLINECODE"}],"entityRanges":[],"data":{}},{"key":"7k379","text":"Continuing.","type":"custom-code-block-bash","depth":0,"inlineStyleRanges":[],"entityRanges":[],"data":{}},{"key":"aakva","text":"","type":"custom-code-block-bash","depth":0,"inlineStyleRanges":[],"entityRanges":[],"data":{}},{"key":"2on3","text":"(gdb) step","type":"custom-code-block-bash","depth":0,"inlineStyleRanges":[{"offset":6,"length":4,"style":"INLINECODE"}],"entityRanges":[],"data":{}},{"key":"59v05","text":"wib (no1=10, no2=6) at eg1.c:13","type":"custom-code-block-bash","depth":0,"inlineStyleRanges":[],"entityRanges":[],"data":{}},{"key":"gve5","text":"13              diff = no1 - no2;","type":"custom-code-block-bash","depth":0,"inlineStyleRanges":[],"entityRanges":[],"data":{}},{"key":"eje9e","text":"","type":"unstyled","depth":0,"inlineStyleRanges":[],"entityRanges":[],"data":{}},{"key":"1gh7r","text":"小知识","type":"unstyled","depth":0,"inlineStyleRanges":[],"entityRanges":[],"data":{}},{"key":"doapc","text":"","type":"divider","depth":0,"inlineStyleRanges":[],"entityRanges":[],"data":{}},{"key":"5ocbe","text":"gdb 调试动态库","type":"unstyled","depth":0,"inlineStyleRanges":[],"entityRanges":[],"data":{}},{"key":"106ib","text":"步骤：","type":"unstyled","depth":0,"inlineStyleRanges":[{"offset":0,"length":3,"style":"BOLD"}],"entityRanges":[],"data":{}},{"key":"7ngh9","text":"重新编译动态库文件，加上 -g  -ggdb","type":"ordered-list-item","depth":0,"inlineStyleRanges":[{"offset":12,"length":10,"style":"INLINECODE"}],"entityRanges":[],"data":{}},{"key":"9liri","text":"进入库函数处，设置断点。会提示“是否加载动态库”，选择“Y”","type":"ordered-list-item","depth":0,"inlineStyleRanges":[{"offset":2,"length":3,"style":"BOLD"},{"offset":28,"length":1,"style":"BOLD"}],"entityRanges":[],"data":{}},{"key":"g5bc","text":"此时，可以增加动态库的断点","type":"ordered-list-item","depth":0,"inlineStyleRanges":[],"entityRanges":[],"data":{}},{"key":"7s4ov","text":"","type":"unstyled","depth":0,"inlineStyleRanges":[],"entityRanges":[],"data":{}},{"key":"a8f2v","text":"gdb 调试程序时, \"No such file or directory.\"","type":"header-two","depth":0,"inlineStyleRanges":[],"entityRanges":[],"data":{}},{"key":"3fedi","text":"","type":"divider","depth":0,"inlineStyleRanges":[],"entityRanges":[],"data":{}},{"key":"8ltq4","text":"gdb 调试程序时,出现:","type":"unstyled","depth":0,"inlineStyleRanges":[],"entityRanges":[],"data":{}},{"key":"679t9","text":"Breakpoint 1, main () at test.c:5","type":"unstyled","depth":0,"inlineStyleRanges":[],"entityRanges":[],"data":{}},{"key":"e532d","text":"5 test.c: No such file or directory.","type":"unstyled","depth":0,"inlineStyleRanges":[],"entityRanges":[],"data":{}},{"key":"bq22d","text":"原因: 原来在可执行程序中包含的调试信息(源代码)只是对源文件的一个链接","type":"unstyled","depth":0,"inlineStyleRanges":[{"offset":5,"length":31,"style":"INLINECODE"}],"entityRanges":[],"data":{}},{"key":"arl88","text":"过程: 期间我尝试了很多arm-poky-linux-gnueabi-gcc关于调试的参数 -g -gdwarf-2 -O0等等,都不行, 最后搜索到https://www.hzscqda.cn/wenjian/18921.html这篇文章, 才提到可能跟源文件有关, 所以才想起来这个问题.","type":"unstyled","depth":0,"inlineStyleRanges":[],"entityRanges":[],"data":{}},{"key":"16lro","text":"解决: 将源代码文件拷贝相应目录(保持编译后源文件与可执行文件的相对位置)","type":"unstyled","depth":0,"inlineStyleRanges":[{"offset":4,"length":33,"style":"INLINECODE"}],"entityRanges":[],"data":{}},{"key":"2h5ov","text":"结论: 使用gdb调试时,要将源文件,可执行文件一同复制过去","type":"unstyled","depth":0,"inlineStyleRanges":[],"entityRanges":[],"data":{}},{"key":"dvced","text":"","type":"unstyled","depth":0,"inlineStyleRanges":[],"entityRanges":[],"data":{}},{"key":"81q2m","text":"","type":"unstyled","depth":0,"inlineStyleRanges":[],"entityRanges":[],"data":{}},{"key":"10dio","text":"GDB 修改当前判断函数的返回值（即修改寄存器的值）的方法","type":"unstyled","depth":0,"inlineStyleRanges":[],"entityRanges":[],"data":{}},{"key":"7i24n","text":"","type":"divider","depth":0,"inlineStyleRanges":[],"entityRanges":[],"data":{}},{"key":"mhtk","text":"方法：","type":"unstyled","depth":0,"inlineStyleRanges":[],"entityRanges":[],"data":{}},{"key":"bmhu0","text":"1，在调试到该函数时， s    (step) 进入该判断条件函数；","type":"unstyled","depth":0,"inlineStyleRanges":[],"entityRanges":[],"data":{}},{"key":"1dt0a","text":"2，disassemble            ----反编译一下当前函数","type":"unstyled","depth":0,"inlineStyleRanges":[],"entityRanges":[],"data":{}},{"key":"98lgu","text":"3，i r (info registers)    ----查看当前寄存器的值，主要是第一个，可能是eax,也可能是rax,,我的就是rax,,,记住是第一行寄存器里边存着的就是返回值；","type":"unstyled","depth":0,"inlineStyleRanges":[],"entityRanges":[],"data":{}},{"key":"32p39","text":"4，寻找判断位置，在函数执行完时，查看寄存器的值，(函数体内)   i  r      ;","type":"unstyled","depth":0,"inlineStyleRanges":[],"entityRanges":[],"data":{}},{"key":"bq769","text":"5，在函数返回前，，，，当前行为----     }     ，在此处修改寄存器的值， set $rax= 1     通过set命令修改寄存器的值，需要在寄存器前边加 字符$    ----一个shell 判断当前指向的标志","type":"unstyled","depth":0,"inlineStyleRanges":[],"entityRanges":[],"data":{}},{"key":"ihna","text":"6，i f    修改完寄存器后查看修改情况；","type":"unstyled","depth":0,"inlineStyleRanges":[],"entityRanges":[],"data":{}},{"key":"27lep","text":"7， n   或者   s        进入下一行调试，修改完成。","type":"unstyled","depth":0,"inlineStyleRanges":[],"entityRanges":[],"data":{}},{"key":"7udsj","text":"","type":"unstyled","depth":0,"inlineStyleRanges":[],"entityRanges":[],"data":{}},{"key":"7kgmh","text":"","type":"unstyled","depth":0,"inlineStyleRanges":[],"entityRanges":[],"data":{}},{"key":"v90f","text":"","type":"unstyled","depth":0,"inlineStyleRanges":[],"entityRanges":[],"data":{}}],"entityMap":{}},"tags":[]}
