{"_id":"SkWVQUwED","title":"Linux查看分区文件系统类型总结","dateCreated":1599722280833,"lastAccessed":"2020-09-10T07:18:00.833Z","lastUpdated":"2020-09-10T07:22:12.547Z","notebookId":"SkoO2OlkD","body":{"blocks":[{"key":"ag6qs","text":"Linux查看分区文件系统类型总结","type":"header-one","depth":0,"inlineStyleRanges":[],"entityRanges":[],"data":{}},{"key":"8ra4g","text":"","type":"unstyled","depth":0,"inlineStyleRanges":[],"entityRanges":[],"data":{}},{"key":"cgh60","text":"","type":"divider","depth":0,"inlineStyleRanges":[],"entityRanges":[],"data":{}},{"key":"djlhm","text":"","type":"unstyled","depth":0,"inlineStyleRanges":[],"entityRanges":[],"data":{}},{"key":"a7lgm","text":"1. df -T 命令查看","type":"header-three","depth":0,"inlineStyleRanges":[],"entityRanges":[],"data":{}},{"key":"59kd9","text":"这个是最简单的命令，文件系统类型在Type列输出。只可以查看已经挂载的分区和文件系统类型。如下所示：","type":"unstyled","depth":0,"inlineStyleRanges":[],"entityRanges":[],"data":{}},{"key":"71qeu","text":"[root@mylnx008 ~]# df -T /dev/sdb","type":"custom-code-block-c","depth":0,"inlineStyleRanges":[],"entityRanges":[],"data":{}},{"key":"f8or6","text":"Filesystem     Type 1K-blocks    Used Available Use% Mounted on","type":"custom-code-block-c","depth":0,"inlineStyleRanges":[],"entityRanges":[],"data":{}},{"key":"b3mgl","text":"/dev/sdb       xfs  315467264 4356404 311110860   2% /mysql","type":"custom-code-block-c","depth":0,"inlineStyleRanges":[],"entityRanges":[],"data":{}},{"key":"f3qik","text":" ","type":"custom-code-block-c","depth":0,"inlineStyleRanges":[],"entityRanges":[],"data":{}},{"key":"fcvth","text":"[root@mylnx008 ~]# df -T","type":"custom-code-block-c","depth":0,"inlineStyleRanges":[],"entityRanges":[],"data":{}},{"key":"e5qc3","text":"Filesystem     Type     1K-blocks     Used Available Use% Mounted on","type":"custom-code-block-c","depth":0,"inlineStyleRanges":[],"entityRanges":[],"data":{}},{"key":"6808m","text":"/dev/sda2      xfs       30929148 22455300   8473848  73% /","type":"custom-code-block-c","depth":0,"inlineStyleRanges":[],"entityRanges":[],"data":{}},{"key":"fhhd9","text":"devtmpfs       devtmpfs   1746644        0   1746644   0% /dev","type":"custom-code-block-c","depth":0,"inlineStyleRanges":[],"entityRanges":[],"data":{}},{"key":"2el6k","text":"tmpfs          tmpfs      1757220        0   1757220   0% /dev/shm","type":"custom-code-block-c","depth":0,"inlineStyleRanges":[],"entityRanges":[],"data":{}},{"key":"2mae3","text":"tmpfs          tmpfs      1757220    24868   1732352   2% /run","type":"custom-code-block-c","depth":0,"inlineStyleRanges":[],"entityRanges":[],"data":{}},{"key":"ek8ib","text":"tmpfs          tmpfs      1757220        0   1757220   0% /sys/fs/cgroup","type":"custom-code-block-c","depth":0,"inlineStyleRanges":[],"entityRanges":[],"data":{}},{"key":"8r1kg","text":"/dev/sda1      xfs         508580    63024    445556  13% /boot","type":"custom-code-block-c","depth":0,"inlineStyleRanges":[],"entityRanges":[],"data":{}},{"key":"cs92t","text":"/dev/sdc1      ext4     139203080  8699072 123409840   7% /mnt/resource","type":"custom-code-block-c","depth":0,"inlineStyleRanges":[],"entityRanges":[],"data":{}},{"key":"4elk0","text":"tmpfs          tmpfs       351448        0    351448   0% /run/user/1000","type":"custom-code-block-c","depth":0,"inlineStyleRanges":[],"entityRanges":[],"data":{}},{"key":"3e84b","text":"/dev/sdb       xfs      315467264  4356404 311110860   2% /mysql","type":"custom-code-block-c","depth":0,"inlineStyleRanges":[],"entityRanges":[],"data":{}},{"key":"euegt","text":"","type":"unstyled","depth":0,"inlineStyleRanges":[],"entityRanges":[],"data":{}},{"key":"3i75p","text":"2. parted -l命令查看","type":"header-three","depth":0,"inlineStyleRanges":[],"entityRanges":[],"data":{}},{"key":"eoe2v","text":"如下所示，parted -l 命令会输出文件系统类型（File system）， 其中参数l表示列出所有设备的分区信息。","type":"unstyled","depth":0,"inlineStyleRanges":[],"entityRanges":[],"data":{}},{"key":"7rlvk","text":"","type":"unstyled","depth":0,"inlineStyleRanges":[],"entityRanges":[],"data":{}},{"key":"53dha","text":"[root@DB-Server ~]# parted -l","type":"custom-code-block-c","depth":0,"inlineStyleRanges":[],"entityRanges":[],"data":{}},{"key":"1osac","text":" ","type":"custom-code-block-c","depth":0,"inlineStyleRanges":[],"entityRanges":[],"data":{}},{"key":"ans0e","text":"Model: ATA ST500DM002-1BD14 (scsi)","type":"custom-code-block-c","depth":0,"inlineStyleRanges":[],"entityRanges":[],"data":{}},{"key":"7sbah","text":"Disk /dev/sda: 500GB","type":"custom-code-block-c","depth":0,"inlineStyleRanges":[],"entityRanges":[],"data":{}},{"key":"4qrfs","text":"Sector size (logical/physical): 512B/512B","type":"custom-code-block-c","depth":0,"inlineStyleRanges":[],"entityRanges":[],"data":{}},{"key":"8h6se","text":"Partition Table: msdos","type":"custom-code-block-c","depth":0,"inlineStyleRanges":[],"entityRanges":[],"data":{}},{"key":"fci3j","text":" ","type":"custom-code-block-c","depth":0,"inlineStyleRanges":[],"entityRanges":[],"data":{}},{"key":"c5vev","text":"Number  Start   End    Size   Type     File system  Flags","type":"custom-code-block-c","depth":0,"inlineStyleRanges":[],"entityRanges":[],"data":{}},{"key":"83ov7","text":" 1      32.3kB  107MB  107MB  primary  ext3         boot ","type":"custom-code-block-c","depth":0,"inlineStyleRanges":[],"entityRanges":[],"data":{}},{"key":"bk6o4","text":" 2      107MB   500GB  500GB  primary               lvm  ","type":"custom-code-block-c","depth":0,"inlineStyleRanges":[],"entityRanges":[],"data":{}},{"key":"18m1p","text":"","type":"unstyled","depth":0,"inlineStyleRanges":[],"entityRanges":[],"data":{}},{"key":"bh6ks","text":"3. blkid命令查看","type":"header-three","depth":0,"inlineStyleRanges":[],"entityRanges":[],"data":{}},{"key":"83ema","text":"查看已格式化分区的UUID和文件系统。使用blkid可以输出分区或分区的文件系统类型，查看TYPE字段输出。","type":"unstyled","depth":0,"inlineStyleRanges":[],"entityRanges":[],"data":{}},{"key":"6c7jt","text":"[root@DB-Server ~]# blkid","type":"custom-code-block-c","depth":0,"inlineStyleRanges":[],"entityRanges":[],"data":{}},{"key":"26s15","text":"/dev/mapper/VolGroup00-LogVol01: TYPE=\"swap\" ","type":"custom-code-block-c","depth":0,"inlineStyleRanges":[],"entityRanges":[],"data":{}},{"key":"eu2pe","text":"/dev/mapper/VolGroup00-LogVol00: UUID=\"1c0d5470-1503-4a18-b184-53483466d948\" TYPE=\"ext3\" ","type":"custom-code-block-c","depth":0,"inlineStyleRanges":[],"entityRanges":[],"data":{}},{"key":"d392c","text":"/dev/sda1: LABEL=\"/boot\" UUID=\"582b189c-396c-4da8-a7a3-1effaa3e4000\" TYPE=\"ext3\" ","type":"custom-code-block-c","depth":0,"inlineStyleRanges":[],"entityRanges":[],"data":{}},{"key":"9ec79","text":"/dev/VolGroup00/LogVol00: UUID=\"1c0d5470-1503-4a18-b184-53483466d948\" TYPE=\"ext3\" ","type":"custom-code-block-c","depth":0,"inlineStyleRanges":[],"entityRanges":[],"data":{}},{"key":"2r05i","text":"/dev/VolGroup00/LogVol01: TYPE=\"swap\" ","type":"custom-code-block-c","depth":0,"inlineStyleRanges":[],"entityRanges":[],"data":{}},{"key":"9fja","text":"/dev/mapper/VolGroup00-LogVol03: UUID=\"f037ba1e-77a1-439a-8a10-b78c3cca68ec\" SEC_TYPE=\"ext2\" TYPE=\"ext3\" ","type":"custom-code-block-c","depth":0,"inlineStyleRanges":[],"entityRanges":[],"data":{}},{"key":"9tr5a","text":"[root@DB-Server ~]# blkid  /dev/sda1","type":"custom-code-block-c","depth":0,"inlineStyleRanges":[],"entityRanges":[],"data":{}},{"key":"25gbs","text":"/dev/sda1: LABEL=\"/boot\" UUID=\"582b189c-396c-4da8-a7a3-1effaa3e4000\" TYPE=\"ext3\" ","type":"custom-code-block-c","depth":0,"inlineStyleRanges":[],"entityRanges":[],"data":{}},{"key":"8k0mi","text":"","type":"unstyled","depth":0,"inlineStyleRanges":[],"entityRanges":[],"data":{}},{"key":"dh75r","text":" ","type":"atomic","depth":0,"inlineStyleRanges":[],"entityRanges":[{"offset":0,"length":1,"key":0}],"data":{}},{"key":"4b8h9","text":"","type":"unstyled","depth":0,"inlineStyleRanges":[],"entityRanges":[],"data":{}},{"key":"bpu32","text":"","type":"unstyled","depth":0,"inlineStyleRanges":[],"entityRanges":[],"data":{}},{"key":"3ikb","text":"4. 命令lsblk -f 查看","type":"header-three","depth":0,"inlineStyleRanges":[],"entityRanges":[],"data":{}},{"key":"2deum","text":"有些系统可能没有这个命令，需要安装。注意：lsblk -f也可以查看未挂载的文件系统类型。","type":"unstyled","depth":0,"inlineStyleRanges":[],"entityRanges":[],"data":{}},{"key":"f3h5","text":"[root@mylnx008 ~]# lsblk -f","type":"custom-code-block-c","depth":0,"inlineStyleRanges":[],"entityRanges":[],"data":{}},{"key":"dqfi2","text":"NAME   FSTYPE LABEL UUID                                 MOUNTPOINT","type":"custom-code-block-c","depth":0,"inlineStyleRanges":[],"entityRanges":[],"data":{}},{"key":"6qfgn","text":"fd0                                                      ","type":"custom-code-block-c","depth":0,"inlineStyleRanges":[],"entityRanges":[],"data":{}},{"key":"bl5q5","text":"sda                                                      ","type":"custom-code-block-c","depth":0,"inlineStyleRanges":[],"entityRanges":[],"data":{}},{"key":"62le9","text":"├─sda1 xfs          b98659b2-5f8c-493e-9304-658905ef1391 /boot","type":"custom-code-block-c","depth":0,"inlineStyleRanges":[],"entityRanges":[],"data":{}},{"key":"cka25","text":"└─sda2 xfs          b7559ac5-b3a4-4b00-b98a-a2a2611806d0 /","type":"custom-code-block-c","depth":0,"inlineStyleRanges":[],"entityRanges":[],"data":{}},{"key":"32ir3","text":"sdb    xfs          6fcc5417-3c1b-4c71-aac7-344bac7654a4 /mysql","type":"custom-code-block-c","depth":0,"inlineStyleRanges":[],"entityRanges":[],"data":{}},{"key":"291bg","text":"sdc                                                      ","type":"custom-code-block-c","depth":0,"inlineStyleRanges":[],"entityRanges":[],"data":{}},{"key":"7hblq","text":"└─sdc1 ext4         1ad7da45-2366-4c4f-acd4-484600c4153a /mnt/resource","type":"custom-code-block-c","depth":0,"inlineStyleRanges":[],"entityRanges":[],"data":{}},{"key":"fjouj","text":"","type":"unstyled","depth":0,"inlineStyleRanges":[],"entityRanges":[],"data":{}},{"key":"fovvs","text":" ","type":"atomic","depth":0,"inlineStyleRanges":[],"entityRanges":[{"offset":0,"length":1,"key":1}],"data":{}},{"key":"a669i","text":"","type":"unstyled","depth":0,"inlineStyleRanges":[],"entityRanges":[],"data":{}},{"key":"eg9ri","text":"","type":"atomic","depth":0,"inlineStyleRanges":[],"entityRanges":[],"data":{}},{"key":"dgng4","text":"","type":"unstyled","depth":0,"inlineStyleRanges":[],"entityRanges":[],"data":{}},{"key":"13d26","text":"","type":"unstyled","depth":0,"inlineStyleRanges":[],"entityRanges":[],"data":{}},{"key":"3a0jo","text":"","type":"unstyled","depth":0,"inlineStyleRanges":[],"entityRanges":[],"data":{}},{"key":"f8m53","text":"","type":"unstyled","depth":0,"inlineStyleRanges":[],"entityRanges":[],"data":{}},{"key":"32ec4","text":"","type":"unstyled","depth":0,"inlineStyleRanges":[],"entityRanges":[],"data":{}}],"entityMap":{"0":{"type":"image","mutability":"IMMUTABLE","data":{"src":"https://images2018.cnblogs.com/blog/73542/201808/73542-20180808205252791-1229295056.png","width":100}},"1":{"type":"image","mutability":"IMMUTABLE","data":{"src":"https://images2018.cnblogs.com/blog/73542/201808/73542-20180808205253456-2063734152.png","width":100,"alignment":"center"}}}},"tags":[]}
