{"_id":"BkybhZYtv","title":"printf(\"%*s%s%*s\"，——）是什么？","dateCreated":1605078006514,"lastAccessed":"2020-11-11T07:00:06.515Z","lastUpdated":"2021-04-15T11:05:50.465Z","notebookId":"B1bSR7QJw","body":{"blocks":[{"key":"ag6qs","text":"printf(\"%*s%s%*s\"，——）是什么？","type":"header-one","depth":0,"inlineStyleRanges":[],"entityRanges":[],"data":{}},{"key":"44gs5","text":"","type":"divider","depth":0,"inlineStyleRanges":[],"entityRanges":[],"data":{}},{"key":"dbo19","text":"  我们可能知道scanf里用*修饰符，是起到过滤读入的作用。比如一个有三列数值的数据，我只想得到第2列数值，可以在循环里用scanf(“%*d%d%*d”, a[i])来读入第i行的第2个数值到a[i]。 ","type":"unstyled","depth":0,"inlineStyleRanges":[],"entityRanges":[],"data":{}},{"key":"1o8l1","text":"　　但是* 修饰符在printf中的含义完全不同。如果写成printf(“%6d”, 123)，很多童鞋应该就不会陌生了，这是设置域宽的意思。同理，%6s也是域宽。* 修饰符正是用来更灵活的控制域宽。使用%*s，表示这里的具体域宽值由后面的实参决定，如printf(“%*s”, 6, “abc”)就是把”abc”放到在域宽为6的空间中右对齐。 ","type":"unstyled","depth":0,"inlineStyleRanges":[],"entityRanges":[],"data":{}},{"key":"59kd9","text":"","type":"unstyled","depth":0,"inlineStyleRanges":[],"entityRanges":[],"data":{}},{"key":"ddgut","text":"","type":"unstyled","depth":0,"inlineStyleRanges":[],"entityRanges":[],"data":{}},{"key":"a6dr4","text":"一次读懂C语言typedef的用法","type":"unstyled","depth":0,"inlineStyleRanges":[{"offset":0,"length":17,"style":"BOLD"}],"entityRanges":[],"data":{}},{"key":"30td1","text":"","type":"divider","depth":0,"inlineStyleRanges":[],"entityRanges":[],"data":{}},{"key":"2t1lh","text":"用途一：","type":"unstyled","depth":0,"inlineStyleRanges":[],"entityRanges":[],"data":{}},{"key":"4g93t","text":"定义一种类型的别名，而不只是简单的宏替换。可以用作同时声明指针型的多个对象","type":"unstyled","depth":0,"inlineStyleRanges":[],"entityRanges":[],"data":{}},{"key":"6hrk3","text":"char* pa, pb;// 这多数不符合我们的意图，它只声明了一个指向字符变量的指针，","type":"custom-code-block-c","depth":0,"inlineStyleRanges":[],"entityRanges":[],"data":{}},{"key":"adpii","text":"","type":"custom-code-block-c","depth":0,"inlineStyleRanges":[],"entityRanges":[],"data":{}},{"key":"4tvia","text":"//以下则可行：","type":"custom-code-block-c","depth":0,"inlineStyleRanges":[],"entityRanges":[],"data":{}},{"key":"aejf2","text":"typedef char* PCHAR; // 一般用大写","type":"custom-code-block-c","depth":0,"inlineStyleRanges":[],"entityRanges":[],"data":{}},{"key":"1i3hb","text":"PCHAR pa, pb; // 可行，同时声明了两个指向字符变量的指针","type":"custom-code-block-c","depth":0,"inlineStyleRanges":[],"entityRanges":[],"data":{}},{"key":"4g4t9","text":"","type":"unstyled","depth":0,"inlineStyleRanges":[],"entityRanges":[],"data":{}},{"key":"ri6l","text":"用途二：","type":"unstyled","depth":0,"inlineStyleRanges":[],"entityRanges":[],"data":{}},{"key":"emqoe","text":"","type":"unstyled","depth":0,"inlineStyleRanges":[],"entityRanges":[],"data":{}},{"key":"afrq0","text":"用在旧的C代码中（具体多旧没有查），帮助struct。以前的代码中，声明struct新对象时，必须要带上struct，即形式为： struct 结构名 对象名，如：","type":"unstyled","depth":0,"inlineStyleRanges":[],"entityRanges":[],"data":{}},{"key":"2f368","text":"struct tagPOINT1","type":"custom-code-block-c","depth":0,"inlineStyleRanges":[],"entityRanges":[],"data":{}},{"key":"60hrs","text":"{","type":"custom-code-block-c","depth":0,"inlineStyleRanges":[],"entityRanges":[],"data":{}},{"key":"8dt98","text":"int x;","type":"custom-code-block-c","depth":0,"inlineStyleRanges":[],"entityRanges":[],"data":{}},{"key":"3arnb","text":"int y;","type":"custom-code-block-c","depth":0,"inlineStyleRanges":[],"entityRanges":[],"data":{}},{"key":"dses7","text":"};","type":"custom-code-block-c","depth":0,"inlineStyleRanges":[],"entityRanges":[],"data":{}},{"key":"7gs19","text":"struct tagPOINT1 p1;","type":"custom-code-block-c","depth":0,"inlineStyleRanges":[],"entityRanges":[],"data":{}},{"key":"4jl88","text":"估计某人觉得经常多写一个struct太麻烦了，于是就发明了：","type":"unstyled","depth":0,"inlineStyleRanges":[],"entityRanges":[],"data":{}},{"key":"8m1dn","text":"typedef struct tagPOINT","type":"custom-code-block-c","depth":0,"inlineStyleRanges":[],"entityRanges":[],"data":{}},{"key":"3js8e","text":"{","type":"custom-code-block-c","depth":0,"inlineStyleRanges":[],"entityRanges":[],"data":{}},{"key":"casgn","text":"int x;","type":"custom-code-block-c","depth":0,"inlineStyleRanges":[],"entityRanges":[],"data":{}},{"key":"fuecc","text":"int y;","type":"custom-code-block-c","depth":0,"inlineStyleRanges":[],"entityRanges":[],"data":{}},{"key":"bqhu2","text":"}POINT;","type":"custom-code-block-c","depth":0,"inlineStyleRanges":[],"entityRanges":[],"data":{}},{"key":"hf62","text":"POINT p1;// 这样就比原来的方式少写了一个struct，比较省事，尤其在大量使用的时候","type":"custom-code-block-c","depth":0,"inlineStyleRanges":[],"entityRanges":[],"data":{}},{"key":"5i82o","text":"","type":"unstyled","depth":0,"inlineStyleRanges":[],"entityRanges":[],"data":{}},{"key":"38l7i","text":"用途三：","type":"unstyled","depth":0,"inlineStyleRanges":[],"entityRanges":[],"data":{}},{"key":"a3jng","text":"用typedef来定义与平台无关的类型.","type":"unstyled","depth":0,"inlineStyleRanges":[],"entityRanges":[],"data":{}},{"key":"3235t","text":"比如定义一个叫 REAL 的浮点类型，在目标平台一上，让它表示最高精度的类型为：","type":"unstyled","depth":0,"inlineStyleRanges":[],"entityRanges":[],"data":{}},{"key":"12jg0","text":"typedef long double REAL;","type":"custom-code-block-c","depth":0,"inlineStyleRanges":[],"entityRanges":[],"data":{}},{"key":"eae3q","text":"在不支持 long double 的平台二上，改为：","type":"unstyled","depth":0,"inlineStyleRanges":[],"entityRanges":[],"data":{}},{"key":"50epm","text":"typedef double REAL;","type":"custom-code-block-c","depth":0,"inlineStyleRanges":[],"entityRanges":[],"data":{}},{"key":"2db3r","text":"在连 double 都不支持的平台三上，改为：","type":"unstyled","depth":0,"inlineStyleRanges":[],"entityRanges":[],"data":{}},{"key":"bl7pd","text":"typedef float REAL;","type":"custom-code-block-c","depth":0,"inlineStyleRanges":[],"entityRanges":[],"data":{}},{"key":"4kqp9","text":"也就是说，当跨平台时，只要改下 typedef 本身就行，不用对其他源码做任何修改。","type":"unstyled","depth":0,"inlineStyleRanges":[],"entityRanges":[],"data":{}},{"key":"ffht3","text":"标准库就广泛使用了这个技巧，比如size_t。","type":"unstyled","depth":0,"inlineStyleRanges":[],"entityRanges":[],"data":{}},{"key":"b5vat","text":"","type":"unstyled","depth":0,"inlineStyleRanges":[],"entityRanges":[],"data":{}},{"key":"7k7mm","text":"用途四：","type":"unstyled","depth":0,"inlineStyleRanges":[],"entityRanges":[],"data":{}},{"key":"8i8qf","text":"为复杂的声明定义一个新的简单的别名。方法是：在原来的声明里逐步用别名替换一部分复杂声明，如此循环，把带变量名的部分留到最后替换，得到的就是原声明的最简化版。举例:","type":"unstyled","depth":0,"inlineStyleRanges":[],"entityRanges":[],"data":{}},{"key":"bsup6","text":"1. 原声明：int *(*a[5])(int, char*);","type":"custom-code-block-c","depth":0,"inlineStyleRanges":[],"entityRanges":[],"data":{}},{"key":"93uom","text":"变量名为a，直接用一个新别名pFun替换a就可以了：","type":"custom-code-block-c","depth":0,"inlineStyleRanges":[],"entityRanges":[],"data":{}},{"key":"eimuf","text":"typedef int *(*pFun)(int, char*);","type":"custom-code-block-c","depth":0,"inlineStyleRanges":[],"entityRanges":[],"data":{}},{"key":"fiifj","text":"原声明的最简化版：","type":"custom-code-block-c","depth":0,"inlineStyleRanges":[],"entityRanges":[],"data":{}},{"key":"4ujlj","text":"pFun a[5];","type":"custom-code-block-c","depth":0,"inlineStyleRanges":[],"entityRanges":[],"data":{}},{"key":"a7gv2","text":"","type":"unstyled","depth":0,"inlineStyleRanges":[],"entityRanges":[],"data":{}},{"key":"5i4dc","text":"2. 原声明：void (*b[10]) (void (*)());","type":"custom-code-block-c","depth":0,"inlineStyleRanges":[],"entityRanges":[],"data":{}},{"key":"bf7jc","text":"变量名为b，先替换右边部分括号里的，pFunParam为别名一：","type":"custom-code-block-c","depth":0,"inlineStyleRanges":[],"entityRanges":[],"data":{}},{"key":"egcja","text":"typedef void (*pFunParam)();","type":"custom-code-block-c","depth":0,"inlineStyleRanges":[],"entityRanges":[],"data":{}},{"key":"39v8u","text":"再替换左边的变量b，pFunx为别名二：","type":"custom-code-block-c","depth":0,"inlineStyleRanges":[],"entityRanges":[],"data":{}},{"key":"6o4jk","text":"typedef void (*pFunx)(pFunParam);","type":"custom-code-block-c","depth":0,"inlineStyleRanges":[],"entityRanges":[],"data":{}},{"key":"7k0pm","text":"原声明的最简化版：","type":"custom-code-block-c","depth":0,"inlineStyleRanges":[],"entityRanges":[],"data":{}},{"key":"8h641","text":"pFunx b[10];","type":"custom-code-block-c","depth":0,"inlineStyleRanges":[],"entityRanges":[],"data":{}},{"key":"epjbt","text":"","type":"unstyled","depth":0,"inlineStyleRanges":[],"entityRanges":[],"data":{}},{"key":"en80e","text":"也可以记住2个模式：","type":"custom-code-block-c","depth":0,"inlineStyleRanges":[],"entityRanges":[],"data":{}},{"key":"bgsph","text":"typedef (*)(....)函数指针","type":"custom-code-block-c","depth":0,"inlineStyleRanges":[],"entityRanges":[],"data":{}},{"key":"9bpol","text":"typedef (*)[]数组指针","type":"custom-code-block-c","depth":0,"inlineStyleRanges":[],"entityRanges":[],"data":{}},{"key":"5sbik","text":"","type":"unstyled","depth":0,"inlineStyleRanges":[],"entityRanges":[],"data":{}},{"key":"4j266","text":"Typedef 的陷阱","type":"unstyled","depth":0,"inlineStyleRanges":[{"offset":0,"length":11,"style":"BOLD"}],"entityRanges":[],"data":{}},{"key":"aiklh","text":"","type":"divider","depth":0,"inlineStyleRanges":[],"entityRanges":[],"data":{}},{"key":"d3hml","text":"陷阱一：","type":"unstyled","depth":0,"inlineStyleRanges":[],"entityRanges":[],"data":{}},{"key":"78vg9","text":"记住，typedef是定义了一种类型的新别名，不同于宏，它不是简单的字符串替换.","type":"unstyled","depth":0,"inlineStyleRanges":[],"entityRanges":[],"data":{}},{"key":"dol0i","text":"typedef char* PSTR;","type":"custom-code-block-c","depth":0,"inlineStyleRanges":[],"entityRanges":[],"data":{}},{"key":"1fcrc","text":"int mystrcmp(const PSTR a, const PSTR b);  // a b的类型不是 const char* 而是 char* const","type":"custom-code-block-c","depth":0,"inlineStyleRanges":[],"entityRanges":[],"data":{}},{"key":"73je0","text":"const PSTR实际上相当于const char*吗？不是的，它实际上相当于char* const。","type":"unstyled","depth":0,"inlineStyleRanges":[{"offset":40,"length":11,"style":"INLINECODE"}],"entityRanges":[],"data":{}},{"key":"ba5rl","text":"原因在于const给予了整个指针本身以常量性，也就是形成了常量指针char* const。","type":"unstyled","depth":0,"inlineStyleRanges":[],"entityRanges":[],"data":{}},{"key":"d73ht","text":"简单来说，记住当const和typedef一起出现时，typedef不会是简单的字符串替换就行。","type":"unstyled","depth":0,"inlineStyleRanges":[],"entityRanges":[],"data":{}},{"key":"a5hc3","text":"","type":"unstyled","depth":0,"inlineStyleRanges":[],"entityRanges":[],"data":{}},{"key":"6t92l","text":"陷阱二：","type":"unstyled","depth":0,"inlineStyleRanges":[],"entityRanges":[],"data":{}},{"key":"clcgi","text":"typedef在语法上是一个存储类的关键字（如auto、extern、mutable、static、register等一样），虽然它并不真正影响对象的存储特，","type":"unstyled","depth":0,"inlineStyleRanges":[{"offset":14,"length":7,"style":"INLINECODE"}],"entityRanges":[],"data":{}},{"key":"firuk","text":"但是在语法上它却是一个存储类的关键字，就像 auto、extern、static、register等关键字一样。所以不能和存储类的关键字一起使用。","type":"unstyled","depth":0,"inlineStyleRanges":[],"entityRanges":[],"data":{}},{"key":"1bqvh","text":"typedef static int INT2; //不可行  报错","type":"custom-code-block-c","depth":0,"inlineStyleRanges":[{"offset":32,"length":2,"style":"INLINECODE"}],"entityRanges":[],"data":{}},{"key":"8j6v3","text":"","type":"unstyled","depth":0,"inlineStyleRanges":[],"entityRanges":[],"data":{}},{"key":"2c1oi","text":"","type":"unstyled","depth":0,"inlineStyleRanges":[],"entityRanges":[],"data":{}},{"key":"chhbq","text":"typeof详解","type":"unstyled","depth":0,"inlineStyleRanges":[{"offset":0,"length":8,"style":"BOLD"}],"entityRanges":[],"data":{}},{"key":"4bnks","text":"","type":"divider","depth":0,"inlineStyleRanges":[],"entityRanges":[],"data":{}},{"key":"fakmq","text":"    typeof关键字是C语言中的一个新扩展，这个特性在linux内核中应用非常广泛。","type":"unstyled","depth":0,"inlineStyleRanges":[],"entityRanges":[],"data":{}},{"key":"75v2e","text":"说明:","type":"unstyled","depth":0,"inlineStyleRanges":[],"entityRanges":[],"data":{}},{"key":"bpram","text":"    typeof的参数可以是两种形式：表达式或类型。","type":"unstyled","depth":0,"inlineStyleRanges":[{"offset":21,"length":3,"style":"INLINECODE"},{"offset":25,"length":2,"style":"INLINECODE"}],"entityRanges":[],"data":{}},{"key":"5ui88","text":"    ","type":"unstyled","depth":0,"inlineStyleRanges":[],"entityRanges":[],"data":{}},{"key":"f6fdb","text":"表达式的的例子：","type":"unstyled","depth":0,"inlineStyleRanges":[],"entityRanges":[],"data":{}},{"key":"dr2tv","text":"typeof(x[0](1)","type":"custom-code-block-c","depth":0,"inlineStyleRanges":[],"entityRanges":[],"data":{}},{"key":"91u3q","text":"这里假设x是一个函数指针数组，这样就可以得到这个函数返回值的类型了。","type":"custom-code-block-c","depth":0,"inlineStyleRanges":[],"entityRanges":[],"data":{}},{"key":"aopdi","text":"如果将typeof用于表达式，则该表达式不会执行。只会得到该表达式的类型。","type":"custom-code-block-c","depth":0,"inlineStyleRanges":[{"offset":11,"length":3,"style":"INLINECODE"},{"offset":16,"length":8,"style":"INLINECODE"}],"entityRanges":[],"data":{}},{"key":"8v070","text":"以下示例声明了int类型的var变量，因为表达式foo()是int类型的。由于表达式不会被执行，所以不会调用foo函数。","type":"custom-code-block-c","depth":0,"inlineStyleRanges":[],"entityRanges":[],"data":{}},{"key":"54em6","text":"extern int foo();","type":"custom-code-block-c","depth":0,"inlineStyleRanges":[],"entityRanges":[],"data":{}},{"key":"4t5eg","text":"typeof(foo()) var;","type":"custom-code-block-c","depth":0,"inlineStyleRanges":[],"entityRanges":[],"data":{}},{"key":"c4tdt","text":"参数的例子：","type":"unstyled","depth":0,"inlineStyleRanges":[],"entityRanges":[],"data":{}},{"key":"aq7v5","text":"typeof(int *) a,b;","type":"custom-code-block-c","depth":0,"inlineStyleRanges":[],"entityRanges":[],"data":{}},{"key":"cvqs7","text":"    等价于：","type":"custom-code-block-c","depth":0,"inlineStyleRanges":[],"entityRanges":[],"data":{}},{"key":"53tfb","text":"int *a,*b;","type":"custom-code-block-c","depth":0,"inlineStyleRanges":[],"entityRanges":[],"data":{}},{"key":"8irbc","text":"","type":"unstyled","depth":0,"inlineStyleRanges":[],"entityRanges":[],"data":{}},{"key":"fu4qj","text":"实例:","type":"unstyled","depth":0,"inlineStyleRanges":[],"entityRanges":[],"data":{}},{"key":"17h0b","text":"把y定义成x指向的数据类型：typeof(*x) y;","type":"custom-code-block-c","depth":0,"inlineStyleRanges":[],"entityRanges":[],"data":{}},{"key":"2b1ka","text":"把y定义成x指向数据类型的数组：typeof(*x) y[4];","type":"custom-code-block-c","depth":0,"inlineStyleRanges":[],"entityRanges":[],"data":{}},{"key":"f6nc7","text":"把y定义成一个字符指针数组：typeof(typeof(char *)[4]) y;","type":"custom-code-block-c","depth":0,"inlineStyleRanges":[],"entityRanges":[],"data":{}},{"key":"f076q","text":"这与下面的定义等价：char *y[4];","type":"custom-code-block-c","depth":0,"inlineStyleRanges":[],"entityRanges":[],"data":{}},{"key":"50hi8","text":"","type":"custom-code-block-c","depth":0,"inlineStyleRanges":[],"entityRanges":[],"data":{}},{"key":"3aoa6","text":"typeof(int *) p1,p2; /* Declares two int pointers p1, p2 */","type":"custom-code-block-c","depth":0,"inlineStyleRanges":[],"entityRanges":[],"data":{}},{"key":"9dfth","text":"int *p1, *p2;","type":"custom-code-block-c","depth":0,"inlineStyleRanges":[],"entityRanges":[],"data":{}},{"key":"eg5n0","text":"","type":"custom-code-block-c","depth":0,"inlineStyleRanges":[],"entityRanges":[],"data":{}},{"key":"ehmjj","text":"typeof(int) *p3,p4;/* Declares int pointer p3 and int p4 */","type":"custom-code-block-c","depth":0,"inlineStyleRanges":[],"entityRanges":[],"data":{}},{"key":"2u727","text":"","type":"custom-code-block-c","depth":0,"inlineStyleRanges":[],"entityRanges":[],"data":{}},{"key":"f085g","text":"int *p3, p4;","type":"custom-code-block-c","depth":0,"inlineStyleRanges":[],"entityRanges":[],"data":{}},{"key":"ef6tl","text":"","type":"custom-code-block-c","depth":0,"inlineStyleRanges":[],"entityRanges":[],"data":{}},{"key":"9sk5s","text":"typeof(int [10]) a1, a2;/* Declares two arrays of integers */","type":"custom-code-block-c","depth":0,"inlineStyleRanges":[],"entityRanges":[],"data":{}},{"key":"34kol","text":"int a1[10], a2[10];","type":"custom-code-block-c","depth":0,"inlineStyleRanges":[],"entityRanges":[],"data":{}},{"key":"14raf","text":"","type":"unstyled","depth":0,"inlineStyleRanges":[],"entityRanges":[],"data":{}},{"key":"3jfqk","text":"局限:","type":"unstyled","depth":0,"inlineStyleRanges":[],"entityRanges":[],"data":{}},{"key":"c4pge","text":"typeof构造中的类型名不能包含存储类说明符，如extern或static。不过允许包含类型限定符，如const或volatile。","type":"custom-code-block-c","depth":0,"inlineStyleRanges":[],"entityRanges":[],"data":{}},{"key":"6fs1d","text":"例如，下列代码是无效的，因为它在typeof构造中声明了extern：","type":"custom-code-block-c","depth":0,"inlineStyleRanges":[],"entityRanges":[],"data":{}},{"key":"365qd","text":"typeof(extern int) a;","type":"custom-code-block-c","depth":0,"inlineStyleRanges":[],"entityRanges":[],"data":{}},{"key":"1k36s","text":"","type":"unstyled","depth":0,"inlineStyleRanges":[],"entityRanges":[],"data":{}}],"entityMap":{}},"tags":[]}
