{"_id":"H1QrR7myD","title":"va_list，va_start，va_arg和va_end","dateCreated":1594207802895,"lastAccessed":"2020-07-08T11:30:02.896Z","lastUpdated":"2021-02-22T01:48:47.316Z","notebookId":"B1bSR7QJw","body":{"blocks":[{"key":"ag6qs","text":"va_list，va_start，va_arg和va_end","type":"header-one","depth":0,"inlineStyleRanges":[],"entityRanges":[],"data":{}},{"key":"ej1ae","text":"","type":"divider","depth":0,"inlineStyleRanges":[],"entityRanges":[],"data":{}},{"key":"3r7bm","text":"","type":"custom-code-block-none","depth":0,"inlineStyleRanges":[],"entityRanges":[],"data":{}},{"key":"1p443","text":"    这几个函数和变量是针对可变参数函数的，什么是可变参数函数呢，最经典的莫过于printf和scanf，这两个函数的声明如下：","type":"unstyled","depth":0,"inlineStyleRanges":[],"entityRanges":[],"data":{}},{"key":"4e5ca","text":"1 int printf(const char *format, ...);","type":"custom-code-block-c","depth":0,"inlineStyleRanges":[],"entityRanges":[],"data":{}},{"key":"36pf0","text":"2 int scanf(const char *format, ...);","type":"custom-code-block-c","depth":0,"inlineStyleRanges":[],"entityRanges":[],"data":{}},{"key":"59kd9","text":"    这两个函数声明中省略号(...)表示的就是任意个数的参数，可变参数函数就是输入的参数的个数是可变的，那么这个具体是怎么实现的呢？","type":"unstyled","depth":0,"inlineStyleRanges":[],"entityRanges":[],"data":{}},{"key":"dgraj","text":"","type":"unstyled","depth":0,"inlineStyleRanges":[],"entityRanges":[],"data":{}},{"key":"41vuq","text":"    要了解这个是怎么实现，首先我们就要先理解一点，参数是如何传递给函数的。众所周知，函数的数据是存放于栈中的，那么给一个函数传递传递参数的过程就是将函数的参数从右向左逐次压栈，例如：","type":"unstyled","depth":0,"inlineStyleRanges":[],"entityRanges":[],"data":{}},{"key":"en62r","text":"","type":"unstyled","depth":0,"inlineStyleRanges":[],"entityRanges":[],"data":{}},{"key":"b26tm","text":"　　func(int i, char c, doube d)","type":"unstyled","depth":0,"inlineStyleRanges":[],"entityRanges":[],"data":{}},{"key":"90mbr","text":"","type":"unstyled","depth":0,"inlineStyleRanges":[],"entityRanges":[],"data":{}},{"key":"eg8v5","text":"    这个函数传递参数的过程就是将d，c，i逐次压到函数的栈中，由于栈是从高地址向低地址扩展的，所以d的地址最高，i的地址最低。","type":"unstyled","depth":0,"inlineStyleRanges":[],"entityRanges":[],"data":{}},{"key":"2cbd9","text":"","type":"unstyled","depth":0,"inlineStyleRanges":[],"entityRanges":[],"data":{}},{"key":"23gl8","text":" ","type":"unstyled","depth":0,"inlineStyleRanges":[],"entityRanges":[],"data":{}},{"key":"cfjq7","text":"    理解了函数传递参数的过程，再来说一下va_list的原理，通常，可变参数的代码是这么写的：","type":"unstyled","depth":0,"inlineStyleRanges":[],"entityRanges":[],"data":{}},{"key":"2hj6s","text":"","type":"unstyled","depth":0,"inlineStyleRanges":[],"entityRanges":[],"data":{}},{"key":"85hae","text":"1 void func(char *fmt, ...)","type":"custom-code-block-c","depth":0,"inlineStyleRanges":[],"entityRanges":[],"data":{}},{"key":"cekvh","text":"2 {","type":"custom-code-block-c","depth":0,"inlineStyleRanges":[],"entityRanges":[],"data":{}},{"key":"7ohhg","text":"3      va_list ap;","type":"custom-code-block-c","depth":0,"inlineStyleRanges":[],"entityRanges":[],"data":{}},{"key":"2eu6i","text":"4 ","type":"custom-code-block-c","depth":0,"inlineStyleRanges":[],"entityRanges":[],"data":{}},{"key":"abkq3","text":"5      va_start(ap, fmt);","type":"custom-code-block-c","depth":0,"inlineStyleRanges":[],"entityRanges":[],"data":{}},{"key":"eqere","text":"6      va_arg(ap, int);","type":"custom-code-block-c","depth":0,"inlineStyleRanges":[],"entityRanges":[],"data":{}},{"key":"c2ce9","text":"7      va_end(va);      ","type":"custom-code-block-c","depth":0,"inlineStyleRanges":[],"entityRanges":[],"data":{}},{"key":"995bd","text":"8 }","type":"custom-code-block-c","depth":0,"inlineStyleRanges":[],"entityRanges":[],"data":{}},{"key":"9qd6","text":"","type":"unstyled","depth":0,"inlineStyleRanges":[],"entityRanges":[],"data":{}},{"key":"fgiks","text":"    这里ap其实就是一个指针，指向了参数的地址。","type":"unstyled","depth":0,"inlineStyleRanges":[],"entityRanges":[],"data":{}},{"key":"ej85f","text":"","type":"unstyled","depth":0,"inlineStyleRanges":[],"entityRanges":[],"data":{}},{"key":"15g8m","text":"　va_start()所做的就是让ap指向函数的最后一个确定的参数（声明程序中是fmt）的下一个参数的地址。","type":"unstyled","depth":0,"inlineStyleRanges":[],"entityRanges":[],"data":{}},{"key":"8quip","text":"","type":"unstyled","depth":0,"inlineStyleRanges":[],"entityRanges":[],"data":{}},{"key":"4ihl2","text":"　va_arg()所做的就是根据ap指向的地址，和第二个参数所确定的类型，将这个参数的中的数据提取出来，作为返回值，同时让ap指向下一个参数。","type":"unstyled","depth":0,"inlineStyleRanges":[],"entityRanges":[],"data":{}},{"key":"4dgr4","text":"","type":"unstyled","depth":0,"inlineStyleRanges":[],"entityRanges":[],"data":{}},{"key":"2abrt","text":"　va_end()所做的就是让ap这个指针指向0。","type":"unstyled","depth":0,"inlineStyleRanges":[],"entityRanges":[],"data":{}},{"key":"9ne6o","text":"","type":"unstyled","depth":0,"inlineStyleRanges":[],"entityRanges":[],"data":{}},{"key":"9cbhr","text":" ","type":"unstyled","depth":0,"inlineStyleRanges":[],"entityRanges":[],"data":{}},{"key":"7ts67","text":"","type":"unstyled","depth":0,"inlineStyleRanges":[],"entityRanges":[],"data":{}},{"key":"6207t","text":"　关于这三个参数实现的宏可以参看下面的实现：","type":"unstyled","depth":0,"inlineStyleRanges":[],"entityRanges":[],"data":{}},{"key":"2dloo","text":"","type":"unstyled","depth":0,"inlineStyleRanges":[],"entityRanges":[],"data":{}},{"key":"7v2i7","text":"// 使ap指向第一个可变参数的地址","type":"custom-code-block-c","depth":0,"inlineStyleRanges":[],"entityRanges":[],"data":{}},{"key":"fmrfi","text":"#define  va_start(ap,v)     ( ap = (va_list)&v + _INTSIZEOF(v) )","type":"custom-code-block-c","depth":0,"inlineStyleRanges":[],"entityRanges":[],"data":{}},{"key":"3ttuk","text":"","type":"custom-code-block-c","depth":0,"inlineStyleRanges":[],"entityRanges":[],"data":{}},{"key":"15c28","text":"// 使ap指向下一个可变参数，同时将目前ap所指向的参数提取出来并返回","type":"custom-code-block-c","depth":0,"inlineStyleRanges":[],"entityRanges":[],"data":{}},{"key":"4sj88","text":"#define  va_arg(ap,t)       ( *(t *)((ap += _INTSIZEOF(t)) - _INTSIZEOF(t)) )","type":"custom-code-block-c","depth":0,"inlineStyleRanges":[],"entityRanges":[],"data":{}},{"key":"b83e6","text":"","type":"custom-code-block-c","depth":0,"inlineStyleRanges":[],"entityRanges":[],"data":{}},{"key":"4t5fb","text":"//  销毁ap","type":"custom-code-block-c","depth":0,"inlineStyleRanges":[],"entityRanges":[],"data":{}},{"key":"dtdn9","text":"#define  va_end(ap)         ( ap = (va_list)0 )","type":"custom-code-block-c","depth":0,"inlineStyleRanges":[],"entityRanges":[],"data":{}},{"key":"131dg","text":"","type":"unstyled","depth":0,"inlineStyleRanges":[],"entityRanges":[],"data":{}},{"key":"dfb2r","text":"","type":"unstyled","depth":0,"inlineStyleRanges":[],"entityRanges":[],"data":{}},{"key":"c0srg","text":"va_end是必须的","type":"header-two","depth":0,"inlineStyleRanges":[{"offset":0,"length":10,"style":"BOLD"}],"entityRanges":[],"data":{}},{"key":"ote4","text":"","type":"divider","depth":0,"inlineStyleRanges":[],"entityRanges":[],"data":{}},{"key":"437cr","text":"从一个使用过va_start()的函数中退出之前，必须调用一次va_end()。","type":"custom-code-block-c","depth":0,"inlineStyleRanges":[],"entityRanges":[],"data":{}},{"key":"6a3ei","text":"","type":"custom-code-block-c","depth":0,"inlineStyleRanges":[],"entityRanges":[],"data":{}},{"key":"92c0v","text":"这是因为va_start可能以某种方式修改了堆栈，这种修改可能导致返回无法完成，va_end()能将有关的修改复原。","type":"custom-code-block-c","depth":0,"inlineStyleRanges":[],"entityRanges":[],"data":{}},{"key":"e8s14","text":"                ——《C++程序设计语言》 第3版、特别版， p139","type":"custom-code-block-c","depth":0,"inlineStyleRanges":[],"entityRanges":[],"data":{}},{"key":"4cjd","text":"——即上面提到的 “立即崩溃”。","type":"custom-code-block-c","depth":0,"inlineStyleRanges":[],"entityRanges":[],"data":{}},{"key":"focjq","text":"","type":"custom-code-block-c","depth":0,"inlineStyleRanges":[],"entityRanges":[],"data":{}},{"key":"f9t36","text":"","type":"custom-code-block-c","depth":0,"inlineStyleRanges":[],"entityRanges":[],"data":{}},{"key":"2bpjn","text":"我们务必记住，在使用完va_list变量后一定要调用宏va_end。","type":"custom-code-block-c","depth":0,"inlineStyleRanges":[],"entityRanges":[],"data":{}},{"key":"1ctvt","text":"在大多数C实现上，调用va_end与否并无区别。","type":"custom-code-block-c","depth":0,"inlineStyleRanges":[],"entityRanges":[],"data":{}},{"key":"4l8u0","text":"但是，某些版本的va_start宏为了方便对va_list的遍历，就给参数列表动态分配内存。","type":"custom-code-block-c","depth":0,"inlineStyleRanges":[],"entityRanges":[],"data":{}},{"key":"848g4","text":"这样一种C实现很可能利用va_end宏来释放此前动态分配的内存；","type":"custom-code-block-c","depth":0,"inlineStyleRanges":[],"entityRanges":[],"data":{}},{"key":"9d86","text":"如果忘记调用宏va_end，最后得到的程序可能在某些机型上没有问题，而在另一些机型上则发生“内存泄露”。","type":"custom-code-block-c","depth":0,"inlineStyleRanges":[],"entityRanges":[],"data":{}},{"key":"2ro14","text":"                ——《C陷阱与缺陷》， p161","type":"custom-code-block-c","depth":0,"inlineStyleRanges":[],"entityRanges":[],"data":{}},{"key":"9f014","text":"——即上面提到的“内存泄露”。","type":"custom-code-block-c","depth":0,"inlineStyleRanges":[],"entityRanges":[],"data":{}},{"key":"30ei","text":"","type":"custom-code-block-c","depth":0,"inlineStyleRanges":[],"entityRanges":[],"data":{}},{"key":"65kba","text":"","type":"custom-code-block-c","depth":0,"inlineStyleRanges":[],"entityRanges":[],"data":{}},{"key":"djpmm","text":"…… 最后，必须在函数返回之前调用va_end，以完成一些必要的清理工作。","type":"custom-code-block-c","depth":0,"inlineStyleRanges":[],"entityRanges":[],"data":{}},{"key":"7tf7k","text":"                ——《C程序设计语言》 第2版， p137","type":"custom-code-block-c","depth":0,"inlineStyleRanges":[],"entityRanges":[],"data":{}},{"key":"e57sj","text":"","type":"custom-code-block-c","depth":0,"inlineStyleRanges":[],"entityRanges":[],"data":{}},{"key":"ac9fs","text":"……在所有参数处理完毕后， 且在退出函数f之前，必须调用宏va_end一次 ……","type":"custom-code-block-c","depth":0,"inlineStyleRanges":[],"entityRanges":[],"data":{}},{"key":"4ma35","text":"                ——《C程序设计语言》 第2版， p232","type":"custom-code-block-c","depth":0,"inlineStyleRanges":[],"entityRanges":[],"data":{}},{"key":"3tuvi","text":"","type":"unstyled","depth":0,"inlineStyleRanges":[],"entityRanges":[],"data":{}}],"entityMap":{}},"tags":[]}
