{"_id":"HJ49p6ox_","title":"","dateCreated":1612598668072,"lastAccessed":"2021-02-06T08:04:28.073Z","lastUpdated":"2021-02-06T08:07:56.764Z","notebookId":"B1bSR7QJw","body":{"blocks":[{"key":"ag6qs","text":"","type":"header-one","depth":0,"inlineStyleRanges":[],"entityRanges":[],"data":{}},{"key":"7vos5","text":"/*","type":"custom-code-block-c","depth":0,"inlineStyleRanges":[],"entityRanges":[],"data":{}},{"key":"jd1o","text":" * Copyright (C) 2008-2014 Tobias Brunner","type":"custom-code-block-c","depth":0,"inlineStyleRanges":[],"entityRanges":[],"data":{}},{"key":"9vfct","text":" * Copyright (C) 2008 Martin Willi","type":"custom-code-block-c","depth":0,"inlineStyleRanges":[],"entityRanges":[],"data":{}},{"key":"c2hd4","text":" * HSR Hochschule fuer Technik Rapperswil","type":"custom-code-block-c","depth":0,"inlineStyleRanges":[],"entityRanges":[],"data":{}},{"key":"2p4sd","text":" *","type":"custom-code-block-c","depth":0,"inlineStyleRanges":[],"entityRanges":[],"data":{}},{"key":"ds3qe","text":" * This program is free software; you can redistribute it and/or modify it","type":"custom-code-block-c","depth":0,"inlineStyleRanges":[],"entityRanges":[],"data":{}},{"key":"eunj0","text":" * under the terms of the GNU General Public License as published by the","type":"custom-code-block-c","depth":0,"inlineStyleRanges":[],"entityRanges":[],"data":{}},{"key":"294jo","text":" * Free Software Foundation; either version 2 of the License, or (at your","type":"custom-code-block-c","depth":0,"inlineStyleRanges":[],"entityRanges":[],"data":{}},{"key":"31jhl","text":" * option) any later version.  See <http://www.fsf.org/copyleft/gpl.txt>.","type":"custom-code-block-c","depth":0,"inlineStyleRanges":[],"entityRanges":[],"data":{}},{"key":"au6c5","text":" *","type":"custom-code-block-c","depth":0,"inlineStyleRanges":[],"entityRanges":[],"data":{}},{"key":"f843e","text":" * This program is distributed in the hope that it will be useful, but","type":"custom-code-block-c","depth":0,"inlineStyleRanges":[],"entityRanges":[],"data":{}},{"key":"62h5p","text":" * WITHOUT ANY WARRANTY; without even the implied warranty of MERCHANTABILITY","type":"custom-code-block-c","depth":0,"inlineStyleRanges":[],"entityRanges":[],"data":{}},{"key":"f2hf6","text":" * or FITNESS FOR A PARTICULAR PURPOSE.  See the GNU General Public License","type":"custom-code-block-c","depth":0,"inlineStyleRanges":[],"entityRanges":[],"data":{}},{"key":"37j10","text":" * for more details.","type":"custom-code-block-c","depth":0,"inlineStyleRanges":[],"entityRanges":[],"data":{}},{"key":"7as24","text":" */","type":"custom-code-block-c","depth":0,"inlineStyleRanges":[],"entityRanges":[],"data":{}},{"key":"evhb0","text":"","type":"custom-code-block-c","depth":0,"inlineStyleRanges":[],"entityRanges":[],"data":{}},{"key":"etn1i","text":"/**","type":"custom-code-block-c","depth":0,"inlineStyleRanges":[],"entityRanges":[],"data":{}},{"key":"e7p5s","text":" * @defgroup object_i object","type":"custom-code-block-c","depth":0,"inlineStyleRanges":[],"entityRanges":[],"data":{}},{"key":"t25s","text":" * @{ @ingroup utils_i","type":"custom-code-block-c","depth":0,"inlineStyleRanges":[],"entityRanges":[],"data":{}},{"key":"10uns","text":" */","type":"custom-code-block-c","depth":0,"inlineStyleRanges":[],"entityRanges":[],"data":{}},{"key":"44pn","text":"","type":"custom-code-block-c","depth":0,"inlineStyleRanges":[],"entityRanges":[],"data":{}},{"key":"2ng6n","text":"#ifndef OBJECT_H_","type":"custom-code-block-c","depth":0,"inlineStyleRanges":[],"entityRanges":[],"data":{}},{"key":"b0n","text":"#define OBJECT_H_","type":"custom-code-block-c","depth":0,"inlineStyleRanges":[],"entityRanges":[],"data":{}},{"key":"73bk2","text":"","type":"custom-code-block-c","depth":0,"inlineStyleRanges":[],"entityRanges":[],"data":{}},{"key":"8jr82","text":"/**","type":"custom-code-block-c","depth":0,"inlineStyleRanges":[],"entityRanges":[],"data":{}},{"key":"e22he","text":" * Call destructor of an object, if object != NULL","type":"custom-code-block-c","depth":0,"inlineStyleRanges":[],"entityRanges":[],"data":{}},{"key":"faq7f","text":" */","type":"custom-code-block-c","depth":0,"inlineStyleRanges":[],"entityRanges":[],"data":{}},{"key":"37lmn","text":"#define DESTROY_IF(obj) if (obj) (obj)->destroy(obj)","type":"custom-code-block-c","depth":0,"inlineStyleRanges":[],"entityRanges":[],"data":{}},{"key":"5ck79","text":"","type":"custom-code-block-c","depth":0,"inlineStyleRanges":[],"entityRanges":[],"data":{}},{"key":"4ec7s","text":"/**","type":"custom-code-block-c","depth":0,"inlineStyleRanges":[],"entityRanges":[],"data":{}},{"key":"8sn8g","text":" * Call offset destructor of an object, if object != NULL","type":"custom-code-block-c","depth":0,"inlineStyleRanges":[],"entityRanges":[],"data":{}},{"key":"bcol2","text":" */","type":"custom-code-block-c","depth":0,"inlineStyleRanges":[],"entityRanges":[],"data":{}},{"key":"37ki8","text":"#define DESTROY_OFFSET_IF(obj, offset) if (obj) obj->destroy_offset(obj, offset);","type":"custom-code-block-c","depth":0,"inlineStyleRanges":[],"entityRanges":[],"data":{}},{"key":"6d05","text":"","type":"custom-code-block-c","depth":0,"inlineStyleRanges":[],"entityRanges":[],"data":{}},{"key":"c272i","text":"/**","type":"custom-code-block-c","depth":0,"inlineStyleRanges":[],"entityRanges":[],"data":{}},{"key":"4td2q","text":" * Call function destructor of an object, if object != NULL","type":"custom-code-block-c","depth":0,"inlineStyleRanges":[],"entityRanges":[],"data":{}},{"key":"bts2a","text":" */","type":"custom-code-block-c","depth":0,"inlineStyleRanges":[],"entityRanges":[],"data":{}},{"key":"ei1hl","text":"#define DESTROY_FUNCTION_IF(obj, fn) if (obj) obj->destroy_function(obj, fn);","type":"custom-code-block-c","depth":0,"inlineStyleRanges":[],"entityRanges":[],"data":{}},{"key":"cflf7","text":"","type":"custom-code-block-c","depth":0,"inlineStyleRanges":[],"entityRanges":[],"data":{}},{"key":"3nbqi","text":"/**","type":"custom-code-block-c","depth":0,"inlineStyleRanges":[],"entityRanges":[],"data":{}},{"key":"1idvs","text":" * Object allocation/initialization macro, using designated initializer.","type":"custom-code-block-c","depth":0,"inlineStyleRanges":[],"entityRanges":[],"data":{}},{"key":"dv877","text":" */","type":"custom-code-block-c","depth":0,"inlineStyleRanges":[],"entityRanges":[],"data":{}},{"key":"2st47","text":"#define INIT(this, ...) { (this) = malloc(sizeof(*(this))); \\","type":"custom-code-block-c","depth":0,"inlineStyleRanges":[],"entityRanges":[],"data":{}},{"key":"8esas","text":"\t\t\t\t\t\t   *(this) = (typeof(*(this))){ __VA_ARGS__ }; }","type":"custom-code-block-c","depth":0,"inlineStyleRanges":[],"entityRanges":[],"data":{}},{"key":"7s13f","text":"","type":"custom-code-block-c","depth":0,"inlineStyleRanges":[],"entityRanges":[],"data":{}},{"key":"d3p90","text":"/**","type":"custom-code-block-c","depth":0,"inlineStyleRanges":[],"entityRanges":[],"data":{}},{"key":"53k82","text":" * Aligning version of INIT().","type":"custom-code-block-c","depth":0,"inlineStyleRanges":[],"entityRanges":[],"data":{}},{"key":"2mkuf","text":" *","type":"custom-code-block-c","depth":0,"inlineStyleRanges":[],"entityRanges":[],"data":{}},{"key":"88o3d","text":" * The returned pointer must be freed using free_align(), not free().","type":"custom-code-block-c","depth":0,"inlineStyleRanges":[],"entityRanges":[],"data":{}},{"key":"4013l","text":" *","type":"custom-code-block-c","depth":0,"inlineStyleRanges":[],"entityRanges":[],"data":{}},{"key":"csuvm","text":" * @param this\t\tobject to allocate/initialize","type":"custom-code-block-c","depth":0,"inlineStyleRanges":[],"entityRanges":[],"data":{}},{"key":"bvodu","text":" * @param align\t\talignment for allocation, in bytes","type":"custom-code-block-c","depth":0,"inlineStyleRanges":[],"entityRanges":[],"data":{}},{"key":"bemeh","text":" * @param ...\t\tinitializer","type":"custom-code-block-c","depth":0,"inlineStyleRanges":[],"entityRanges":[],"data":{}},{"key":"e1stf","text":" */","type":"custom-code-block-c","depth":0,"inlineStyleRanges":[],"entityRanges":[],"data":{}},{"key":"2hf9p","text":"#define INIT_ALIGN(this, align, ...) { \\","type":"custom-code-block-c","depth":0,"inlineStyleRanges":[],"entityRanges":[],"data":{}},{"key":"7r2qe","text":"\t\t\t\t\t\t(this) = malloc_align(sizeof(*(this)), align); \\","type":"custom-code-block-c","depth":0,"inlineStyleRanges":[],"entityRanges":[],"data":{}},{"key":"eafa0","text":"\t\t\t\t\t\t*(this) = (typeof(*(this))){ __VA_ARGS__ }; }","type":"custom-code-block-c","depth":0,"inlineStyleRanges":[],"entityRanges":[],"data":{}},{"key":"470gi","text":"","type":"custom-code-block-c","depth":0,"inlineStyleRanges":[],"entityRanges":[],"data":{}},{"key":"9far","text":"/**","type":"custom-code-block-c","depth":0,"inlineStyleRanges":[],"entityRanges":[],"data":{}},{"key":"9a3r0","text":" * Object allocation/initialization macro, with extra allocated bytes at tail.","type":"custom-code-block-c","depth":0,"inlineStyleRanges":[],"entityRanges":[],"data":{}},{"key":"e6350","text":" *","type":"custom-code-block-c","depth":0,"inlineStyleRanges":[],"entityRanges":[],"data":{}},{"key":"ev3am","text":" * The extra space gets zero-initialized.","type":"custom-code-block-c","depth":0,"inlineStyleRanges":[],"entityRanges":[],"data":{}},{"key":"3rdvv","text":" *","type":"custom-code-block-c","depth":0,"inlineStyleRanges":[],"entityRanges":[],"data":{}},{"key":"6gefk","text":" * @param this\t\tpointer to object to allocate memory for","type":"custom-code-block-c","depth":0,"inlineStyleRanges":[],"entityRanges":[],"data":{}},{"key":"a96gr","text":" * @param extra\t\tnumber of bytes to allocate at end of this","type":"custom-code-block-c","depth":0,"inlineStyleRanges":[],"entityRanges":[],"data":{}},{"key":"8u71o","text":" * @param ...\t\tinitializer","type":"custom-code-block-c","depth":0,"inlineStyleRanges":[],"entityRanges":[],"data":{}},{"key":"7n3la","text":" */","type":"custom-code-block-c","depth":0,"inlineStyleRanges":[],"entityRanges":[],"data":{}},{"key":"24s25","text":"#define INIT_EXTRA(this, extra, ...) { \\","type":"custom-code-block-c","depth":0,"inlineStyleRanges":[],"entityRanges":[],"data":{}},{"key":"eofdp","text":"\t\t\t\t\t\ttypeof(extra) _extra = (extra); \\","type":"custom-code-block-c","depth":0,"inlineStyleRanges":[],"entityRanges":[],"data":{}},{"key":"cvf6a","text":"\t\t\t\t\t\t(this) = malloc(sizeof(*(this)) + _extra); \\","type":"custom-code-block-c","depth":0,"inlineStyleRanges":[],"entityRanges":[],"data":{}},{"key":"850g","text":"\t\t\t\t\t\t*(this) = (typeof(*(this))){ __VA_ARGS__ }; \\","type":"custom-code-block-c","depth":0,"inlineStyleRanges":[],"entityRanges":[],"data":{}},{"key":"cj1e5","text":"\t\t\t\t\t\tmemset((this) + 1, 0, _extra); }","type":"custom-code-block-c","depth":0,"inlineStyleRanges":[],"entityRanges":[],"data":{}},{"key":"9verh","text":"","type":"custom-code-block-c","depth":0,"inlineStyleRanges":[],"entityRanges":[],"data":{}},{"key":"cjv8m","text":"/**","type":"custom-code-block-c","depth":0,"inlineStyleRanges":[],"entityRanges":[],"data":{}},{"key":"1uldc","text":" * Aligning version of INIT_EXTRA().","type":"custom-code-block-c","depth":0,"inlineStyleRanges":[],"entityRanges":[],"data":{}},{"key":"c62v0","text":" *","type":"custom-code-block-c","depth":0,"inlineStyleRanges":[],"entityRanges":[],"data":{}},{"key":"2a29s","text":" * The returned pointer must be freed using free_align(), not free().","type":"custom-code-block-c","depth":0,"inlineStyleRanges":[],"entityRanges":[],"data":{}},{"key":"4r6tp","text":" *","type":"custom-code-block-c","depth":0,"inlineStyleRanges":[],"entityRanges":[],"data":{}},{"key":"fid7b","text":" * @param this\t\tobject to allocate/initialize","type":"custom-code-block-c","depth":0,"inlineStyleRanges":[],"entityRanges":[],"data":{}},{"key":"ag975","text":" * @param extra\t\tnumber of bytes to allocate at end of this","type":"custom-code-block-c","depth":0,"inlineStyleRanges":[],"entityRanges":[],"data":{}},{"key":"d5vsc","text":" * @param align\t\talignment for allocation, in bytes","type":"custom-code-block-c","depth":0,"inlineStyleRanges":[],"entityRanges":[],"data":{}},{"key":"2oa4d","text":" * @param ...\t\tinitializer","type":"custom-code-block-c","depth":0,"inlineStyleRanges":[],"entityRanges":[],"data":{}},{"key":"7acba","text":" */","type":"custom-code-block-c","depth":0,"inlineStyleRanges":[],"entityRanges":[],"data":{}},{"key":"a41h7","text":"#define INIT_EXTRA_ALIGN(this, extra, align, ...) { \\","type":"custom-code-block-c","depth":0,"inlineStyleRanges":[],"entityRanges":[],"data":{}},{"key":"ai0sk","text":"\t\t\t\t\t\ttypeof(extra) _extra = (extra); \\","type":"custom-code-block-c","depth":0,"inlineStyleRanges":[],"entityRanges":[],"data":{}},{"key":"eqhsh","text":"\t\t\t\t\t\t(this) = malloc_align(sizeof(*(this)) + _extra, align); \\","type":"custom-code-block-c","depth":0,"inlineStyleRanges":[],"entityRanges":[],"data":{}},{"key":"3vh8","text":"\t\t\t\t\t\t*(this) = (typeof(*(this))){ __VA_ARGS__ }; \\","type":"custom-code-block-c","depth":0,"inlineStyleRanges":[],"entityRanges":[],"data":{}},{"key":"cocoa","text":"\t\t\t\t\t\tmemset((this) + 1, 0, _extra); }","type":"custom-code-block-c","depth":0,"inlineStyleRanges":[],"entityRanges":[],"data":{}},{"key":"7lb0","text":"","type":"custom-code-block-c","depth":0,"inlineStyleRanges":[],"entityRanges":[],"data":{}},{"key":"fkade","text":"/**","type":"custom-code-block-c","depth":0,"inlineStyleRanges":[],"entityRanges":[],"data":{}},{"key":"1qrif","text":" * Method declaration/definition macro, providing private and public interface.","type":"custom-code-block-c","depth":0,"inlineStyleRanges":[],"entityRanges":[],"data":{}},{"key":"80uac","text":" *","type":"custom-code-block-c","depth":0,"inlineStyleRanges":[],"entityRanges":[],"data":{}},{"key":"1a8fo","text":" * Defines a method name with this as first parameter and a return value ret,","type":"custom-code-block-c","depth":0,"inlineStyleRanges":[],"entityRanges":[],"data":{}},{"key":"3230m","text":" * and an alias for this method with a _ prefix, having the this argument","type":"custom-code-block-c","depth":0,"inlineStyleRanges":[],"entityRanges":[],"data":{}},{"key":"bth3p","text":" * safely casted to the public interface iface.","type":"custom-code-block-c","depth":0,"inlineStyleRanges":[],"entityRanges":[],"data":{}},{"key":"2aeui","text":" * _name is provided a function pointer, but will get optimized out by GCC.","type":"custom-code-block-c","depth":0,"inlineStyleRanges":[],"entityRanges":[],"data":{}},{"key":"4qtjp","text":" */","type":"custom-code-block-c","depth":0,"inlineStyleRanges":[],"entityRanges":[],"data":{}},{"key":"2e59o","text":"#define METHOD(iface, name, ret, this, ...) \\","type":"custom-code-block-c","depth":0,"inlineStyleRanges":[],"entityRanges":[],"data":{}},{"key":"4g79q","text":"\tstatic ret name(union {iface *_public; this;} \\","type":"custom-code-block-c","depth":0,"inlineStyleRanges":[],"entityRanges":[],"data":{}},{"key":"728oa","text":"\t__attribute__((transparent_union)), ##__VA_ARGS__); \\","type":"custom-code-block-c","depth":0,"inlineStyleRanges":[],"entityRanges":[],"data":{}},{"key":"9l5io","text":"\tstatic typeof(name) *_##name = (typeof(name)*)name; \\","type":"custom-code-block-c","depth":0,"inlineStyleRanges":[],"entityRanges":[],"data":{}},{"key":"f3l6k","text":"\tstatic ret name(this, ##__VA_ARGS__)","type":"custom-code-block-c","depth":0,"inlineStyleRanges":[],"entityRanges":[],"data":{}},{"key":"eu279","text":"","type":"custom-code-block-c","depth":0,"inlineStyleRanges":[],"entityRanges":[],"data":{}},{"key":"aonv8","text":"/**","type":"custom-code-block-c","depth":0,"inlineStyleRanges":[],"entityRanges":[],"data":{}},{"key":"1spio","text":" * Same as METHOD(), but is defined for two public interfaces.","type":"custom-code-block-c","depth":0,"inlineStyleRanges":[],"entityRanges":[],"data":{}},{"key":"7aesn","text":" */","type":"custom-code-block-c","depth":0,"inlineStyleRanges":[],"entityRanges":[],"data":{}},{"key":"dnt9b","text":"#define METHOD2(iface1, iface2, name, ret, this, ...) \\","type":"custom-code-block-c","depth":0,"inlineStyleRanges":[],"entityRanges":[],"data":{}},{"key":"fah2t","text":"\tstatic ret name(union {iface1 *_public1; iface2 *_public2; this;} \\","type":"custom-code-block-c","depth":0,"inlineStyleRanges":[],"entityRanges":[],"data":{}},{"key":"pusi","text":"\t__attribute__((transparent_union)), ##__VA_ARGS__); \\","type":"custom-code-block-c","depth":0,"inlineStyleRanges":[],"entityRanges":[],"data":{}},{"key":"149pm","text":"\tstatic typeof(name) *_##name = (typeof(name)*)name; \\","type":"custom-code-block-c","depth":0,"inlineStyleRanges":[],"entityRanges":[],"data":{}},{"key":"2735k","text":"\tstatic ret name(this, ##__VA_ARGS__)","type":"custom-code-block-c","depth":0,"inlineStyleRanges":[],"entityRanges":[],"data":{}},{"key":"6taqt","text":"","type":"custom-code-block-c","depth":0,"inlineStyleRanges":[],"entityRanges":[],"data":{}},{"key":"d91e9","text":"/**","type":"custom-code-block-c","depth":0,"inlineStyleRanges":[],"entityRanges":[],"data":{}},{"key":"255ej","text":" * Callback declaration/definition macro, allowing casted first parameter.","type":"custom-code-block-c","depth":0,"inlineStyleRanges":[],"entityRanges":[],"data":{}},{"key":"7omcf","text":" *","type":"custom-code-block-c","depth":0,"inlineStyleRanges":[],"entityRanges":[],"data":{}},{"key":"9ga19","text":" * This is very similar to METHOD, but instead of casting the first parameter","type":"custom-code-block-c","depth":0,"inlineStyleRanges":[],"entityRanges":[],"data":{}},{"key":"f486s","text":" * to a public interface, it uses a void*. This allows type safe definition","type":"custom-code-block-c","depth":0,"inlineStyleRanges":[],"entityRanges":[],"data":{}},{"key":"c98jl","text":" * of a callback function, while using the real type for the first parameter.","type":"custom-code-block-c","depth":0,"inlineStyleRanges":[],"entityRanges":[],"data":{}},{"key":"c0sem","text":" */","type":"custom-code-block-c","depth":0,"inlineStyleRanges":[],"entityRanges":[],"data":{}},{"key":"7m4qb","text":"#define CALLBACK(name, ret, param1, ...) \\","type":"custom-code-block-c","depth":0,"inlineStyleRanges":[],"entityRanges":[],"data":{}},{"key":"feg6r","text":"\tstatic ret _cb_##name(union {void *_generic; param1;} \\","type":"custom-code-block-c","depth":0,"inlineStyleRanges":[],"entityRanges":[],"data":{}},{"key":"7m9d2","text":"\t__attribute__((transparent_union)), ##__VA_ARGS__); \\","type":"custom-code-block-c","depth":0,"inlineStyleRanges":[],"entityRanges":[],"data":{}},{"key":"fbarq","text":"\tstatic typeof(_cb_##name) *name = (typeof(_cb_##name)*)_cb_##name; \\","type":"custom-code-block-c","depth":0,"inlineStyleRanges":[],"entityRanges":[],"data":{}},{"key":"7mi4a","text":"\tstatic ret _cb_##name(param1, ##__VA_ARGS__)","type":"custom-code-block-c","depth":0,"inlineStyleRanges":[],"entityRanges":[],"data":{}},{"key":"fl1p5","text":"","type":"custom-code-block-c","depth":0,"inlineStyleRanges":[],"entityRanges":[],"data":{}},{"key":"36kv4","text":"#endif /** OBJECT_H_ @} */","type":"custom-code-block-c","depth":0,"inlineStyleRanges":[],"entityRanges":[],"data":{}},{"key":"4fjqe","text":"","type":"custom-code-block-c","depth":0,"inlineStyleRanges":[],"entityRanges":[],"data":{}},{"key":"59kd9","text":"","type":"unstyled","depth":0,"inlineStyleRanges":[],"entityRanges":[],"data":{}}],"entityMap":{}},"tags":[]}
