{"_id":"Hk8Wr1Jvv","title":"C语言中文本文件 和 二进制文件 流的区别","dateCreated":1602315517535,"lastAccessed":"2020-10-10T07:38:37.536Z","lastUpdated":"2020-10-10T07:49:31.689Z","notebookId":"B1bSR7QJw","body":{"blocks":[{"key":"ag6qs","text":"C语言中文本文件 和 二进制文件 流的区别","type":"header-one","depth":0,"inlineStyleRanges":[],"entityRanges":[],"data":{}},{"key":"59kd9","text":"","type":"unstyled","depth":0,"inlineStyleRanges":[],"entityRanges":[],"data":{}},{"key":"e3321","text":"近期看到了文本流和二进制流的区别，书上讲的比较含糊，理解不透彻，于是细细琢磨了下，把心得跟大家分享一下：","type":"unstyled","depth":0,"inlineStyleRanges":[],"entityRanges":[],"data":{}},{"key":"fv0f","text":"","type":"unstyled","depth":0,"inlineStyleRanges":[],"entityRanges":[],"data":{}},{"key":"del2f","text":"一、首先回答，什么是文件，流","type":"header-three","depth":0,"inlineStyleRanges":[{"offset":0,"length":14,"style":"BOLD"}],"entityRanges":[],"data":{}},{"key":"5fuqn","text":"　　一个文件通常就是磁盘上的一段命名的存储区。比如 stdio.h 就是一个包含一些有用信息的文件的名称。","type":"unstyled","depth":0,"inlineStyleRanges":[],"entityRanges":[],"data":{}},{"key":"3lveh","text":"","type":"unstyled","depth":0,"inlineStyleRanges":[],"entityRanges":[],"data":{}},{"key":"5sk7n","text":"　　C将文件看成是连续的字节序列，其中每一个字节都可以单独地读取。这与 UNIX 环境（C的发源地）中的文件结构是一致的。因为其他环境中的文件模型可能会有所不同，所以 ANSI C 提供了文件的两种视图：文本视图和二进制视图。","type":"unstyled","depth":0,"inlineStyleRanges":[{"offset":102,"length":4,"style":"INLINECODE"},{"offset":107,"length":5,"style":"INLINECODE"}],"entityRanges":[],"data":{}},{"key":"d3a21","text":"","type":"unstyled","depth":0,"inlineStyleRanges":[],"entityRanges":[],"data":{}},{"key":"drrme","text":"　　C将数据的输入输出看作是数据的流入和流出，不管是磁盘文件或者是物理设备都可看作一种流的源和目的，视他们为同一种东西，而不管其具体的物理结构，即对他们的操作，就是数据的流入和流出。这种把数据的输入输出操作对象，抽象化为一 种流，而不管它的具体结构的方法很有利于编程，而涉及流的输出操作函数可用于各种对象，与其具体的实体无关，即具有通用性。","type":"unstyled","depth":0,"inlineStyleRanges":[],"entityRanges":[],"data":{}},{"key":"ap4r5","text":"　　","type":"unstyled","depth":0,"inlineStyleRanges":[],"entityRanges":[],"data":{}},{"key":"el5ms","text":"","type":"unstyled","depth":0,"inlineStyleRanges":[],"entityRanges":[],"data":{}},{"key":"elfvo","text":"二、文本视图和二进制视图区别 ","type":"header-three","depth":0,"inlineStyleRanges":[{"offset":0,"length":15,"style":"BOLD"}],"entityRanges":[],"data":{}},{"key":"eo4qf","text":"　　二进制视图中每个字节都可以为程序所访问。","type":"unstyled","depth":0,"inlineStyleRanges":[],"entityRanges":[],"data":{}},{"key":"28bfg","text":"","type":"unstyled","depth":0,"inlineStyleRanges":[],"entityRanges":[],"data":{}},{"key":"cig45","text":"　　在文本视图中，程序看到的内容和文件的内容有可能不同（非 UNIX 环境）。举例，DOS下有个文件 test.txt，内容为","type":"unstyled","depth":0,"inlineStyleRanges":[],"entityRanges":[],"data":{}},{"key":"bquv2","text":"hello\\r\\n","type":"custom-code-block-c","depth":0,"inlineStyleRanges":[],"entityRanges":[],"data":{}},{"key":"d96it","text":"world\\r\\n ","type":"custom-code-block-c","depth":0,"inlineStyleRanges":[],"entityRanges":[],"data":{}},{"key":"4ifgo","text":"当以二进制模式打开 test.txt 时，C程序看到的内容跟原来一样（如下），此时，没有任何映射发生。","type":"unstyled","depth":0,"inlineStyleRanges":[],"entityRanges":[],"data":{}},{"key":"87fs4","text":"hello\\r\\n","type":"custom-code-block-c","depth":0,"inlineStyleRanges":[],"entityRanges":[],"data":{}},{"key":"cgvsr","text":"world\\r\\n","type":"custom-code-block-c","depth":0,"inlineStyleRanges":[],"entityRanges":[],"data":{}},{"key":"4irqd","text":"","type":"unstyled","depth":0,"inlineStyleRanges":[],"entityRanges":[],"data":{}},{"key":"1go59","text":"当以文本模式打开 test.txt 时，C程序看到的是如下内容：（注意行尾和文件结束符）","type":"unstyled","depth":0,"inlineStyleRanges":[],"entityRanges":[],"data":{}},{"key":"uin5","text":"hello\\n","type":"custom-code-block-c","depth":0,"inlineStyleRanges":[],"entityRanges":[],"data":{}},{"key":"8ptac","text":"world\\n","type":"custom-code-block-c","depth":0,"inlineStyleRanges":[],"entityRanges":[],"data":{}},{"key":"folr0","text":"也就是说使用文本视图读取文件时，将把行尾的本地环境表示法映射为 C 视图；在输出的时候，也会将 C 视图中的行尾表示映射为本地环境表示法。这样，C 通过文本视图巧妙的将不同环境（DOS，MAC）下的文件转换为相同的表示（UNIX下的表示法）。","type":"unstyled","depth":0,"inlineStyleRanges":[{"offset":6,"length":4,"style":"INLINECODE"}],"entityRanges":[],"data":{}},{"key":"9o89l","text":"","type":"unstyled","depth":0,"inlineStyleRanges":[],"entityRanges":[],"data":{}},{"key":"chf6q","text":"而二进制视图则与原文件没有丝毫变化！有点理解了吧？","type":"unstyled","depth":0,"inlineStyleRanges":[],"entityRanges":[],"data":{}},{"key":"72lbp","text":"","type":"unstyled","depth":0,"inlineStyleRanges":[],"entityRanges":[],"data":{}},{"key":"bl96v","text":"三、文本文件与二进制文件","type":"header-three","depth":0,"inlineStyleRanges":[{"offset":0,"length":12,"style":"BOLD"}],"entityRanges":[],"data":{}},{"key":"79mpv","text":"　　文本文件是基于字符编码的文件，基本是定长的，常见的编码有ASCII编码，UNICODE编码等等。二进制文件是基于值编码的文件，变长编码，你可以根据具体应用，指定某个值是什么意思（这样一个过程，可以看作是自定义编码）。","type":"unstyled","depth":0,"inlineStyleRanges":[{"offset":2,"length":4,"style":"INLINECODE"},{"offset":9,"length":4,"style":"INLINECODE"},{"offset":20,"length":2,"style":"INLINECODE"},{"offset":50,"length":5,"style":"INLINECODE"},{"offset":58,"length":3,"style":"INLINECODE"},{"offset":65,"length":4,"style":"INLINECODE"}],"entityRanges":[],"data":{}},{"key":"4katk","text":"   　文本工具打开一个文件的过程是怎样的呢？拿记事本来说，它首先读取文件物理上所对应的二进制比特流，然后按照你所选择的解码方式来解释这个流，最后将解释结果显示出来。当用记事本打开二进制文件时，由于按既定的字符编码工作（如ASCII码），所以出现乱码也是很必然的一件事情了。","type":"unstyled","depth":0,"inlineStyleRanges":[],"entityRanges":[],"data":{}},{"key":"faems","text":"","type":"unstyled","depth":0,"inlineStyleRanges":[],"entityRanges":[],"data":{}},{"key":"70r44","text":"　　文本文件编码基于字符定长，译码容易些；二进制文件编码是变长的，所以它灵活，存储利用率要高些，译码难一些（不同的二进制文件格式，有不同的译码方式）。 文本文件的可读性要好些，存储要花费转换时间(读写要编译码)，而二进制文件可读性差（需要具体的文件解码器），存储不存在转换时间（读写不要编解码，直接写值）。","type":"unstyled","depth":0,"inlineStyleRanges":[],"entityRanges":[],"data":{}},{"key":"bke25","text":"","type":"unstyled","depth":0,"inlineStyleRanges":[],"entityRanges":[],"data":{}},{"key":"f3489","text":"","type":"divider","depth":0,"inlineStyleRanges":[],"entityRanges":[],"data":{}},{"key":"3egcn","text":"一、文本文件与二进制文件的定义","type":"unstyled","depth":0,"inlineStyleRanges":[{"offset":0,"length":15,"style":"BOLD"}],"entityRanges":[],"data":{}},{"key":"br7ql","text":"","type":"unstyled","depth":0,"inlineStyleRanges":[],"entityRanges":[],"data":{}},{"key":"bhj40","text":"      大家都知道计算机的存储在物理上是二进制的，所以文本文件与二进制文件的区别并不是物理上的，而是逻辑上的。这两者只是在编码层次上有差异。","type":"unstyled","depth":0,"inlineStyleRanges":[],"entityRanges":[],"data":{}},{"key":"c0h3e","text":"      简单来说，文本文件是基于字符编码的文件，常见的编码有ASCII编码，UNICODE编码等等。二进制文件是基于值编码的文件，你可以根据具体应用，指定某个值是什么意思（这样一个过程，可以看作是自定义编码）。","type":"unstyled","depth":0,"inlineStyleRanges":[],"entityRanges":[],"data":{}},{"key":"b0rkh","text":"      从上面可以看出文本文件基本上是定长编码的(也有非定长的编码如UTF-8)，基于字符嘛，每个字符在具体编码中是固定的，ASCII码是8个比特的编码，UNICODE一般占16个比特。而二进制文件可看成是变长编码的，因为是值编码嘛，多少个比特代表一个值，完全由你决定。大家可能对BMP文件比较熟悉，就拿它举例子吧，其头部是较为固定长度的文件头信息，前2字节用来记录文件为BMP格式，接下来的8个字节用来记录文件长度，再接下来的4字节用来记录bmp文件头的长度。。。大家可以看出来了吧，其编码是基于值的（不定长的，2、4、8字节长的值都有），所以BMP是二进制文件。","type":"unstyled","depth":0,"inlineStyleRanges":[],"entityRanges":[],"data":{}},{"key":"djnn0","text":"二、文本文件与二进制文件的存取","type":"unstyled","depth":0,"inlineStyleRanges":[{"offset":0,"length":15,"style":"BOLD"}],"entityRanges":[],"data":{}},{"key":"295pu","text":"","type":"unstyled","depth":0,"inlineStyleRanges":[],"entityRanges":[],"data":{}},{"key":"c125v","text":"   文本工具打开一个文件的过程是怎样的呢？拿记事本来说，它首先读取文件物理上所对应的二进制比特流（前面已经说了，存储都是二进制的），然后按照你所选择的解码方式来解释这个流，然后将解释结果显示出来。一般来说，你选取的解码方式会是ASCII码形式（ASCII码的一个字符是８个比特），接下来，它8个比特8个比特地来解释这个文件流。例如对于这么一个文件流\"01000000_01000001_01000010_01000011\"(下划线''_''，是我为了增强可读性，而手动添加的)，第一个8比特''01000000''按ASCII码来解码的话，所对应的字符是字符''A''，同理其它3个8比特可分别解码为''BCD''，即这个文件流可解释成“ABCD”，然后记事本就将这个“ABCD”显示在屏幕上。","type":"unstyled","depth":0,"inlineStyleRanges":[],"entityRanges":[],"data":{}},{"key":"88gd3","text":"   事实上，世界上任何东西要与其他东西通信会话，都存在一个既定的协议，既定的编码。人与人之间通过文字联络，汉字“妈”代表生你的那个人，这就是一种既定的编码。但注意到这样一种情况，汉字“妈”在日本文字里有可能是你生下的那个人，所以当一个中国人Ａ与日本Ｂ之间用“妈”这个字进行交流，出现误解就很正常的。用记事本打开二进制文件与上面的情况类似。记事本无论打开什么文件都按既定的字符编码工作（如ASCII码），所以当他打开二进制文件时，出现乱码也是很必然的一件事情了，解码和译码不对应嘛。例如文件流''00000000_00000000_00000000_00000001''可能在二","type":"unstyled","depth":0,"inlineStyleRanges":[],"entityRanges":[],"data":{}},{"key":"ev3kt","text":"进制文件中对应的是一个四字节的整数int 1，在记事本里解释就变成了\"NULL_NULL_NULL_SOH\"这四个控制符。","type":"unstyled","depth":0,"inlineStyleRanges":[],"entityRanges":[],"data":{}},{"key":"f73u4","text":"   文本文件的存储与其读取基本上是个逆过程，不再累述。而二进制文件的存取显然与文本文件的存取差不多，只是编／解码方式不同而已，也不再叙述。","type":"unstyled","depth":0,"inlineStyleRanges":[],"entityRanges":[],"data":{}},{"key":"9593l","text":"","type":"unstyled","depth":0,"inlineStyleRanges":[],"entityRanges":[],"data":{}},{"key":"23fu2","text":"三、文本文件与二进制文件的优缺点","type":"unstyled","depth":0,"inlineStyleRanges":[{"offset":0,"length":16,"style":"BOLD"}],"entityRanges":[],"data":{}},{"key":"2klv4","text":"   因为文本文件与二进制文件的区别仅仅是编码上不同，所以他们的优缺点就是编码的优缺点，这个找本编码的书来看看就比较清楚了。一般认为，文本文件编码基于字符定长，译码容易些；二进制文件编码是变长的，所以它灵活，存储利用率要高些，译码难一些（不同的二进制文件格式，有不同的译码方式）。关于空间利用率，想想看，二进制文件甚至可以用一个比特来代表一个意思(位操作)，而文本文件任何一个意思至少是一个字符．","type":"unstyled","depth":0,"inlineStyleRanges":[],"entityRanges":[],"data":{}},{"key":"7fl7h","text":"   很多书上还认为，文本文件的可读性要好些，存储要花费转换时间(读写要编译码)，而二进制文件可读性差，存储不存在转换时间（读写不要编解码，直接写值）．这里的可读性是从软件使用者角度来说的，因为我们用通用的记事本工具就几乎可以浏览所有文本文件，所以说文本文件可读性好；而读写一个具体的二进制文件需要一个具体的文件解码器，所以说二进制文件可读性差，比如读BMP文件，必须用读图软件．而这里的存储转换时间应该是从编程的角度来说的，因为有些操作系统如windows需要对回车换行符进行转换(将''\\n''，换成''\\r\\n''，所以文件读写时，操作系统需要一个一个字符的检查","type":"unstyled","depth":0,"inlineStyleRanges":[],"entityRanges":[],"data":{}},{"key":"di1p7","text":"当前字符是不是''\\n''或''\\r\\n'').这个在存储转换在Linux操作系统中并不需要，当然，当在两个不同的操作系统上共享文件时，这种存储转换又可能出来(如Linux系统和Windows系统共享文本文件)。","type":"unstyled","depth":0,"inlineStyleRanges":[],"entityRanges":[],"data":{}},{"key":"50g0r","text":"","type":"unstyled","depth":0,"inlineStyleRanges":[],"entityRanges":[],"data":{}},{"key":"8fn9i","text":"四、Ｃ的文本读写和二进制读写","type":"unstyled","depth":0,"inlineStyleRanges":[{"offset":0,"length":14,"style":"BOLD"}],"entityRanges":[],"data":{}},{"key":"iofc","text":"   应该说Ｃ的文本读写与二进制的读写是一个编程层次上的问题，与具体的操作系统有关，所以＂用文本方式读写的文件一定是文本文件，用二进制读写的文件一定是二进制文件\"这类观点是错误的．下面的讲述非明确指出操作系统类型，都暗指windows．","type":"unstyled","depth":0,"inlineStyleRanges":[],"entityRanges":[],"data":{}},{"key":"9j0kd","text":"   Ｃ的文本方读写与二进制读写的差别仅仅体现在回车换行符的处理上．文本方式写时，每遇到一个''\\n''(0AH换行符)，它将其换成''\\r\\n''(0D0AH，回车换行)，然后再写入文件；当文本读取时，它每遇到一个''\\r\\n''将其反变化为''\\n''，然后送到读缓冲区．正因为文本方式有''\\n''－－''\\r\\n''之间的转换，其存在转换耗时．二进制读写时，其不存在任何转换，直接将写缓冲区中数据写入文件．","type":"unstyled","depth":0,"inlineStyleRanges":[],"entityRanges":[],"data":{}},{"key":"6a8ce","text":"   总地来说，从编程的角度来说，Ｃ中文本或二进制读写都是缓冲区与文件中二进制流的交互，只是文本读写时有回车换行的转换．所以当写缓冲区中无换行符''\\n''(0AH)，文本写与二进制写的结果是一样的，同理，当文件中不存在''\\r\\n''(0DH0AH)时，文本读与二进制读的结果一样．","type":"unstyled","depth":0,"inlineStyleRanges":[],"entityRanges":[],"data":{}},{"key":"f5hto","text":"","type":"unstyled","depth":0,"inlineStyleRanges":[],"entityRanges":[],"data":{}},{"key":"dha9m","text":"","type":"unstyled","depth":0,"inlineStyleRanges":[],"entityRanges":[],"data":{}},{"key":"fnbq3","text":"五、实例","type":"unstyled","depth":0,"inlineStyleRanges":[{"offset":0,"length":4,"style":"BOLD"}],"entityRanges":[],"data":{}},{"key":"eoc8j","text":"","type":"unstyled","depth":0,"inlineStyleRanges":[],"entityRanges":[],"data":{}},{"key":"3ngpl","text":"5678的存储形式为：ASCII码：  　00110101  00110110  00110111   00111000 （四个字节）","type":"unstyled","depth":0,"inlineStyleRanges":[],"entityRanges":[],"data":{}},{"key":"11hvd","text":"5678的存储形式为：二进制：     00010110   00101110 （两个字节）二进制文件和文本文件的唯一差异就是前者含有一些非标准输出的ASCII码。0x01就是非标准输出的ASCII码，0x61就是标准输出的ASCII码。）","type":"unstyled","depth":0,"inlineStyleRanges":[],"entityRanges":[],"data":{}},{"key":"2o6i","text":"","type":"unstyled","depth":0,"inlineStyleRanges":[],"entityRanges":[],"data":{}},{"key":"e5opg","text":"","type":"divider","depth":0,"inlineStyleRanges":[],"entityRanges":[],"data":{}},{"key":"33t71","text":"","type":"unstyled","depth":0,"inlineStyleRanges":[],"entityRanges":[],"data":{}},{"key":"e3vom","text":"在C中引入了流(stream)的概念。它将数据的输入输出看作是数据的流入和流出，这样不管是磁盘文件或者是物理设备(打印机、显示器、键盘等),都可看作一种流的源和目的，视他们为同一种东西，而不管其具体的物理结构，即对他们的操作，就是数据的流入和流出。这种把数据的输入输出操作对象，抽象化为一种流，而不管它的具体结构的方法很有利于编程，而涉及流的输出操作函数可用于各种对象，与其具体的实体无关，即具有通用性。在C中流可分为两大类，即文本流(text stream)和二进制流(binarystream)。所谓文本流是指在流中流动的数据是以字符形式出现。在文本流中，'\\n'被换成回车CR和换行LF的代码0DH和0AH。而当输出时，则0DH和0AH本换成'\\n'。二进制流是指流动的是二进制数字序列，若流中有字符，则用一个字节的二进制ASCII码表示，若是数字，则用数字的二进制数表示。在流入流出时，对\\n符号不进行变换。例如2001这个数，在文本流中用其ASCII码表示为：'2' '0' '0' '1'| | | |50 48 48 49共占4字节。而在二进制流中则表示为：00000111 11010001 用十六进制就是07D1。只占两字节。由此看出，二进制流比文本流节省空间，且不用进行对\\n的转换，这样可以大大加快流的速度，提高效率。因而，对于含有大量数字信息的数字流，可以采用二进制流的方式；对于含有大量字符信息的流，则采用文本流的方式。","type":"unstyled","depth":0,"inlineStyleRanges":[{"offset":250,"length":23,"style":"INLINECODE"},{"offset":329,"length":61,"style":"INLINECODE"}],"entityRanges":[],"data":{}}],"entityMap":{}},"tags":[]}
