{"_id":"HkJR6IPEw","title":"BUILD_BUG_ON","dateCreated":1599724999430,"lastAccessed":"2020-09-10T08:03:19.431Z","lastUpdated":"2021-02-21T08:54:21.193Z","notebookId":"B1bSR7QJw","body":{"blocks":[{"key":"ag6qs","text":"BUILD_BUG_ON","type":"unstyled","depth":0,"inlineStyleRanges":[{"offset":0,"length":12,"style":"BOLD"}],"entityRanges":[],"data":{}},{"key":"cjhac","text":"","type":"divider","depth":0,"inlineStyleRanges":[],"entityRanges":[],"data":{}},{"key":"a8htu","text":"","type":"unstyled","depth":0,"inlineStyleRanges":[],"entityRanges":[],"data":{}},{"key":"6snc9","text":"在学习Cleanflight的代码时，在initEEPROM()函数中，碰到BUILD_BUG_ON这样的一个宏，宏被定义在build_config.h中，其是模仿了linux内核的资源：","type":"unstyled","depth":0,"inlineStyleRanges":[{"offset":38,"length":12,"style":"INLINECODE"}],"entityRanges":[],"data":{}},{"key":"eio6a","text":"","type":"unstyled","depth":0,"inlineStyleRanges":[],"entityRanges":[],"data":{}},{"key":"dqj30","text":"内核中有这样一个宏：","type":"unstyled","depth":0,"inlineStyleRanges":[],"entityRanges":[],"data":{}},{"key":"330pj","text":"#define BUILD_BUG_ON(condition) ((void)sizeof(char[1 - 2*!!(condition)]))","type":"custom-code-block-c","depth":0,"inlineStyleRanges":[],"entityRanges":[],"data":{}},{"key":"89k8k","text":"","type":"unstyled","depth":0,"inlineStyleRanges":[],"entityRanges":[],"data":{}},{"key":"bui57","text":"其作用是在编译的时候如果condition为真，则编译出错。","type":"unstyled","depth":0,"inlineStyleRanges":[],"entityRanges":[],"data":{}},{"key":"babil","text":"","type":"unstyled","depth":0,"inlineStyleRanges":[],"entityRanges":[],"data":{}},{"key":"a6amv","text":"即：如果condition为真，则!condition==0；!!condition==1；故编译器在编译char[1-2]时会出错。","type":"unstyled","depth":0,"inlineStyleRanges":[],"entityRanges":[],"data":{}},{"key":"59kd9","text":"","type":"unstyled","depth":0,"inlineStyleRanges":[],"entityRanges":[],"data":{}},{"key":"1klqs","text":"","type":"unstyled","depth":0,"inlineStyleRanges":[],"entityRanges":[],"data":{}},{"key":"emve3","text":"c语言-计算结构体成员偏移量","type":"header-three","depth":0,"inlineStyleRanges":[{"offset":0,"length":14,"style":"BOLD"}],"entityRanges":[],"data":{}},{"key":"35emb","text":"","type":"divider","depth":0,"inlineStyleRanges":[],"entityRanges":[],"data":{}},{"key":"bpui9","text":"","type":"unstyled","depth":0,"inlineStyleRanges":[],"entityRanges":[],"data":{}},{"key":"6btk4","text":"C 库宏 - offsetof()","type":"unstyled","depth":0,"inlineStyleRanges":[],"entityRanges":[],"data":{}},{"key":"e12rr","text":"","type":"unstyled","depth":0,"inlineStyleRanges":[],"entityRanges":[],"data":{}},{"key":"9j3vq","text":"描述","type":"unstyled","depth":0,"inlineStyleRanges":[{"offset":0,"length":2,"style":"BOLD"}],"entityRanges":[],"data":{}},{"key":"84h3r","text":"","type":"unstyled","depth":0,"inlineStyleRanges":[],"entityRanges":[],"data":{}},{"key":"909cn","text":"C 库宏 offsetof(type, member-designator) 会生成一个类型为 size_t 的整型常量，它是一个结构成员相对于结构开头的字节偏移量。成员是由 member-designator 给定的，结构的名称是在 type 中给定的。","type":"unstyled","depth":0,"inlineStyleRanges":[],"entityRanges":[],"data":{}},{"key":"1ttf1","text":"","type":"unstyled","depth":0,"inlineStyleRanges":[],"entityRanges":[],"data":{}},{"key":"ehmhj","text":"声明","type":"unstyled","depth":0,"inlineStyleRanges":[{"offset":0,"length":2,"style":"BOLD"}],"entityRanges":[],"data":{}},{"key":"cv16m","text":"","type":"unstyled","depth":0,"inlineStyleRanges":[],"entityRanges":[],"data":{}},{"key":"5e0tj","text":"下面是 offsetof() 宏的声明。","type":"unstyled","depth":0,"inlineStyleRanges":[],"entityRanges":[],"data":{}},{"key":"khf0","text":"offsetof(type, member-designator)","type":"custom-code-block-c","depth":0,"inlineStyleRanges":[],"entityRanges":[],"data":{}},{"key":"2evu5","text":"参数","type":"unstyled","depth":0,"inlineStyleRanges":[{"offset":0,"length":2,"style":"BOLD"}],"entityRanges":[],"data":{}},{"key":"3pdj5","text":"","type":"unstyled","depth":0,"inlineStyleRanges":[],"entityRanges":[],"data":{}},{"key":"7d3tp","text":"type -- 这是一个 class 类型，其中，member-designator 是一个有效的成员指示器。","type":"unstyled","depth":0,"inlineStyleRanges":[{"offset":0,"length":5,"style":"BOLD"}],"entityRanges":[],"data":{}},{"key":"499ot","text":"member-designator -- 这是一个 class 类型的成员指示器。","type":"unstyled","depth":0,"inlineStyleRanges":[{"offset":0,"length":17,"style":"BOLD"}],"entityRanges":[],"data":{}},{"key":"6sjmk","text":"","type":"unstyled","depth":0,"inlineStyleRanges":[],"entityRanges":[],"data":{}},{"key":"74sgk","text":"返回值","type":"unstyled","depth":0,"inlineStyleRanges":[{"offset":0,"length":3,"style":"BOLD"}],"entityRanges":[],"data":{}},{"key":"7rdqk","text":"","type":"unstyled","depth":0,"inlineStyleRanges":[],"entityRanges":[],"data":{}},{"key":"8dpq1","text":"该宏返回类型为 size_t 的值，表示 type 中成员的偏移量。","type":"unstyled","depth":0,"inlineStyleRanges":[],"entityRanges":[],"data":{}},{"key":"c4c4q","text":"","type":"unstyled","depth":0,"inlineStyleRanges":[],"entityRanges":[],"data":{}},{"key":"cvbja","text":"解释","type":"unstyled","depth":0,"inlineStyleRanges":[{"offset":0,"length":2,"style":"BOLD"}],"entityRanges":[],"data":{}},{"key":"ab60m","text":"","type":"unstyled","depth":0,"inlineStyleRanges":[],"entityRanges":[],"data":{}},{"key":"eri1f","text":"如果能够让(unsigned long)(&(type))的值为0，即&(type) == 0的时候，那么offset的值就是简单的：","type":"unstyled","depth":0,"inlineStyleRanges":[],"entityRanges":[],"data":{}},{"key":"e90rq","text":"offset = (unsigned long)(&(type.c));","type":"custom-code-block-c","depth":0,"inlineStyleRanges":[],"entityRanges":[],"data":{}},{"key":"ddar","text":"如果说&(type) == 0，那么type.c就可以等价于((Type_t *)0)->c。但是这个语句是不能单独存在的，因为对NULL指针访问成员c是非法的。可以通过在该语句之前加上&符号，即获取成员c的地址就没问题了。因此，对应的宏如下：","type":"unstyled","depth":0,"inlineStyleRanges":[{"offset":47,"length":33,"style":"INLINECODE"}],"entityRanges":[],"data":{}},{"key":"crnlk","text":"#define OFFSET(TYPE, MEMBER) ((unsigned long)(&(((TYPE *)0)->MEMBER)))","type":"custom-code-block-c","depth":0,"inlineStyleRanges":[],"entityRanges":[],"data":{}},{"key":"b9o43","text":"","type":"unstyled","depth":0,"inlineStyleRanges":[],"entityRanges":[],"data":{}},{"key":"dddp5","text":"ANSI C标准允许任何值为0的常量被强制转换成任何一种类型的指针，并且转换结果是一个NULL指针，因此((Type_t)0)的结果就是一个类型为Type_t的NULL指针。如果利用这个NULL指针来访问Type_t的成员当然是非法的，但&(((Type_t)0)->c)的意图并非想存取c字段内容，而仅仅是计算当结构体实例的首址为((Type_t)0)时c字段的地址。聪明的编译器根本就不生成访问m的代码，而仅仅是根据Type_t的内存布局和结构体实例首址在编译期计算这个(常量)地址，这样就完全避免了通过NULL指针访问内存的问题。","type":"unstyled","depth":0,"inlineStyleRanges":[],"entityRanges":[],"data":{}},{"key":"a0tl","text":"","type":"unstyled","depth":0,"inlineStyleRanges":[],"entityRanges":[],"data":{}},{"key":"2u4a5","text":"我们通过内存地址0来访问结构体struct node_t成员变量c，但这里面有几点需要说明一下：","type":"custom-code-block-c","depth":0,"inlineStyleRanges":[],"entityRanges":[],"data":{}},{"key":"2kof4","text":"","type":"custom-code-block-c","depth":0,"inlineStyleRanges":[],"entityRanges":[],"data":{}},{"key":"4jl2d","text":"1. 我们并未对内存地址0做过任何内存相关操作，如解引用、赋值等，即内存地址编号0开始的一段内存无任何变化；","type":"custom-code-block-c","depth":0,"inlineStyleRanges":[],"entityRanges":[],"data":{}},{"key":"5pgue","text":"","type":"custom-code-block-c","depth":0,"inlineStyleRanges":[],"entityRanges":[],"data":{}},{"key":"adc1d","text":"2. 我们只是利用了编译器的特性来帮助我们计算结构体的偏移，仅仅是利用了编译器的特性来计算而已；","type":"custom-code-block-c","depth":0,"inlineStyleRanges":[{"offset":10,"length":6,"style":"INLINECODE"}],"entityRanges":[],"data":{}},{"key":"e7kbb","text":"","type":"custom-code-block-c","depth":0,"inlineStyleRanges":[],"entityRanges":[],"data":{}},{"key":"8room","text":"3. 善于利用编译器的一些特性来优化我们的程序或系统；","type":"custom-code-block-c","depth":0,"inlineStyleRanges":[],"entityRanges":[],"data":{}},{"key":"6s8hl","text":"","type":"unstyled","depth":0,"inlineStyleRanges":[],"entityRanges":[],"data":{}},{"key":"ccma5","text":"","type":"unstyled","depth":0,"inlineStyleRanges":[],"entityRanges":[],"data":{}},{"key":"3ta9s","text":"","type":"unstyled","depth":0,"inlineStyleRanges":[],"entityRanges":[],"data":{}},{"key":"5knd4","text":"","type":"unstyled","depth":0,"inlineStyleRanges":[],"entityRanges":[],"data":{}},{"key":"6kbjf","text":"","type":"unstyled","depth":0,"inlineStyleRanges":[],"entityRanges":[],"data":{}},{"key":"6rmr0","text":"","type":"unstyled","depth":0,"inlineStyleRanges":[],"entityRanges":[],"data":{}}],"entityMap":{}},"tags":[]}
