{"_id":"r13tmoaS_","title":"结构体之间的赋值","dateCreated":1617961859521,"lastAccessed":"2021-04-09T09:50:59.524Z","lastUpdated":"2021-04-09T09:52:31.350Z","notebookId":"B1bSR7QJw","body":{"blocks":[{"key":"ag6qs","text":"结构体之间的赋值","type":"header-one","depth":0,"inlineStyleRanges":[],"entityRanges":[],"data":{}},{"key":"d3mq9","text":"","type":"divider","depth":0,"inlineStyleRanges":[],"entityRanges":[],"data":{}},{"key":"93md8","text":"","type":"unstyled","depth":0,"inlineStyleRanges":[],"entityRanges":[],"data":{}},{"key":"59kd9","text":"结构体赋值，采用的类似于memcpy这种形式，而不是逐个字段的拷贝.","type":"custom-code-block-c","depth":0,"inlineStyleRanges":[],"entityRanges":[],"data":{}},{"key":"1jlro","text":"结构体的赋值，是直接结构体的内存的拷贝.","type":"custom-code-block-c","depth":0,"inlineStyleRanges":[],"entityRanges":[],"data":{}},{"key":"4uj0g","text":"","type":"unstyled","depth":0,"inlineStyleRanges":[],"entityRanges":[],"data":{}},{"key":"12ou8","text":"数组作为一个函数的参数传递时，退化成一个指针; 同时，数组无法作为函数的返回值; 也许让数组更不服气的是，数组之间不能直接赋值操作.","type":"custom-code-block-c","depth":0,"inlineStyleRanges":[{"offset":0,"length":2,"style":"INLINECODE"}],"entityRanges":[],"data":{}},{"key":"7fus8","text":"如果数组包装在结构体中，那么就能进行赋值了","type":"custom-code-block-c","depth":0,"inlineStyleRanges":[{"offset":2,"length":2,"style":"INLINECODE"},{"offset":7,"length":3,"style":"INLINECODE"}],"entityRanges":[],"data":{}}],"entityMap":{}},"tags":[]}
