{"_id":"r1Igw0QJd","title":"C语言中，为什么结构体后面经常定义一个空数组","dateCreated":1611028205850,"lastAccessed":"2021-01-19T03:50:05.851Z","lastUpdated":"2021-01-19T03:51:58.303Z","notebookId":"B1bSR7QJw","body":{"blocks":[{"key":"ag6qs","text":"C语言中，为什么结构体后面经常定义一个空数组","type":"header-one","depth":0,"inlineStyleRanges":[],"entityRanges":[],"data":{}},{"key":"1odgg","text":"","type":"unstyled","depth":0,"inlineStyleRanges":[],"entityRanges":[],"data":{}},{"key":"59kd9","text":"最近在写C代码，经常看到Linux 的头文件中有的结构体后面会定义一个空数组，不知道其为何作用？经过高人指点终于明白其要点！","type":"unstyled","depth":0,"inlineStyleRanges":[],"entityRanges":[],"data":{}},{"key":"fm9j8","text":"struct inotify_event {","type":"custom-code-block-c","depth":0,"inlineStyleRanges":[],"entityRanges":[],"data":{}},{"key":"dq232","text":"   __s32 wd;","type":"custom-code-block-c","depth":0,"inlineStyleRanges":[],"entityRanges":[],"data":{}},{"key":"1mnlr","text":"   __u32 mask;","type":"custom-code-block-c","depth":0,"inlineStyleRanges":[],"entityRanges":[],"data":{}},{"key":"3vuul","text":"   __u32 cookie;","type":"custom-code-block-c","depth":0,"inlineStyleRanges":[],"entityRanges":[],"data":{}},{"key":"16sh","text":"   __u32 len;","type":"custom-code-block-c","depth":0,"inlineStyleRanges":[],"entityRanges":[],"data":{}},{"key":"6r0a2","text":"   char name[0];","type":"custom-code-block-c","depth":0,"inlineStyleRanges":[],"entityRanges":[],"data":{}},{"key":"8pgns","text":"};","type":"custom-code-block-c","depth":0,"inlineStyleRanges":[],"entityRanges":[],"data":{}},{"key":"2aacn","text":"","type":"unstyled","depth":0,"inlineStyleRanges":[],"entityRanges":[],"data":{}},{"key":"evrvu","text":"如上，结构体最后一个元素name为空数组。","type":"unstyled","depth":0,"inlineStyleRanges":[],"entityRanges":[],"data":{}},{"key":"200jv","text":" ","type":"unstyled","depth":0,"inlineStyleRanges":[],"entityRanges":[],"data":{}},{"key":"5qqde","text":"这是个广泛使用的常见技巧，常用来构成缓冲区。如果你是做嵌入式开发，这种技巧应该用得漫天飞了。 比起指针用空数组有这样的优势：","type":"unstyled","depth":0,"inlineStyleRanges":[],"entityRanges":[],"data":{}},{"key":"7fl80","text":"1. 不需要初始化，数组名直接就是缓冲区数据的起始地址(如果存在数据)","type":"custom-code-block-c","depth":0,"inlineStyleRanges":[],"entityRanges":[],"data":{}},{"key":"di6a2","text":"","type":"custom-code-block-c","depth":0,"inlineStyleRanges":[],"entityRanges":[],"data":{}},{"key":"6envp","text":"2. 不占任何空间，指针需要占用4 byte长度空间，空数组不占任何空间，节约了空间","type":"custom-code-block-c","depth":0,"inlineStyleRanges":[],"entityRanges":[],"data":{}},{"key":"2jfu4","text":"“这个数组不占用任何内存”，意味着在计算结构体的size时，不会计算最后一个元素，例如上面sizeof(struct inotify_event) = 16 bytes (前四个元素的内存长度)","type":"unstyled","depth":0,"inlineStyleRanges":[],"entityRanges":[],"data":{}},{"key":"9lu5a","text":"","type":"unstyled","depth":0,"inlineStyleRanges":[],"entityRanges":[],"data":{}},{"key":"8j1pl","text":"这种空数组定义最适合制作动态buffer，因为可以这样分配空间：","type":"unstyled","depth":0,"inlineStyleRanges":[],"entityRanges":[],"data":{}},{"key":"ferm5","text":"malloc( sizeof(struct XXX)＋ buff_len )；","type":"custom-code-block-c","depth":0,"inlineStyleRanges":[],"entityRanges":[],"data":{}},{"key":"dvagc","text":"","type":"unstyled","depth":0,"inlineStyleRanges":[],"entityRanges":[],"data":{}},{"key":"c5qmj","text":"这样的好处是：直接就把buffer的结构体和缓冲区一块分配了，空数组其实变成了buff_len长度的数组了，一次分配省了不少麻烦。","type":"unstyled","depth":0,"inlineStyleRanges":[],"entityRanges":[],"data":{}},{"key":"4um8r","text":"","type":"unstyled","depth":0,"inlineStyleRanges":[],"entityRanges":[],"data":{}},{"key":"fjt0m","text":"1. 大家知道为了防止内存泄漏，如果是分两次分配（结构体和缓冲区），那么要是第二次malloc失败了，必须回滚释放第一个分配的结构体。这样带来了编码麻烦。","type":"unstyled","depth":0,"inlineStyleRanges":[],"entityRanges":[],"data":{}},{"key":"e3961","text":"","type":"unstyled","depth":0,"inlineStyleRanges":[],"entityRanges":[],"data":{}},{"key":"3n9ho","text":"2. 其次，分配了第二个缓冲区以后，如果结构里面用的是指针，还要为这个指针赋值。同样，在free这个buffer的时候，用指针也要两次free。如果用空数组，所有问题一次解决","type":"unstyled","depth":0,"inlineStyleRanges":[],"entityRanges":[],"data":{}},{"key":"a534q","text":"","type":"unstyled","depth":0,"inlineStyleRanges":[],"entityRanges":[],"data":{}},{"key":"6bi10","text":"如此看来，用空数组既简化编码，又解决了内存管理问题提高了性能，何乐不为？应该广泛采用。","type":"unstyled","depth":0,"inlineStyleRanges":[],"entityRanges":[],"data":{}},{"key":"777i6","text":"","type":"unstyled","depth":0,"inlineStyleRanges":[],"entityRanges":[],"data":{}}],"entityMap":{}},"tags":[]}
