{"_id":"rJrTqj67O","title":"sprintf","dateCreated":1615866557442,"lastAccessed":"2021-03-16T03:49:17.443Z","lastUpdated":"2021-03-16T03:51:27.828Z","notebookId":"B1bSR7QJw","body":{"blocks":[{"key":"ag6qs","text":"sprintf","type":"header-one","depth":0,"inlineStyleRanges":[],"entityRanges":[],"data":{}},{"key":"elniq","text":"","type":"divider","depth":0,"inlineStyleRanges":[],"entityRanges":[],"data":{}},{"key":"7lasb","text":"","type":"unstyled","depth":0,"inlineStyleRanges":[],"entityRanges":[],"data":{}},{"key":"91efn","text":"在“%m.ns”中，m表示占用宽度（字符串长度不足时补空格，超出了则按照实际宽度打印），n才表示从相应的字符串中最多取用的字符数。通常在打印字符串时m没什么大用，还是点号后面的n用的多。自然，也可以前后都只取部分字符：","type":"unstyled","depth":0,"inlineStyleRanges":[],"entityRanges":[],"data":{}},{"key":"ahb84","text":"char  a1[] = { 'A' ,  'B' ,  'C' ,  'D' ,  'E' ,  'F' ,  'G' };","type":"custom-code-block-c","depth":0,"inlineStyleRanges":[],"entityRanges":[],"data":{}},{"key":"bca2l","text":"char  a2[] = { 'H' ,  'I' ,  'J' ,  'K' ,  'L' ,  'M' ,  'N' };","type":"custom-code-block-c","depth":0,"inlineStyleRanges":[],"entityRanges":[],"data":{}},{"key":"2gkg7","text":"sprintf (s,  \"%.7s%.7s\" , a1, a2);  // 产生：\"ABCDEFGHIJKLMN\"","type":"custom-code-block-c","depth":0,"inlineStyleRanges":[],"entityRanges":[],"data":{}},{"key":"59kd9","text":"在许多时候，我们或许还希望这些格式控制符中用以指定 长度信息的数字是动态的，而不是静态指定的，因为许多时候，程序要到运行时才会清楚到底需要取字符数组中的几个字符，这种动态的宽度/精度设置功能在 sprintf 的实现中也被考虑到了，sprintf 采用“*”来占用一个本来需要一个指定宽度或精度的常数数字的位置，同样，而实际的宽度或精度就可以 和其它被打印的变量一样被提供出来，于是，上面的例子可以变成：","type":"unstyled","depth":0,"inlineStyleRanges":[{"offset":116,"length":39,"style":"INLINECODE"}],"entityRanges":[],"data":{}},{"key":"ahrr0","text":"sprintf (s,  \"%.*s%.*s\" , (int)sizeof(a1), a1, 7, a2);","type":"custom-code-block-c","depth":0,"inlineStyleRanges":[],"entityRanges":[],"data":{}}],"entityMap":{}},"tags":[]}
