{"_id":"BkMFNn_xkP","title":"MedleyText Quickstart","dateCreated":1478590731061,"lastAccessed":"2016-11-08T07:44:26.338Z","lastUpdated":"2021-04-28T09:17:50.614Z","notebookId":"rJZYEnulJP","body":{"blocks":[{"key":"ag6qs","text":"MedleyText Quickstart","type":"header-one","depth":0,"inlineStyleRanges":[{"offset":0,"length":21,"style":"BOLD"}],"entityRanges":[],"data":{}},{"key":"3iq0a","text":"Inserting Code Block","type":"header-three","depth":0,"inlineStyleRanges":[{"offset":0,"length":20,"style":"BOLD"}],"entityRanges":[],"data":{}},{"key":"2uuck","text":"Try it out: insert a Javascript block by typing <js> or <javascript> on the line below (has to be on an empty line):","type":"unstyled","depth":0,"inlineStyleRanges":[{"offset":0,"length":12,"style":"BOLD"},{"offset":21,"length":10,"style":"BOLD"},{"offset":48,"length":4,"style":"BOLD"},{"offset":56,"length":13,"style":"BOLD"}],"entityRanges":[],"data":{}},{"key":"arr8r","text":"","type":"unstyled","depth":0,"inlineStyleRanges":[],"entityRanges":[],"data":{}},{"key":"23l6e","text":"Then try typing in some Javascript code in the block you inserted. It'll be properly syntaxed like:","type":"unstyled","depth":0,"inlineStyleRanges":[],"entityRanges":[],"data":{}},{"key":"80irg","text":"var str = \"Hello World\";","type":"custom-code-block-javascript","depth":0,"inlineStyleRanges":[],"entityRanges":[],"data":{}},{"key":"abv0","text":"*Bonus: use the shortcut method to insert a css code block","type":"unstyled","depth":0,"inlineStyleRanges":[{"offset":0,"length":58,"style":"ITALIC"}],"entityRanges":[],"data":{}},{"key":"7d2m2","text":"","type":"unstyled","depth":0,"inlineStyleRanges":[],"entityRanges":[],"data":{}},{"key":"e3495","text":"","type":"unstyled","depth":0,"inlineStyleRanges":[],"entityRanges":[],"data":{}},{"key":"av9jp","text":"","type":"unstyled","depth":0,"inlineStyleRanges":[],"entityRanges":[],"data":{}},{"key":"cgcqv","text":"Insert language block via Toolbar","type":"unstyled","depth":0,"inlineStyleRanges":[{"offset":0,"length":33,"style":"BOLD"}],"entityRanges":[],"data":{}},{"key":"2l9pj","text":"You can insert a code block via the syntax dropdown on the toolbar. It also supports auto-suggest.","type":"unstyled","depth":0,"inlineStyleRanges":[],"entityRanges":[],"data":{}},{"key":"5os8r","text":"Try it out: Highlight then syntax the line of code below to Javascript using use the toolbar:","type":"unstyled","depth":0,"inlineStyleRanges":[{"offset":0,"length":11,"style":"BOLD"},{"offset":26,"length":1,"style":"BOLD"},{"offset":60,"length":10,"style":"BOLD"}],"entityRanges":[],"data":{}},{"key":"2vvnm","text":"","type":"unstyled","depth":0,"inlineStyleRanges":[],"entityRanges":[],"data":{}},{"key":"dt2vr","text":"var str = \"Hello World\";","type":"unstyled","depth":0,"inlineStyleRanges":[],"entityRanges":[],"data":{}},{"key":"c9cn1","text":"","type":"unstyled","depth":0,"inlineStyleRanges":[],"entityRanges":[],"data":{}},{"key":"ddjps","text":"*Bonus: click on the </> icon to insert the currently selected block","type":"unstyled","depth":0,"inlineStyleRanges":[{"offset":0,"length":68,"style":"ITALIC"},{"offset":21,"length":3,"style":"BOLD"}],"entityRanges":[],"data":{}},{"key":"avtj3","text":"","type":"unstyled","depth":0,"inlineStyleRanges":[],"entityRanges":[],"data":{}},{"key":"c4dv2","text":"Exiting a Code Block","type":"header-three","depth":0,"inlineStyleRanges":[{"offset":0,"length":20,"style":"BOLD"}],"entityRanges":[],"data":{}},{"key":"7ov8m","text":"To exit a code block, use the shortcut Ctrl + Enter (Cmd + Enter on Mac) to insert an unstyled line.","type":"unstyled","depth":0,"inlineStyleRanges":[{"offset":39,"length":12,"style":"BOLD"},{"offset":53,"length":11,"style":"BOLD"},{"offset":39,"length":12,"style":"ITALIC"},{"offset":53,"length":11,"style":"ITALIC"}],"entityRanges":[],"data":{}},{"key":"dfmdu","text":"Try it out: Exit out of the code block below using the shortcut:","type":"unstyled","depth":0,"inlineStyleRanges":[{"offset":0,"length":11,"style":"BOLD"}],"entityRanges":[],"data":{}},{"key":"cnkm","text":"//focus on me, then use shortcut Ctrl + Enter","type":"custom-code-block-javascript","depth":0,"inlineStyleRanges":[{"offset":33,"length":12,"style":"BOLD"}],"entityRanges":[],"data":{}},{"key":"b8i69","text":"*Bonus: try using the ctrl + i shortcut (cmd + i for Mac) or the eraser tool in the toolbar to unsyntax the code block","type":"unstyled","depth":0,"inlineStyleRanges":[{"offset":0,"length":118,"style":"ITALIC"},{"offset":22,"length":8,"style":"BOLD"},{"offset":41,"length":7,"style":"BOLD"},{"offset":65,"length":6,"style":"BOLD"}],"entityRanges":[],"data":{}}],"entityMap":{}},"tags":[]}
