{"_id":"HyQYN3dlyw","title":"MedleyText Shortcuts","dateCreated":1478590731010,"lastAccessed":"2016-11-09T03:53:59.900Z","lastUpdated":"2021-04-28T09:18:40.984Z","notebookId":"rJZYEnulJP","body":{"blocks":[{"key":"ag6qs","text":"MedleyText Shortcuts","type":"header-one","depth":0,"inlineStyleRanges":[],"entityRanges":[],"data":{}},{"key":"5bltb","text":"Here are some shortcuts available on MedleyText that you might find useful. You can edit these by clicking on the shortcut icon on the left.","type":"unstyled","depth":0,"inlineStyleRanges":[{"offset":114,"length":8,"style":"BOLD"}],"entityRanges":[],"data":{}},{"key":"bh1gc","text":"","type":"unstyled","depth":0,"inlineStyleRanges":[],"entityRanges":[],"data":{}},{"key":"8qbrs","text":"Keyboard Shortcuts","type":"header-two","depth":0,"inlineStyleRanges":[],"entityRanges":[],"data":{}},{"key":"1eakq","text":"\t \t\t\t\t\t   Windows/Linux\t\t  \t  Mac","type":"unstyled","depth":0,"inlineStyleRanges":[{"offset":10,"length":13,"style":"BOLD"},{"offset":30,"length":3,"style":"BOLD"}],"entityRanges":[],"data":{}},{"key":"cuci","text":"Insert un-styled line \t           ctrl + Enter\t                                  cmd + Enter","type":"unstyled","depth":0,"inlineStyleRanges":[],"entityRanges":[],"data":{}},{"key":"f2vtq","text":"Toggle line styling\t \t           ctrl + i                                            cmd + i","type":"unstyled","depth":0,"inlineStyleRanges":[],"entityRanges":[],"data":{}},{"key":"aup64","text":"","type":"unstyled","depth":0,"inlineStyleRanges":[],"entityRanges":[],"data":{}},{"key":"an8aa","text":"Keywords Shortcuts","type":"header-two","depth":0,"inlineStyleRanges":[],"entityRanges":[],"data":{}},{"key":"dviba","text":"Type these at the start of an empty to insert the following:","type":"unstyled","depth":0,"inlineStyleRanges":[],"entityRanges":[],"data":{}},{"key":"8b04j","text":"","type":"unstyled","depth":0,"inlineStyleRanges":[],"entityRanges":[],"data":{}},{"key":"5c296","text":"Function\t \t\t\t\t\t    Shortcut","type":"unstyled","depth":0,"inlineStyleRanges":[{"offset":0,"length":27,"style":"BOLD"}],"entityRanges":[],"data":{}},{"key":"dj0li","text":"","type":"unstyled","depth":0,"inlineStyleRanges":[],"entityRanges":[],"data":{}},{"key":"6tok1","text":"Code Block insert\t\t                     <Code Language>      ex. <java> inserts a java code block","type":"unstyled","depth":0,"inlineStyleRanges":[{"offset":61,"length":36,"style":"ITALIC"}],"entityRanges":[],"data":{}},{"key":"9dj32","text":"Insert Active Code Block                              </>             ","type":"unstyled","depth":0,"inlineStyleRanges":[],"entityRanges":[],"data":{}},{"key":"1gb7p","text":"Header 1                                                       <h1>\t","type":"unstyled","depth":0,"inlineStyleRanges":[],"entityRanges":[],"data":{}},{"key":"6mrre","text":"Header 2                                                       <h2>","type":"unstyled","depth":0,"inlineStyleRanges":[],"entityRanges":[],"data":{}},{"key":"ds3bu","text":"Header 3                                                       <h3>","type":"unstyled","depth":0,"inlineStyleRanges":[],"entityRanges":[],"data":{}},{"key":"52msb","text":"Ordered list                                                   <0>","type":"unstyled","depth":0,"inlineStyleRanges":[],"entityRanges":[],"data":{}},{"key":"2hkq6","text":"Quote Block                                                   <'>","type":"unstyled","depth":0,"inlineStyleRanges":[],"entityRanges":[],"data":{}},{"key":"fol4o","text":"Unordered list                                               <.>","type":"unstyled","depth":0,"inlineStyleRanges":[],"entityRanges":[],"data":{}},{"key":"fu4vp","text":"To-do list \t \t                                        <t>","type":"unstyled","depth":0,"inlineStyleRanges":[],"entityRanges":[],"data":{}},{"key":"209nt","text":"","type":"unstyled","depth":0,"inlineStyleRanges":[],"entityRanges":[],"data":{}},{"key":"fke38","text":"If there are any other shortcuts you would like to suggest, please tweet us @MedleyText or email us at info@medleytext.net","type":"unstyled","depth":0,"inlineStyleRanges":[],"entityRanges":[{"offset":76,"length":11,"key":0},{"offset":103,"length":19,"key":1}],"data":{}},{"key":"90pf","text":"Thanks for your support :) Now start noting stuff!","type":"unstyled","depth":0,"inlineStyleRanges":[],"entityRanges":[],"data":{}}],"entityMap":{"0":{"type":"LINK","mutability":"MUTABLE","data":"https://twitter.com/MedleyText"},"1":{"type":"LINK","mutability":"MUTABLE","data":"mailto:\"mailto:info@medleytext.net?Subject=Medley Support"}}},"tags":[]}
