{"_id":"Hkth_pVED","title":"syslog","dateCreated":1599555760967,"lastAccessed":"2020-09-08T09:02:40.967Z","lastUpdated":"2020-09-08T09:02:50.416Z","notebookId":"SJtzBaV4P","body":{"blocks":[{"key":"ag6qs","text":"syslog","type":"header-one","depth":0,"inlineStyleRanges":[],"entityRanges":[],"data":{}},{"key":"39fb2","text":"","type":"unstyled","depth":0,"inlineStyleRanges":[],"entityRanges":[],"data":{}},{"key":"553q","text":"简介","type":"header-two","depth":0,"inlineStyleRanges":[],"entityRanges":[],"data":{}},{"key":"7dbqe","text":"","type":"unstyled","depth":0,"inlineStyleRanges":[],"entityRanges":[],"data":{}},{"key":"59kd9","text":"","type":"unstyled","depth":0,"inlineStyleRanges":[],"entityRanges":[],"data":{}}],"entityMap":{}},"tags":[]}
