{"_id":"B1G3LpPKw","title":"pthread_key_create用法","dateCreated":1604994729636,"lastAccessed":"2020-11-10T07:52:09.640Z","lastUpdated":"2021-02-23T06:19:23.503Z","notebookId":"S1L90CLvP","body":{"blocks":[{"key":"ag6qs","text":"pthread_key_create用法","type":"header-one","depth":0,"inlineStyleRanges":[],"entityRanges":[],"data":{}},{"key":"bd6fu","text":"","type":"divider","depth":0,"inlineStyleRanges":[],"entityRanges":[],"data":{}},{"key":"cjqa8","text":"概念及作用","type":"unstyled","depth":0,"inlineStyleRanges":[],"entityRanges":[],"data":{}},{"key":"29k6t","text":"","type":"unstyled","depth":0,"inlineStyleRanges":[],"entityRanges":[],"data":{}},{"key":"ckvhb","text":"在单线程程序中，我们经常要用到\"全局变量\"以实现多个函数间共享数据。在多线程环境下，由于数据空间是共享的，因此全局变量也为所有线程所共有。但有时应用程序设计中有必要提供线程私有的全局变量，仅在某个线程中有效，但却可以跨多个函数访问，比如程序可能需要每个线程维护一个链表，而使用相同的函数操作，最简单的办法就是使用同名而不同变量地址的线程相关数据结构。这样的数据结构可以由Posix线程库维护，称为线程私有数据（Thread-specific Data，或TSD）。","type":"unstyled","depth":0,"inlineStyleRanges":[],"entityRanges":[],"data":{}},{"key":"cr8jk","text":"","type":"unstyled","depth":0,"inlineStyleRanges":[],"entityRanges":[],"data":{}},{"key":"30ons","text":"回页首","type":"unstyled","depth":0,"inlineStyleRanges":[],"entityRanges":[],"data":{}},{"key":"crgrs","text":"","type":"unstyled","depth":0,"inlineStyleRanges":[],"entityRanges":[],"data":{}},{"key":"d4eec","text":"创建和注销","type":"unstyled","depth":0,"inlineStyleRanges":[],"entityRanges":[],"data":{}},{"key":"12of","text":"","type":"unstyled","depth":0,"inlineStyleRanges":[],"entityRanges":[],"data":{}},{"key":"4p2ab","text":"Posix定义了两个API分别用来创建和注销TSD：","type":"unstyled","depth":0,"inlineStyleRanges":[],"entityRanges":[],"data":{}},{"key":"4smuj","text":"","type":"unstyled","depth":0,"inlineStyleRanges":[],"entityRanges":[],"data":{}},{"key":"bv86d","text":"int pthread_key_create(pthread_key_t *key, void (*destr_function) (void *))","type":"custom-code-block-c","depth":0,"inlineStyleRanges":[],"entityRanges":[],"data":{}},{"key":"aujmq","text":"","type":"unstyled","depth":0,"inlineStyleRanges":[],"entityRanges":[],"data":{}},{"key":"9kpv9","text":"该函数从TSD池中分配一项，将其值赋给key供以后访问使用。如果destr_function不为空，在线程退出（pthread_exit()）时将以key所关联的数据为参数调用destr_function()，以释放分配的缓冲区。","type":"unstyled","depth":0,"inlineStyleRanges":[],"entityRanges":[],"data":{}},{"key":"86r52","text":"","type":"unstyled","depth":0,"inlineStyleRanges":[],"entityRanges":[],"data":{}},{"key":"55d85","text":"不论哪个线程调用pthread_key_create()，所创建的key都是所有线程可访问的，但各个线程可根据自己的需要往key中填入不同的值，这就相当于提供了一个同名而不同值的全局变量。在LinuxThreads的实现中，TSD池用一个结构数组表示：","type":"unstyled","depth":0,"inlineStyleRanges":[],"entityRanges":[],"data":{}},{"key":"a59vk","text":"","type":"unstyled","depth":0,"inlineStyleRanges":[],"entityRanges":[],"data":{}},{"key":"57d08","text":"static struct pthread_key_struct pthread_keys[PTHREAD_KEYS_MAX] = { { 0, NULL } };","type":"custom-code-block-c","depth":0,"inlineStyleRanges":[],"entityRanges":[],"data":{}},{"key":"6jei7","text":"","type":"unstyled","depth":0,"inlineStyleRanges":[],"entityRanges":[],"data":{}},{"key":"5ipco","text":"创建一个TSD就相当于将结构数组中的某一项设置为\"in_use\"，并将其索引返回给*key，然后设置destructor函数为destr_function。","type":"unstyled","depth":0,"inlineStyleRanges":[],"entityRanges":[],"data":{}},{"key":"e9prh","text":"","type":"unstyled","depth":0,"inlineStyleRanges":[],"entityRanges":[],"data":{}},{"key":"2ub5t","text":"注销一个TSD采用如下API：","type":"unstyled","depth":0,"inlineStyleRanges":[],"entityRanges":[],"data":{}},{"key":"10m4e","text":"","type":"unstyled","depth":0,"inlineStyleRanges":[],"entityRanges":[],"data":{}},{"key":"cr7uc","text":"int pthread_key_delete(pthread_key_t key)","type":"custom-code-block-c","depth":0,"inlineStyleRanges":[],"entityRanges":[],"data":{}},{"key":"46jih","text":"","type":"unstyled","depth":0,"inlineStyleRanges":[],"entityRanges":[],"data":{}},{"key":"9msmg","text":"这个函数并不检查当前是否有线程正使用该TSD，也不会调用清理函数（destr_function），而只是将TSD释放以供下一次调用pthread_key_create()使用。在LinuxThreads中，它还会将与之相关的线程数据项设为NULL（见\"访问\"）。","type":"unstyled","depth":0,"inlineStyleRanges":[],"entityRanges":[],"data":{}},{"key":"c7hjn","text":"","type":"unstyled","depth":0,"inlineStyleRanges":[],"entityRanges":[],"data":{}},{"key":"b70ei","text":"回页首","type":"unstyled","depth":0,"inlineStyleRanges":[],"entityRanges":[],"data":{}},{"key":"61h44","text":"","type":"unstyled","depth":0,"inlineStyleRanges":[],"entityRanges":[],"data":{}},{"key":"a82a4","text":"访问","type":"unstyled","depth":0,"inlineStyleRanges":[],"entityRanges":[],"data":{}},{"key":"bm5qs","text":"","type":"unstyled","depth":0,"inlineStyleRanges":[],"entityRanges":[],"data":{}},{"key":"cq8as","text":"TSD的读写都通过专门的Posix Thread函数进行，其API定义如下：","type":"unstyled","depth":0,"inlineStyleRanges":[],"entityRanges":[],"data":{}},{"key":"d1bjj","text":"","type":"unstyled","depth":0,"inlineStyleRanges":[],"entityRanges":[],"data":{}},{"key":"43k6a","text":"int pthread_setspecific(pthread_key_t key, const void *pointer) void * pthread_getspecific(pthread_key_t key)","type":"unstyled","depth":0,"inlineStyleRanges":[],"entityRanges":[],"data":{}},{"key":"a8mjr","text":"","type":"unstyled","depth":0,"inlineStyleRanges":[],"entityRanges":[],"data":{}},{"key":"6dgtt","text":"写入（pthread_setspecific()）时，将pointer的值（不是所指的内容）与key相关联，而相应的读出函数则将与key相关联的数据读出来。数据类型都设为void *，因此可以指向任何类型的数据。","type":"unstyled","depth":0,"inlineStyleRanges":[],"entityRanges":[],"data":{}},{"key":"af6m","text":"","type":"unstyled","depth":0,"inlineStyleRanges":[],"entityRanges":[],"data":{}},{"key":"7uv24","text":"在LinuxThreads中，使用了一个位于线程描述结构（_pthread_descr_struct）中的二维void *指针数组来存放与key关联的数据，数组大小由以下几个宏来说明：","type":"unstyled","depth":0,"inlineStyleRanges":[],"entityRanges":[],"data":{}},{"key":"39c06","text":"","type":"unstyled","depth":0,"inlineStyleRanges":[],"entityRanges":[],"data":{}},{"key":"4s6o9","text":"#define PTHREAD_KEY_2NDLEVEL_SIZE 32 ","type":"custom-code-block-c","depth":0,"inlineStyleRanges":[],"entityRanges":[],"data":{}},{"key":"e3bq6","text":"","type":"custom-code-block-c","depth":0,"inlineStyleRanges":[],"entityRanges":[],"data":{}},{"key":"7kkk8","text":"#define PTHREAD_KEY_1STLEVEL_SIZE \\ ((PTHREAD_KEYS_MAX + PTHREAD_KEY_2NDLEVEL_SIZE - 1) / PTHREAD_KEY_2NDLEVEL_SIZE) ","type":"custom-code-block-c","depth":0,"inlineStyleRanges":[],"entityRanges":[],"data":{}},{"key":"4rimo","text":"其中在/usr/include/bits/local_lim.h中定义了PTHREAD_KEYS_MAX为1024， 因此一维数组大小为32。而具体存放的位置由key值经过以下计算得到： idx1st = key / PTHREAD_KEY_2NDLEVEL_SIZE idx2nd = key % PTHREAD_KEY_2NDLEVEL_SIZE","type":"unstyled","depth":0,"inlineStyleRanges":[],"entityRanges":[],"data":{}},{"key":"da07i","text":"","type":"unstyled","depth":0,"inlineStyleRanges":[],"entityRanges":[],"data":{}},{"key":"f5a7h","text":"也就是说，数据存放与一个32×32的稀疏矩阵中。同样，访问的时候也由key值经过类似计算得到数据所在位置索引，再取出其中内容返回。","type":"unstyled","depth":0,"inlineStyleRanges":[],"entityRanges":[],"data":{}},{"key":"7mpvb","text":"","type":"unstyled","depth":0,"inlineStyleRanges":[],"entityRanges":[],"data":{}},{"key":"3ghg8","text":"回页首","type":"unstyled","depth":0,"inlineStyleRanges":[],"entityRanges":[],"data":{}},{"key":"8vndv","text":"","type":"unstyled","depth":0,"inlineStyleRanges":[],"entityRanges":[],"data":{}},{"key":"fu2hs","text":"使用范例","type":"unstyled","depth":0,"inlineStyleRanges":[],"entityRanges":[],"data":{}},{"key":"9loht","text":"","type":"unstyled","depth":0,"inlineStyleRanges":[],"entityRanges":[],"data":{}},{"key":"dtfrc","text":"以下这个例子没有什么实际意义，只是说明如何使用，以及能够使用这一机制达到存储线程私有数据的目的。","type":"unstyled","depth":0,"inlineStyleRanges":[],"entityRanges":[],"data":{}},{"key":"7a43d","text":"","type":"unstyled","depth":0,"inlineStyleRanges":[],"entityRanges":[],"data":{}},{"key":"2us1s","text":"#include <stdio.h> ","type":"custom-code-block-c","depth":0,"inlineStyleRanges":[],"entityRanges":[],"data":{}},{"key":"d21mc","text":"#include <pthread.h> ","type":"custom-code-block-c","depth":0,"inlineStyleRanges":[],"entityRanges":[],"data":{}},{"key":"1relj","text":"pthread_key_t key; ","type":"custom-code-block-c","depth":0,"inlineStyleRanges":[],"entityRanges":[],"data":{}},{"key":"1tbke","text":"void echomsg(int t) ","type":"custom-code-block-c","depth":0,"inlineStyleRanges":[],"entityRanges":[],"data":{}},{"key":"j63h","text":"{ ","type":"custom-code-block-c","depth":0,"inlineStyleRanges":[],"entityRanges":[],"data":{}},{"key":"ffisp","text":"    printf(\"destructor excuted in thread %d,param=%d\\n\",pthread_self(),t); ","type":"custom-code-block-c","depth":0,"inlineStyleRanges":[],"entityRanges":[],"data":{}},{"key":"dau2n","text":"} ","type":"custom-code-block-c","depth":0,"inlineStyleRanges":[],"entityRanges":[],"data":{}},{"key":"f3gr0","text":"void * child1(void *arg) ","type":"custom-code-block-c","depth":0,"inlineStyleRanges":[],"entityRanges":[],"data":{}},{"key":"dvf86","text":"{ ","type":"custom-code-block-c","depth":0,"inlineStyleRanges":[],"entityRanges":[],"data":{}},{"key":"fivd4","text":"    int tid=pthread_self(); ","type":"custom-code-block-c","depth":0,"inlineStyleRanges":[],"entityRanges":[],"data":{}},{"key":"8llel","text":"    printf(\"thread %d enter\\n\",tid); ","type":"custom-code-block-c","depth":0,"inlineStyleRanges":[],"entityRanges":[],"data":{}},{"key":"6o971","text":"    pthread_setspecific(key,(void *)tid); ","type":"custom-code-block-c","depth":0,"inlineStyleRanges":[],"entityRanges":[],"data":{}},{"key":"u7fv","text":"    sleep(2); ","type":"custom-code-block-c","depth":0,"inlineStyleRanges":[],"entityRanges":[],"data":{}},{"key":"ee3lq","text":"    printf(\"thread %d returns %d\\n\",tid,pthread_getspecific(key)); ","type":"custom-code-block-c","depth":0,"inlineStyleRanges":[],"entityRanges":[],"data":{}},{"key":"8n2om","text":"    sleep(5); ","type":"custom-code-block-c","depth":0,"inlineStyleRanges":[],"entityRanges":[],"data":{}},{"key":"9o24","text":"} ","type":"custom-code-block-c","depth":0,"inlineStyleRanges":[],"entityRanges":[],"data":{}},{"key":"621km","text":"void * child2(void *arg) ","type":"custom-code-block-c","depth":0,"inlineStyleRanges":[],"entityRanges":[],"data":{}},{"key":"4j4do","text":"{ ","type":"custom-code-block-c","depth":0,"inlineStyleRanges":[],"entityRanges":[],"data":{}},{"key":"v9i1","text":"    int tid=pthread_self(); ","type":"custom-code-block-c","depth":0,"inlineStyleRanges":[],"entityRanges":[],"data":{}},{"key":"dkfb0","text":"    printf(\"thread %d enter\\n\",tid); ","type":"custom-code-block-c","depth":0,"inlineStyleRanges":[],"entityRanges":[],"data":{}},{"key":"6buli","text":"    pthread_setspecific(key,(void *)tid); ","type":"custom-code-block-c","depth":0,"inlineStyleRanges":[],"entityRanges":[],"data":{}},{"key":"7kuvu","text":"    sleep(1); ","type":"custom-code-block-c","depth":0,"inlineStyleRanges":[],"entityRanges":[],"data":{}},{"key":"8d58f","text":"    printf(\"thread %d returns %d\\n\",tid,pthread_getspecific(key)); ","type":"custom-code-block-c","depth":0,"inlineStyleRanges":[],"entityRanges":[],"data":{}},{"key":"ajp6s","text":"    sleep(5); ","type":"custom-code-block-c","depth":0,"inlineStyleRanges":[],"entityRanges":[],"data":{}},{"key":"th8d","text":"} ","type":"custom-code-block-c","depth":0,"inlineStyleRanges":[],"entityRanges":[],"data":{}},{"key":"1arm2","text":"","type":"custom-code-block-c","depth":0,"inlineStyleRanges":[],"entityRanges":[],"data":{}},{"key":"4g2rp","text":"int main(void) ","type":"custom-code-block-c","depth":0,"inlineStyleRanges":[],"entityRanges":[],"data":{}},{"key":"8a09q","text":"{ ","type":"custom-code-block-c","depth":0,"inlineStyleRanges":[],"entityRanges":[],"data":{}},{"key":"716rl","text":"    int tid1,tid2; ","type":"custom-code-block-c","depth":0,"inlineStyleRanges":[],"entityRanges":[],"data":{}},{"key":"css4m","text":"    printf(\"hello\\n\"); ","type":"custom-code-block-c","depth":0,"inlineStyleRanges":[],"entityRanges":[],"data":{}},{"key":"6l8f5","text":"    pthread_key_create(&key,echomsg); ","type":"custom-code-block-c","depth":0,"inlineStyleRanges":[],"entityRanges":[],"data":{}},{"key":"4su96","text":"    pthread_create(&tid1,NULL,child1,NULL); ","type":"custom-code-block-c","depth":0,"inlineStyleRanges":[],"entityRanges":[],"data":{}},{"key":"7fgth","text":"    pthread_create(&tid2,NULL,child2,NULL); ","type":"custom-code-block-c","depth":0,"inlineStyleRanges":[],"entityRanges":[],"data":{}},{"key":"6teq","text":"    sleep(10); ","type":"custom-code-block-c","depth":0,"inlineStyleRanges":[],"entityRanges":[],"data":{}},{"key":"ksad","text":"    pthread_key_delete(key); ","type":"custom-code-block-c","depth":0,"inlineStyleRanges":[],"entityRanges":[],"data":{}},{"key":"2oa13","text":"    printf(\"main thread exit\\n\"); ","type":"custom-code-block-c","depth":0,"inlineStyleRanges":[],"entityRanges":[],"data":{}},{"key":"3gqcv","text":"    return 0; ","type":"custom-code-block-c","depth":0,"inlineStyleRanges":[],"entityRanges":[],"data":{}},{"key":"7ee6i","text":"}","type":"custom-code-block-c","depth":0,"inlineStyleRanges":[],"entityRanges":[],"data":{}},{"key":"73q9h","text":"","type":"unstyled","depth":0,"inlineStyleRanges":[],"entityRanges":[],"data":{}},{"key":"5j0tf","text":"给例程创建两个线程分别设置同一个线程私有数据为自己的线程ID，为了检验其私有性，程序错开了两个线程私有数据的写入和读出的时间，从程序运行结果可以看出，两个线程对TSD的修改互不干扰。同时，当线程退出时，清理函数会自动执行，参数为tid。","type":"unstyled","depth":0,"inlineStyleRanges":[],"entityRanges":[],"data":{}},{"key":"59kd9","text":"","type":"unstyled","depth":0,"inlineStyleRanges":[],"entityRanges":[],"data":{}}],"entityMap":{}},"tags":[]}
