{"_id":"BJQ5tn7fu","title":"AF_UNSPEC、AF_INET和AF_INET6之间的关系","dateCreated":1614166410776,"lastAccessed":"2021-02-24T11:33:30.777Z","lastUpdated":"2021-02-24T11:34:02.187Z","notebookId":"S1L90CLvP","body":{"blocks":[{"key":"ag6qs","text":"AF_UNSPEC、AF_INET和AF_INET6之间的关系","type":"header-one","depth":0,"inlineStyleRanges":[],"entityRanges":[],"data":{}},{"key":"b040e","text":"","type":"divider","depth":0,"inlineStyleRanges":[],"entityRanges":[],"data":{}},{"key":"75tsk","text":"ai_family参数指定调用者期待返回的套接口地址结构的类型。","type":"unstyled","depth":0,"inlineStyleRanges":[],"entityRanges":[],"data":{}},{"key":"3lh2u","text":"它的值包括三种：AF_INET，AF_INET6和AF_UNSPEC。","type":"unstyled","depth":0,"inlineStyleRanges":[],"entityRanges":[],"data":{}},{"key":"4e14o","text":"如果指定AF_INET，那么函数九不能返回任何IPV6相关的地址信息；","type":"unstyled","depth":0,"inlineStyleRanges":[],"entityRanges":[],"data":{}},{"key":"edc50","text":"如果仅指定了AF_INET6，则就不能返回任何IPV4地址信息。","type":"unstyled","depth":0,"inlineStyleRanges":[],"entityRanges":[],"data":{}},{"key":"a48r9","text":"AF_UNSPEC则意味着函数返回的是适用于指定主机名和服务名且适合任何协议族的地址。","type":"unstyled","depth":0,"inlineStyleRanges":[],"entityRanges":[],"data":{}},{"key":"58s61","text":"如果某个主机既有AAAA记录(IPV6)地址，同时又有A记录(IPV4)地址，那么AAAA记录将作为sockaddr_in6结构返回，而A记录则作为sockaddr_in结构返回","type":"unstyled","depth":0,"inlineStyleRanges":[],"entityRanges":[],"data":{}},{"key":"59kd9","text":"","type":"unstyled","depth":0,"inlineStyleRanges":[],"entityRanges":[],"data":{}}],"entityMap":{}},"tags":[]}
