{"_id":"Bk7XQt81MO","title":"线程池设计中的惊群问题","dateCreated":1613879578635,"lastAccessed":"2021-02-21T03:52:58.638Z","lastUpdated":"2021-02-21T03:54:28.545Z","notebookId":"S1L90CLvP","body":{"blocks":[{"key":"ag6qs","text":"线程池设计中的惊群问题","type":"header-one","depth":0,"inlineStyleRanges":[],"entityRanges":[],"data":{}},{"key":"2gcmb","text":"","type":"divider","depth":0,"inlineStyleRanges":[],"entityRanges":[],"data":{}},{"key":"98i12","text":"","type":"unstyled","depth":0,"inlineStyleRanges":[],"entityRanges":[],"data":{}},{"key":"ahbe4","text":"多线程编程已经是现在网络编程中常用的编程技术，设计一个良好的线程池库显得尤为重要。在 UNIX（WIN32下可以采用类似的方法，acl 库中的线程池是跨平台的） 环境下设计线程池库主要是如何用好如下系统 API：","type":"unstyled","depth":0,"inlineStyleRanges":[],"entityRanges":[],"data":{}},{"key":"9kkkv","text":"      1、pthread_cond_signal/pthread_cond_broadcast：生产者线程通知线程池中的某个或一些消费者线程池，接收处理任务；","type":"custom-code-block-c","depth":0,"inlineStyleRanges":[],"entityRanges":[],"data":{}},{"key":"1uj73","text":"","type":"custom-code-block-c","depth":0,"inlineStyleRanges":[],"entityRanges":[],"data":{}},{"key":"ckmc6","text":"      2、pthread_cond_wait：线程池中的消费者线程等待线程条件变量被通知；","type":"custom-code-block-c","depth":0,"inlineStyleRanges":[],"entityRanges":[],"data":{}},{"key":"c4n8u","text":"","type":"custom-code-block-c","depth":0,"inlineStyleRanges":[],"entityRanges":[],"data":{}},{"key":"f2i3k","text":"      3、pthread_mutex_lock/pthread_mutex_unlock：线程互斥锁的加锁及解锁函数。","type":"custom-code-block-c","depth":0,"inlineStyleRanges":[],"entityRanges":[],"data":{}},{"key":"alch7","text":"","type":"unstyled","depth":0,"inlineStyleRanges":[],"entityRanges":[],"data":{}},{"key":"1ehm1","text":" ","type":"unstyled","depth":0,"inlineStyleRanges":[],"entityRanges":[],"data":{}},{"key":"8gp1p","text":"乍一看去，似乎也没有什么问题，象很多经典的开源代码中也是这样设计的，但有一个重要问题被忽视了：线程池设计中的惊群现象。大家可以看到，整个线程池只有一个线程条件变量和线程互斥锁，生产者线程和消费者线程（即线程池中的子线程）正是通过这两个变量进行同步的。生产者线程每添加一个新任务，都会调用 pthread_cond_signal 一次，由操作系统唤醒一个在线程条件变量等待的消费者线程，但如果查看 pthread_cond_signal API 的系统帮助，你会发现其中有一句话：调用此函数后，系统会唤醒在相同条件变量上等待的一个或多个线程。而正是这句模棱两可的话没有引起很多线程池设计者的注意，这也是整个线程池中消费者线程收到信号通知后产生惊群现象的根源所在，并且是消费者线程数量越多，惊群现象越严重----意味着 CPU 占用越高，线程池的调度性能越低。","type":"unstyled","depth":0,"inlineStyleRanges":[],"entityRanges":[],"data":{}},{"key":"259il","text":"","type":"unstyled","depth":0,"inlineStyleRanges":[],"entityRanges":[],"data":{}},{"key":"sle9","text":"      要想避免如上线程池设计中的惊群问题，在仍然共用一个线程互斥锁的条件下，给每一个消费者线程创建一个线程条件变量，生产者线程在添加任务时，找到空闲的消费者线程，将任务置入该消费者的任务队列中同时只通知 (pthread_cond_signal) 该消费者的线程条件变量，消费者线程与生产者线程虽然共用相同的线程互斥锁（因为有全局资源及调用 pthread_cond_wait 所需），但线程条件变量的通知过程却是定向通知的，未被通知的消费者线程不会被唤醒，这样惊群现象也就不会产生了。","type":"unstyled","depth":0,"inlineStyleRanges":[{"offset":41,"length":19,"style":"INLINECODE"}],"entityRanges":[],"data":{}},{"key":"90nql","text":"","type":"unstyled","depth":0,"inlineStyleRanges":[],"entityRanges":[],"data":{}},{"key":"eoj4u","text":"      当然，还有一些设计上的细节需要注意，比如：当没有空闲消费者线程时，需要将任务添加进线程池的全局任务队列中，消费者线程处理完自己的任务后需要查看一下线程池中的全局任务队列中是否还有未处理的任务。","type":"unstyled","depth":0,"inlineStyleRanges":[],"entityRanges":[],"data":{}},{"key":"d6k2m","text":"","type":"unstyled","depth":0,"inlineStyleRanges":[],"entityRanges":[],"data":{}},{"key":"aoa7m","text":"      更多的线程池的设计细节请参考 acl (https://sourceforge.net/projects/acl/) 库中 lib_acl/src/thread/acl_pthread_pool.c 中的代码。","type":"unstyled","depth":0,"inlineStyleRanges":[],"entityRanges":[],"data":{}},{"key":"59kd9","text":"","type":"unstyled","depth":0,"inlineStyleRanges":[],"entityRanges":[],"data":{}}],"entityMap":{}},"tags":[]}
