{"_id":"HJ7ty1jJG_","title":"条件变量","dateCreated":1613897441346,"lastAccessed":"2021-02-21T08:50:41.350Z","lastUpdated":"2021-02-22T02:04:05.543Z","notebookId":"S1L90CLvP","body":{"blocks":[{"key":"ag6qs","text":"条件变量","type":"header-one","depth":0,"inlineStyleRanges":[],"entityRanges":[],"data":{}},{"key":"a0pih","text":"","type":"divider","depth":0,"inlineStyleRanges":[],"entityRanges":[],"data":{}},{"key":"12a6c","text":"1.互斥量的存在问题：","type":"unstyled","depth":0,"inlineStyleRanges":[{"offset":0,"length":10,"style":"BOLD"}],"entityRanges":[],"data":{}},{"key":"ft2in","text":"    互斥量是线程程序必需的工具，但它们并非万能的。例如，如果线程正在等待共享数据内某个条件出现，那会发生什么呢？它可以重复对互斥对象锁定和解锁，每次都会检查共享数据结构，以查找某个值。但这是在浪费时间和资源，而且这种繁忙查询的效率非常低。","type":"unstyled","depth":0,"inlineStyleRanges":[],"entityRanges":[],"data":{}},{"key":"avtqg","text":"    在每次检查之间，可以让调用线程短暂地进入睡眠，比如睡眠三秒钟，但是因此线程代码就无法最快作出响应。真正需要的是这样一种方法：当线程在等待满足某些条件时使线程进入睡眠状态。一旦条件满足，就唤醒因等待满足特定条件而睡眠的线程。如果能够做到这一点，线程代码将是非常高效的，并且不会占用宝贵的互斥对象锁。这正是 POSIX 条件变量能做的事！","type":"unstyled","depth":0,"inlineStyleRanges":[],"entityRanges":[],"data":{}},{"key":"e7hgs","text":"    ","type":"unstyled","depth":0,"inlineStyleRanges":[],"entityRanges":[],"data":{}},{"key":"12ttk","text":"2.条件变量:","type":"unstyled","depth":0,"inlineStyleRanges":[{"offset":0,"length":7,"style":"BOLD"}],"entityRanges":[],"data":{}},{"key":"75jm","text":"    条件变量通过允许线程阻塞和等待另一个线程发送信号的方法弥补了互斥锁的不足，它常和互斥锁一起使用。使用时，条件变量被用来阻塞一个线程，当条件不满足时，线程往往解开相应的互斥锁并等待条件发生变化。一旦其它的某个线程改变了条件变量，它将通知相应的条件变量唤醒一个或多个正被此条件变量阻塞的线程。这些线程将重新锁定互斥锁并重新测试条件是否满足。","type":"unstyled","depth":0,"inlineStyleRanges":[],"entityRanges":[],"data":{}},{"key":"db52p","text":"","type":"unstyled","depth":0,"inlineStyleRanges":[],"entityRanges":[],"data":{}},{"key":"5m7hg","text":"3.条件变量的相关函数","type":"unstyled","depth":0,"inlineStyleRanges":[{"offset":0,"length":11,"style":"BOLD"}],"entityRanges":[],"data":{}},{"key":"59kd9","text":"（1）创建和注销","type":"unstyled","depth":0,"inlineStyleRanges":[],"entityRanges":[],"data":{}},{"key":"d2v2c","text":"    条件变量和互斥锁一样，都有静态动态两种创建方式","type":"unstyled","depth":0,"inlineStyleRanges":[],"entityRanges":[],"data":{}},{"key":"fu5tn","text":"    a.静态方式","type":"unstyled","depth":0,"inlineStyleRanges":[{"offset":0,"length":10,"style":"BOLD"}],"entityRanges":[],"data":{}},{"key":"eo9v7","text":"        静态方式使用PTHREAD_COND_INITIALIZER常量，如下：","type":"unstyled","depth":0,"inlineStyleRanges":[],"entityRanges":[],"data":{}},{"key":"6h15g","text":"pthread_cond_t cond=PTHREAD_COND_INITIALIZER","type":"custom-code-block-c","depth":0,"inlineStyleRanges":[],"entityRanges":[],"data":{}},{"key":"cbbs2","text":"    b.动态方式","type":"unstyled","depth":0,"inlineStyleRanges":[{"offset":3,"length":7,"style":"BOLD"}],"entityRanges":[],"data":{}},{"key":"f9os1","text":"    int pthread_cond_init(pthread_cond_t *cond, pthread_condattr_t *cond_attr)","type":"custom-code-block-c","depth":0,"inlineStyleRanges":[],"entityRanges":[],"data":{}},{"key":"4174i","text":"    使用 cond_attr 指定的属性初始化条件变量 cond，当 cond_attr 为 NULL 时，使用缺省的属性。LinuxThreads 实现条件变量不支持属性，因此 cond_attr 参数实际被忽略。","type":"unstyled","depth":0,"inlineStyleRanges":[],"entityRanges":[],"data":{}},{"key":"5rv8r","text":"    c.注销","type":"unstyled","depth":0,"inlineStyleRanges":[{"offset":2,"length":6,"style":"BOLD"}],"entityRanges":[],"data":{}},{"key":"3tq39","text":"    int pthread_cond_destroy(pthread_cond_t *cond)","type":"custom-code-block-c","depth":0,"inlineStyleRanges":[],"entityRanges":[],"data":{}},{"key":"cpito","text":"","type":"unstyled","depth":0,"inlineStyleRanges":[],"entityRanges":[],"data":{}},{"key":"a56ck","text":"    注销一个条件变量需要调用pthread_cond_destroy()，只有在没有线程在该条件变量上等待的时候才能注销这个条件变量，否则返回EBUSY。因为Linux实现的条件变量没有分配什么资源，所以注销动作只包括检查是否有等待线程。","type":"unstyled","depth":0,"inlineStyleRanges":[],"entityRanges":[],"data":{}},{"key":"a2kfh","text":"","type":"unstyled","depth":0,"inlineStyleRanges":[],"entityRanges":[],"data":{}},{"key":"eglpp","text":"（2）等待和激发","type":"unstyled","depth":0,"inlineStyleRanges":[{"offset":0,"length":8,"style":"BOLD"}],"entityRanges":[],"data":{}},{"key":"1m2rn","text":"","type":"unstyled","depth":0,"inlineStyleRanges":[],"entityRanges":[],"data":{}},{"key":"b57t6","text":"    a.等待","type":"unstyled","depth":0,"inlineStyleRanges":[{"offset":0,"length":8,"style":"BOLD"}],"entityRanges":[],"data":{}},{"key":"d26t3","text":"    int pthread_cond_wait(pthread_cond_t *cond, pthread_mutex_t *mutex)","type":"custom-code-block-c","depth":0,"inlineStyleRanges":[],"entityRanges":[],"data":{}},{"key":"3jra2","text":"    了解 pthread_cond_wait() 的作用非常重要——它是 POSIX 线程信号发送系统的核心，也是最难以理解的部分。","type":"unstyled","depth":0,"inlineStyleRanges":[],"entityRanges":[],"data":{}},{"key":"3u715","text":"","type":"unstyled","depth":0,"inlineStyleRanges":[],"entityRanges":[],"data":{}},{"key":"2h1ks","text":"    首先，让我们考虑以下情况：线程为查看已链接列表而锁定了互斥对象，然而该列表恰巧是空的。这一特定线程什么也干不了——其设计意图是从列表中除去节点，但是现在却没有节点。因此，它只能：","type":"unstyled","depth":0,"inlineStyleRanges":[],"entityRanges":[],"data":{}},{"key":"ep79j","text":"","type":"unstyled","depth":0,"inlineStyleRanges":[],"entityRanges":[],"data":{}},{"key":"cb0vh","text":"    锁定互斥对象时，线程将调用 pthread_cond_wait(&mycond,&mymutex)。pthread_cond_wait() 调用相当复杂，因此我们每次只执行它的一个操作。","type":"unstyled","depth":0,"inlineStyleRanges":[],"entityRanges":[],"data":{}},{"key":"c04ln","text":"","type":"unstyled","depth":0,"inlineStyleRanges":[],"entityRanges":[],"data":{}},{"key":"cvju3","text":"    pthread_cond_wait() 所做的第一件事就是同时对互斥对象解锁（于是其它线程可以修改已链接列表），并等待条件 mycond 发生（这样当 pthread_cond_wait() 接收到另一个线程的“信号”时，它将苏醒）。现在互斥对象已被解锁，其它线程可以访问和修改已链接列表，可能还会添加项。","type":"unstyled","depth":0,"inlineStyleRanges":[],"entityRanges":[],"data":{}},{"key":"2g4oh","text":"","type":"unstyled","depth":0,"inlineStyleRanges":[],"entityRanges":[],"data":{}},{"key":"9kuj5","text":"    此时，pthread_cond_wait() 调用还未返回。对互斥对象解锁会立即发生，但等待条件 mycond 通常是一个阻塞操作，这意味着线程将睡眠，在它苏醒之前不会消耗 CPU 周期。这正是我们期待发生的情况。线程将一直睡眠，直到特定条件发生，在这期间不会发生任何浪费 CPU 时间的繁忙查询。从线程的角度来看，它只是在等待 pthread_cond_wait() 调用返回。","type":"unstyled","depth":0,"inlineStyleRanges":[],"entityRanges":[],"data":{}},{"key":"43ehi","text":"","type":"unstyled","depth":0,"inlineStyleRanges":[],"entityRanges":[],"data":{}},{"key":"5bi7o","text":"    现在继续说明，假设另一个线程（称作“2 号线程”）锁定了 mymutex 并对已链接列表添加了一项。在对互斥对象解锁之后，2 号线程会立即调用函数 pthread_cond_broadcast(&mycond)。此操作之后，2 号线程将使所有等待 mycond 条件变量的线程立即苏醒。这意味着第一个线程（仍处于 pthread_cond_wait() 调用中）现在将苏醒。","type":"unstyled","depth":0,"inlineStyleRanges":[],"entityRanges":[],"data":{}},{"key":"72cn6","text":"","type":"unstyled","depth":0,"inlineStyleRanges":[],"entityRanges":[],"data":{}},{"key":"aul7r","text":"    现在，看一下第一个线程发生了什么。您可能会认为在2号线程调用 pthread_cond_broadcast(&mymutex) 之后，1 号线程的 pthread_cond_wait() 会立即返回。不是那样！实际上，pthread_cond_wait() 将执行最后一个操作：重新锁定 mymutex。一旦 pthread_cond_wait() 锁定了互斥对象，那么它将返回并允许 1 号线程继续执行。那时，它可以马上检查列表，查看它所感兴趣的更改。","type":"unstyled","depth":0,"inlineStyleRanges":[],"entityRanges":[],"data":{}},{"key":"d1upd","text":"","type":"unstyled","depth":0,"inlineStyleRanges":[],"entityRanges":[],"data":{}},{"key":"4rkjh","text":"停止并回顾！","type":"unstyled","depth":0,"inlineStyleRanges":[{"offset":0,"length":6,"style":"BOLD"}],"entityRanges":[],"data":{}},{"key":"9dpf0","text":"","type":"unstyled","depth":0,"inlineStyleRanges":[],"entityRanges":[],"data":{}},{"key":"av2jt","text":"那个过程非常复杂，因此让我们先来回顾一下。第一个线程首先调用：","type":"unstyled","depth":0,"inlineStyleRanges":[],"entityRanges":[],"data":{}},{"key":"b3oii","text":"    pthread_mutex_lock(&mymutex);","type":"unstyled","depth":0,"inlineStyleRanges":[{"offset":4,"length":29,"style":"INLINECODE"}],"entityRanges":[],"data":{}},{"key":"auisu","text":"然后，它检查了列表。没有找到感兴趣的东西，于是它调用：","type":"unstyled","depth":0,"inlineStyleRanges":[],"entityRanges":[],"data":{}},{"key":"b0ma3","text":"    pthread_cond_wait(&mycond, &mymutex);","type":"unstyled","depth":0,"inlineStyleRanges":[{"offset":3,"length":38,"style":"INLINECODE"}],"entityRanges":[],"data":{}},{"key":"edbba","text":"然后，pthread_cond_wait() 调用在返回前执行许多操作：","type":"unstyled","depth":0,"inlineStyleRanges":[],"entityRanges":[],"data":{}},{"key":"cs8sa","text":"    pthread_mutex_unlock(&mymutex);","type":"unstyled","depth":0,"inlineStyleRanges":[{"offset":4,"length":31,"style":"INLINECODE"}],"entityRanges":[],"data":{}},{"key":"cbqih","text":"","type":"unstyled","depth":0,"inlineStyleRanges":[],"entityRanges":[],"data":{}},{"key":"9q68m","text":"它对 mymutex 解锁，然后进入睡眠状态，等待 mycond 以接收 POSIX 线程“信号”。一旦接收到“信号”（加引号是因为我们并不是在讨论传统的 UNIX 信号，而是来自 pthread_cond_signal() 或 pthread_cond_broadcast() 调用的信号），它就会苏醒。但 pthread_cond_wait() 没有立即返回——它还要做一件事：重新锁定 mutex：","type":"unstyled","depth":0,"inlineStyleRanges":[],"entityRanges":[],"data":{}},{"key":"aor8k","text":"    pthread_mutex_lock(&mymutex);","type":"unstyled","depth":0,"inlineStyleRanges":[],"entityRanges":[],"data":{}},{"key":"8tvvc","text":"","type":"unstyled","depth":0,"inlineStyleRanges":[],"entityRanges":[],"data":{}},{"key":"978cl","text":"pthread_cond_wait() 知道我们在查找 mymutex “背后”的变化，因此它继续操作，为我们锁定互斥对象，然后才返回。","type":"unstyled","depth":0,"inlineStyleRanges":[],"entityRanges":[],"data":{}},{"key":"4krtr","text":"","type":"unstyled","depth":0,"inlineStyleRanges":[],"entityRanges":[],"data":{}},{"key":"f9qhn","text":"int pthread_cond_timedwait(pthread_cond_t *cond, pthread_mutex_t *mutex, const struct timespec *abstime)","type":"custom-code-block-c","depth":0,"inlineStyleRanges":[],"entityRanges":[],"data":{}},{"key":"3pq7r","text":"","type":"unstyled","depth":0,"inlineStyleRanges":[],"entityRanges":[],"data":{}},{"key":"8i0jk","text":"    pthread_cond_timedwait 和 pthread_cond_wait 一样，自动解锁互斥量及等待条件变量，但它还限定了等待时间。如果在 abstime 指定的时间内 cond 未触发，互斥量 mutex 被重新加锁，并返回错误 ETIMEDOUT。abstime 参数指定一个绝对时间，时间原点与 time 和 gettimeofday 相同：abstime = 0 表示 1970 年 1 月 1 日 00:00:00 GMT。","type":"unstyled","depth":0,"inlineStyleRanges":[{"offset":65,"length":10,"style":"INLINECODE"}],"entityRanges":[],"data":{}},{"key":"f29md","text":"","type":"unstyled","depth":0,"inlineStyleRanges":[],"entityRanges":[],"data":{}},{"key":"7d5ir","text":"例如，要等待 5 秒，这样处理：","type":"unstyled","depth":0,"inlineStyleRanges":[],"entityRanges":[],"data":{}},{"key":"5eba5","text":"   struct timeval now;","type":"custom-code-block-c","depth":0,"inlineStyleRanges":[],"entityRanges":[],"data":{}},{"key":"al3ja","text":"   struct timespec timeout;","type":"custom-code-block-c","depth":0,"inlineStyleRanges":[],"entityRanges":[],"data":{}},{"key":"f5k55","text":"","type":"custom-code-block-c","depth":0,"inlineStyleRanges":[],"entityRanges":[],"data":{}},{"key":"6ktol","text":"   gettimeofday(&now);","type":"custom-code-block-c","depth":0,"inlineStyleRanges":[],"entityRanges":[],"data":{}},{"key":"57a75","text":"   timeout.tv_sec = now.tv_sec + 5;","type":"custom-code-block-c","depth":0,"inlineStyleRanges":[],"entityRanges":[],"data":{}},{"key":"e6j7","text":"   timeout.tv_nsec = now.tv_usec * 1000;","type":"custom-code-block-c","depth":0,"inlineStyleRanges":[],"entityRanges":[],"data":{}},{"key":"dp67a","text":"其中：","type":"unstyled","depth":0,"inlineStyleRanges":[],"entityRanges":[],"data":{}},{"key":"bpiv7","text":"struct timeval {","type":"custom-code-block-c","depth":0,"inlineStyleRanges":[],"entityRanges":[],"data":{}},{"key":"12gii","text":"","type":"custom-code-block-c","depth":0,"inlineStyleRanges":[],"entityRanges":[],"data":{}},{"key":"d6fqo","text":"　　time_t tv_sec;","type":"custom-code-block-c","depth":0,"inlineStyleRanges":[],"entityRanges":[],"data":{}},{"key":"2bapg","text":"","type":"custom-code-block-c","depth":0,"inlineStyleRanges":[],"entityRanges":[],"data":{}},{"key":"d8bf5","text":"　　suseconds_t tv_usec;","type":"custom-code-block-c","depth":0,"inlineStyleRanges":[],"entityRanges":[],"data":{}},{"key":"f76rv","text":"","type":"custom-code-block-c","depth":0,"inlineStyleRanges":[],"entityRanges":[],"data":{}},{"key":"8925d","text":"　　};","type":"custom-code-block-c","depth":0,"inlineStyleRanges":[],"entityRanges":[],"data":{}},{"key":"8vd55","text":"","type":"custom-code-block-c","depth":0,"inlineStyleRanges":[],"entityRanges":[],"data":{}},{"key":"bp7u","text":"struct timespec {","type":"custom-code-block-c","depth":0,"inlineStyleRanges":[],"entityRanges":[],"data":{}},{"key":"55l7u","text":"    time_t   tv_sec;","type":"custom-code-block-c","depth":0,"inlineStyleRanges":[],"entityRanges":[],"data":{}},{"key":"1n8ek","text":"    long     tv_nsec;","type":"custom-code-block-c","depth":0,"inlineStyleRanges":[],"entityRanges":[],"data":{}},{"key":"9h7nr","text":"    };","type":"custom-code-block-c","depth":0,"inlineStyleRanges":[],"entityRanges":[],"data":{}},{"key":"dpdab","text":"b.激发","type":"unstyled","depth":0,"inlineStyleRanges":[],"entityRanges":[],"data":{}},{"key":"fbelq","text":"    int pthread_cond_signal(pthread_cond_t *cond);","type":"custom-code-block-c","depth":0,"inlineStyleRanges":[],"entityRanges":[],"data":{}},{"key":"5di4r","text":"    int pthread_cond_broadcast(pthread_cond_t *cond);","type":"custom-code-block-c","depth":0,"inlineStyleRanges":[],"entityRanges":[],"data":{}},{"key":"ft2ch","text":"","type":"unstyled","depth":0,"inlineStyleRanges":[],"entityRanges":[],"data":{}},{"key":"avpkv","text":"    激发条件有两种形式，pthread_cond_signal()激活一个等待该条件的线程，多个线程阻塞在此条件变量上时，哪一个线程被唤醒是由线程的调度策略所决定的；而pthread_cond_broadcast()则激活所有等待线程，这些线程被唤醒后将再次竞争相应的互斥锁。","type":"unstyled","depth":0,"inlineStyleRanges":[],"entityRanges":[],"data":{}},{"key":"chjvb","text":"","type":"unstyled","depth":0,"inlineStyleRanges":[],"entityRanges":[],"data":{}},{"key":"c5npn","text":"    要注意的是，必须用保护条件变量的互斥锁来保护激活函数，否则条件满足信号有可能在测试条件和调用pthread_cond_wait()函数之间被发出，从而造成无限制的等待。","type":"unstyled","depth":0,"inlineStyleRanges":[],"entityRanges":[],"data":{}},{"key":"9mh64","text":"    ","type":"unstyled","depth":0,"inlineStyleRanges":[],"entityRanges":[],"data":{}},{"key":"2p0hh","text":"","type":"unstyled","depth":0,"inlineStyleRanges":[],"entityRanges":[],"data":{}}],"entityMap":{}},"tags":[]}
