{"_id":"HJJk50jlu","title":"backtrace函数","dateCreated":1612601815036,"lastAccessed":"2021-02-06T08:56:55.036Z","lastUpdated":"2021-02-06T08:59:04.731Z","notebookId":"S1L90CLvP","body":{"blocks":[{"key":"ag6qs","text":"backtrace函数","type":"header-one","depth":0,"inlineStyleRanges":[],"entityRanges":[],"data":{}},{"key":"69u8u","text":"","type":"divider","depth":0,"inlineStyleRanges":[],"entityRanges":[],"data":{}},{"key":"6nj5l","text":"  1、函数原型","type":"unstyled","depth":0,"inlineStyleRanges":[],"entityRanges":[],"data":{}},{"key":"fdhts","text":"","type":"unstyled","depth":0,"inlineStyleRanges":[],"entityRanges":[],"data":{}},{"key":"5p9jn","text":"#include <execinfo.h>    ","type":"custom-code-block-c","depth":0,"inlineStyleRanges":[],"entityRanges":[],"data":{}},{"key":"fc4jb","text":"int backtrace(void **buffer, int size);","type":"custom-code-block-c","depth":0,"inlineStyleRanges":[],"entityRanges":[],"data":{}},{"key":"6oc7u","text":"　　该函数获取当前线程的调用堆栈，获取的信息将会被存放在buffer中，它是一个指针数组，参数size用来指定buffer中可以保存多少个void*元素。函数的返回值是实际返回的void*元素个数。buffer中的void*元素实际是从堆栈中获取的返回地址。","type":"unstyled","depth":0,"inlineStyleRanges":[],"entityRanges":[],"data":{}},{"key":"avmep","text":"","type":"unstyled","depth":0,"inlineStyleRanges":[],"entityRanges":[],"data":{}},{"key":"ba6i2","text":"char **backtrace_symbols(void *const *buffer, int size);","type":"custom-code-block-c","depth":0,"inlineStyleRanges":[],"entityRanges":[],"data":{}},{"key":"4srjm","text":"　　该函数将backtrace函数获取的信息转化为一个字符串数组，参数buffer是backtrace获取的堆栈指针，size是backtrace返回值。函数返回值是一个指向字符串数组的指针，它包含char*元素个数为size。每个字符串包含了一个相对于buffer中对应元素的可打印信息，包括函数名、函数偏移地址和实际返回地址。","type":"unstyled","depth":0,"inlineStyleRanges":[],"entityRanges":[],"data":{}},{"key":"4f5q9","text":"","type":"unstyled","depth":0,"inlineStyleRanges":[],"entityRanges":[],"data":{}},{"key":"b9fdf","text":"　　backtrace_symbols生成的字符串占用的内存是malloc出来的，但是是一次性malloc出来的，释放是只需要一次性释放返回的二级指针即可。","type":"unstyled","depth":0,"inlineStyleRanges":[],"entityRanges":[],"data":{}},{"key":"f1akl","text":"void backtrace_symbols_fd(void *const *buffer, int size, int fd);","type":"custom-code-block-c","depth":0,"inlineStyleRanges":[],"entityRanges":[],"data":{}},{"key":"32uc9","text":"　　该函数与backtrace_symbols函数功能相同，只是它不会malloc内存，而是将结果写入文件描述符为fd的文件中，每个函数对应一行。该函数可重入。","type":"unstyled","depth":0,"inlineStyleRanges":[],"entityRanges":[],"data":{}},{"key":"3c6rr","text":"","type":"unstyled","depth":0,"inlineStyleRanges":[],"entityRanges":[],"data":{}},{"key":"95qie","text":"2、函数使用注意事项","type":"unstyled","depth":0,"inlineStyleRanges":[],"entityRanges":[],"data":{}},{"key":"dirbf","text":"","type":"unstyled","depth":0,"inlineStyleRanges":[],"entityRanges":[],"data":{}},{"key":"9cma6","text":"backtrace的实现依赖于栈指针（fp寄存器），在gcc编译过程中任何非零的优化等级（-On参数）或加入了栈指针优化参数-fomit-frame-pointer后多将不能正确得到程序栈信息；","type":"unordered-list-item","depth":0,"inlineStyleRanges":[],"entityRanges":[],"data":{}},{"key":"7j86q","text":"backtrace_symbols的实现需要符号名称的支持，在gcc编译过程中需要加入-rdynamic参数；","type":"unordered-list-item","depth":0,"inlineStyleRanges":[{"offset":43,"length":9,"style":"INLINECODE"}],"entityRanges":[],"data":{}},{"key":"1nq5q","text":"内联函数没有栈帧，它在编译过程中被展开在调用的位置；","type":"unordered-list-item","depth":0,"inlineStyleRanges":[],"entityRanges":[],"data":{}},{"key":"fm41h","text":"尾调用优化（Tail-call Optimization）将复用当前函数栈，而不再生成新的函数栈，这将导致栈信息不能正确被获取。","type":"unordered-list-item","depth":0,"inlineStyleRanges":[],"entityRanges":[],"data":{}},{"key":"4o66l","text":"3、捕获异常信号并打印堆栈","type":"unstyled","depth":0,"inlineStyleRanges":[],"entityRanges":[],"data":{}},{"key":"ccnd2","text":"","type":"unstyled","depth":0,"inlineStyleRanges":[],"entityRanges":[],"data":{}},{"key":"33dhl","text":"　　当程序出现崩溃等异常时，会接收到内核发送给进程的异常信号，进程接收到异常信号后，可以在处理信号的时候将程序的堆栈信息打印出来，以便于程序调试。","type":"unstyled","depth":0,"inlineStyleRanges":[],"entityRanges":[],"data":{}},{"key":"36goj","text":"","type":"unstyled","depth":0,"inlineStyleRanges":[],"entityRanges":[],"data":{}},{"key":"78nhi","text":"4、程序示例：","type":"unstyled","depth":0,"inlineStyleRanges":[],"entityRanges":[],"data":{}},{"key":"59kd9","text":"#include <stdio.h>","type":"custom-code-block-c","depth":0,"inlineStyleRanges":[],"entityRanges":[],"data":{}},{"key":"decg9","text":"#include <execinfo.h>","type":"custom-code-block-c","depth":0,"inlineStyleRanges":[],"entityRanges":[],"data":{}},{"key":"2eioh","text":"#include <unistd.h>","type":"custom-code-block-c","depth":0,"inlineStyleRanges":[],"entityRanges":[],"data":{}},{"key":"3mbb1","text":"#include <stdlib.h>","type":"custom-code-block-c","depth":0,"inlineStyleRanges":[],"entityRanges":[],"data":{}},{"key":"8iur","text":"#define BACKTRACE_SIZE 100","type":"custom-code-block-c","depth":0,"inlineStyleRanges":[],"entityRanges":[],"data":{}},{"key":"cc9vk","text":"","type":"custom-code-block-c","depth":0,"inlineStyleRanges":[],"entityRanges":[],"data":{}},{"key":"710h9","text":"void print_backtrace()","type":"custom-code-block-c","depth":0,"inlineStyleRanges":[],"entityRanges":[],"data":{}},{"key":"bjc6a","text":"{","type":"custom-code-block-c","depth":0,"inlineStyleRanges":[],"entityRanges":[],"data":{}},{"key":"3b2f8","text":"    void* buffer[BACKTRACE_SIZE]={0};","type":"custom-code-block-c","depth":0,"inlineStyleRanges":[],"entityRanges":[],"data":{}},{"key":"3o2dl","text":"    int pointer_num = backtrace(buffer, BACKTRACE_SIZE);","type":"custom-code-block-c","depth":0,"inlineStyleRanges":[],"entityRanges":[],"data":{}},{"key":"1e23t","text":"    char** string_buffer = backtrace_symbols(buffer, pointer_num);","type":"custom-code-block-c","depth":0,"inlineStyleRanges":[],"entityRanges":[],"data":{}},{"key":"egnm2","text":"    if(string_buffer == NULL)","type":"custom-code-block-c","depth":0,"inlineStyleRanges":[],"entityRanges":[],"data":{}},{"key":"f742","text":"    {","type":"custom-code-block-c","depth":0,"inlineStyleRanges":[],"entityRanges":[],"data":{}},{"key":"fd05g","text":"        printf(\"backtrace_symbols error\");","type":"custom-code-block-c","depth":0,"inlineStyleRanges":[],"entityRanges":[],"data":{}},{"key":"92tsi","text":"        exit(-1);","type":"custom-code-block-c","depth":0,"inlineStyleRanges":[],"entityRanges":[],"data":{}},{"key":"198au","text":"    }","type":"custom-code-block-c","depth":0,"inlineStyleRanges":[],"entityRanges":[],"data":{}},{"key":"3vdb6","text":"    ","type":"custom-code-block-c","depth":0,"inlineStyleRanges":[],"entityRanges":[],"data":{}},{"key":"a65e1","text":"    printf(\"print backtrace begin\\n\");","type":"custom-code-block-c","depth":0,"inlineStyleRanges":[],"entityRanges":[],"data":{}},{"key":"a5720","text":"    for(int i = 0; i < pointer_num; i++)","type":"custom-code-block-c","depth":0,"inlineStyleRanges":[],"entityRanges":[],"data":{}},{"key":"e2tdr","text":"    {","type":"custom-code-block-c","depth":0,"inlineStyleRanges":[],"entityRanges":[],"data":{}},{"key":"3jbpm","text":"        printf(\"%s\\n\", string_buffer[i]);","type":"custom-code-block-c","depth":0,"inlineStyleRanges":[],"entityRanges":[],"data":{}},{"key":"66hme","text":"    }","type":"custom-code-block-c","depth":0,"inlineStyleRanges":[],"entityRanges":[],"data":{}},{"key":"3td0s","text":"    printf(\"print backtrace end\\n\");","type":"custom-code-block-c","depth":0,"inlineStyleRanges":[],"entityRanges":[],"data":{}},{"key":"2buiq","text":"","type":"custom-code-block-c","depth":0,"inlineStyleRanges":[],"entityRanges":[],"data":{}},{"key":"6st69","text":"    free(string_buffer);","type":"custom-code-block-c","depth":0,"inlineStyleRanges":[],"entityRanges":[],"data":{}},{"key":"15hfe","text":"    ","type":"custom-code-block-c","depth":0,"inlineStyleRanges":[],"entityRanges":[],"data":{}},{"key":"9d2j3","text":"    return;","type":"custom-code-block-c","depth":0,"inlineStyleRanges":[],"entityRanges":[],"data":{}},{"key":"3bv0l","text":"}","type":"custom-code-block-c","depth":0,"inlineStyleRanges":[],"entityRanges":[],"data":{}},{"key":"fdmjd","text":"","type":"custom-code-block-c","depth":0,"inlineStyleRanges":[],"entityRanges":[],"data":{}},{"key":"fcscn","text":"void func(int num)","type":"custom-code-block-c","depth":0,"inlineStyleRanges":[],"entityRanges":[],"data":{}},{"key":"27jht","text":"{","type":"custom-code-block-c","depth":0,"inlineStyleRanges":[],"entityRanges":[],"data":{}},{"key":"3bj5n","text":"    if(num > 0)","type":"custom-code-block-c","depth":0,"inlineStyleRanges":[],"entityRanges":[],"data":{}},{"key":"8a6ba","text":"    {","type":"custom-code-block-c","depth":0,"inlineStyleRanges":[],"entityRanges":[],"data":{}},{"key":"f3u48","text":"        func(--num);","type":"custom-code-block-c","depth":0,"inlineStyleRanges":[],"entityRanges":[],"data":{}},{"key":"abq57","text":"    }","type":"custom-code-block-c","depth":0,"inlineStyleRanges":[],"entityRanges":[],"data":{}},{"key":"3d97c","text":"    else","type":"custom-code-block-c","depth":0,"inlineStyleRanges":[],"entityRanges":[],"data":{}},{"key":"b7g0m","text":"    {","type":"custom-code-block-c","depth":0,"inlineStyleRanges":[],"entityRanges":[],"data":{}},{"key":"akku8","text":"        print_backtrace();","type":"custom-code-block-c","depth":0,"inlineStyleRanges":[],"entityRanges":[],"data":{}},{"key":"agobj","text":"    }","type":"custom-code-block-c","depth":0,"inlineStyleRanges":[],"entityRanges":[],"data":{}},{"key":"81tlr","text":"}","type":"custom-code-block-c","depth":0,"inlineStyleRanges":[],"entityRanges":[],"data":{}},{"key":"akcf","text":"","type":"custom-code-block-c","depth":0,"inlineStyleRanges":[],"entityRanges":[],"data":{}},{"key":"8fgh5","text":"int main(int argc, char* argv[])","type":"custom-code-block-c","depth":0,"inlineStyleRanges":[],"entityRanges":[],"data":{}},{"key":"8115d","text":"{","type":"custom-code-block-c","depth":0,"inlineStyleRanges":[],"entityRanges":[],"data":{}},{"key":"fihq7","text":"    if(argc != 2)","type":"custom-code-block-c","depth":0,"inlineStyleRanges":[],"entityRanges":[],"data":{}},{"key":"7pt54","text":"    {","type":"custom-code-block-c","depth":0,"inlineStyleRanges":[],"entityRanges":[],"data":{}},{"key":"e8mgl","text":"        printf(\"input param error\");","type":"custom-code-block-c","depth":0,"inlineStyleRanges":[],"entityRanges":[],"data":{}},{"key":"9jda0","text":"        return -1;","type":"custom-code-block-c","depth":0,"inlineStyleRanges":[],"entityRanges":[],"data":{}},{"key":"352ev","text":"    }","type":"custom-code-block-c","depth":0,"inlineStyleRanges":[],"entityRanges":[],"data":{}},{"key":"7kehp","text":"    ","type":"custom-code-block-c","depth":0,"inlineStyleRanges":[],"entityRanges":[],"data":{}},{"key":"73dod","text":"    int input_num = atoi(argv[1]);","type":"custom-code-block-c","depth":0,"inlineStyleRanges":[],"entityRanges":[],"data":{}},{"key":"dbfto","text":"    func(input_num);","type":"custom-code-block-c","depth":0,"inlineStyleRanges":[],"entityRanges":[],"data":{}},{"key":"1l720","text":"","type":"custom-code-block-c","depth":0,"inlineStyleRanges":[],"entityRanges":[],"data":{}},{"key":"92l60","text":"    return 0;","type":"custom-code-block-c","depth":0,"inlineStyleRanges":[],"entityRanges":[],"data":{}},{"key":"fjkiv","text":"}","type":"custom-code-block-c","depth":0,"inlineStyleRanges":[],"entityRanges":[],"data":{}}],"entityMap":{}},"tags":[]}
