{"_id":"r1HFbZT5v","title":"linux用户空间与内核空间通信——Netlink通信机制","dateCreated":1606386045193,"lastAccessed":"2020-11-26T10:20:45.193Z","lastUpdated":"2021-04-28T09:19:09.100Z","notebookId":"S1L90CLvP","body":{"blocks":[{"key":"ag6qs","text":"linux用户空间与内核空间通信——Netlink通信机制","type":"header-one","depth":0,"inlineStyleRanges":[],"entityRanges":[],"data":{}},{"key":"ct522","text":"","type":"divider","depth":0,"inlineStyleRanges":[],"entityRanges":[],"data":{}},{"key":"17bun","text":"一：什么是Netlink通信机制","type":"header-two","depth":0,"inlineStyleRanges":[],"entityRanges":[],"data":{}},{"key":"8m7o9","text":"","type":"unstyled","depth":0,"inlineStyleRanges":[],"entityRanges":[],"data":{}},{"key":"6nsbo","text":"Netlink是linux提供的用于内核和用户态进程之间的通信方式。","type":"unstyled","depth":0,"inlineStyleRanges":[],"entityRanges":[],"data":{}},{"key":"8ujda","text":"","type":"unstyled","depth":0,"inlineStyleRanges":[],"entityRanges":[],"data":{}},{"key":"1j13b","text":"但是注意虽然Netlink主要用于用户空间和内核空间的通信，但是也能用于用户空间的两个进程通信。只是进程间通信有其他很多","type":"unstyled","depth":0,"inlineStyleRanges":[],"entityRanges":[],"data":{}},{"key":"2nr3b","text":"","type":"unstyled","depth":0,"inlineStyleRanges":[],"entityRanges":[],"data":{}},{"key":"bij27","text":"方式，一般不用Netlink。除非需要用到Netlink的广播特性时。","type":"unstyled","depth":0,"inlineStyleRanges":[],"entityRanges":[],"data":{}},{"key":"57mn4","text":"","type":"unstyled","depth":0,"inlineStyleRanges":[],"entityRanges":[],"data":{}},{"key":"bjlr3","text":"那么Netlink有什么优势呢？","type":"unstyled","depth":0,"inlineStyleRanges":[],"entityRanges":[],"data":{}},{"key":"crevk","text":"","type":"unstyled","depth":0,"inlineStyleRanges":[],"entityRanges":[],"data":{}},{"key":"3leng","text":"一般来说用户空间和内核空间的通信方式有三种：/proc、ioctl、Netlink。而前两种都是单向的，但是Netlink可以实现双工通信。","type":"unstyled","depth":0,"inlineStyleRanges":[],"entityRanges":[],"data":{}},{"key":"d2vm2","text":"","type":"unstyled","depth":0,"inlineStyleRanges":[],"entityRanges":[],"data":{}},{"key":"a54up","text":"Netlink协议基于BSD socket和AF_NETLINK地址簇(address family)，使用32位的端口号寻址(以前称作PID)，每个Netlink协议","type":"unstyled","depth":0,"inlineStyleRanges":[],"entityRanges":[],"data":{}},{"key":"9l1vc","text":"","type":"unstyled","depth":0,"inlineStyleRanges":[],"entityRanges":[],"data":{}},{"key":"5n11j","text":"(或称作总线，man手册中则称之为netlink family)，通常与一个或一组内核服务/组件相关联，如NETLINK_ROUTE用于获取和","type":"unstyled","depth":0,"inlineStyleRanges":[],"entityRanges":[],"data":{}},{"key":"hnf4","text":"","type":"unstyled","depth":0,"inlineStyleRanges":[],"entityRanges":[],"data":{}},{"key":"am943","text":"设置路由与链路信息、NETLINK_KOBJECT_UEVENT用于内核向用户空间的udev进程发送通知等。","type":"unstyled","depth":0,"inlineStyleRanges":[],"entityRanges":[],"data":{}},{"key":"d926a","text":"","type":"unstyled","depth":0,"inlineStyleRanges":[],"entityRanges":[],"data":{}},{"key":"dr1mu","text":"netlink具有以下特点：","type":"unstyled","depth":0,"inlineStyleRanges":[],"entityRanges":[],"data":{}},{"key":"6t95k","text":"","type":"unstyled","depth":0,"inlineStyleRanges":[],"entityRanges":[],"data":{}},{"key":"e44ru","text":"① 支持全双工、异步通信(当然同步也支持)","type":"unstyled","depth":0,"inlineStyleRanges":[],"entityRanges":[],"data":{}},{"key":"dc7bm","text":"","type":"unstyled","depth":0,"inlineStyleRanges":[],"entityRanges":[],"data":{}},{"key":"3esov","text":"② 用户空间可使用标准的BSD socket接口(但netlink并没有屏蔽掉协议包的构造与解析过程，推荐使用libnl等第三方库)","type":"unstyled","depth":0,"inlineStyleRanges":[],"entityRanges":[],"data":{}},{"key":"6tki9","text":"","type":"unstyled","depth":0,"inlineStyleRanges":[],"entityRanges":[],"data":{}},{"key":"ej5sr","text":"③ 在内核空间使用专用的内核API接口","type":"unstyled","depth":0,"inlineStyleRanges":[],"entityRanges":[],"data":{}},{"key":"4jag3","text":"","type":"unstyled","depth":0,"inlineStyleRanges":[],"entityRanges":[],"data":{}},{"key":"71vet","text":"④ 支持多播(因此支持“总线”式通信，可实现消息订阅)","type":"unstyled","depth":0,"inlineStyleRanges":[],"entityRanges":[],"data":{}},{"key":"9p8uk","text":"","type":"unstyled","depth":0,"inlineStyleRanges":[],"entityRanges":[],"data":{}},{"key":"7cue0","text":"⑤ 在内核端可用于进程上下文与中断上下文","type":"unstyled","depth":0,"inlineStyleRanges":[],"entityRanges":[],"data":{}},{"key":"cimik","text":"","type":"unstyled","depth":0,"inlineStyleRanges":[],"entityRanges":[],"data":{}},{"key":"81d3m","text":"二：用户态数据结构","type":"header-two","depth":0,"inlineStyleRanges":[],"entityRanges":[],"data":{}},{"key":"9j9fm","text":"","type":"unstyled","depth":0,"inlineStyleRanges":[],"entityRanges":[],"data":{}},{"key":"99uuh","text":"首先看一下几个重要的数据结构的关系：","type":"unstyled","depth":0,"inlineStyleRanges":[],"entityRanges":[],"data":{}},{"key":"me50","text":"","type":"unstyled","depth":0,"inlineStyleRanges":[],"entityRanges":[],"data":{}},{"key":"2t6f6","text":"","type":"unstyled","depth":0,"inlineStyleRanges":[],"entityRanges":[],"data":{}},{"key":"f77","text":" ","type":"atomic","depth":0,"inlineStyleRanges":[],"entityRanges":[{"offset":0,"length":1,"key":0}],"data":{}},{"key":"bpi7n","text":"","type":"unstyled","depth":0,"inlineStyleRanges":[],"entityRanges":[],"data":{}},{"key":"crdp","text":"1.struct msghdr","type":"header-three","depth":0,"inlineStyleRanges":[{"offset":0,"length":15,"style":"BOLD"}],"entityRanges":[],"data":{}},{"key":"acjd","text":"msghdr这个结构在socket变成中就会用到，并不算Netlink专有的，这里不在过多说明。只说明一下如何更好理解这个结构的功能。我们","type":"unstyled","depth":0,"inlineStyleRanges":[],"entityRanges":[],"data":{}},{"key":"5ls5c","text":"","type":"unstyled","depth":0,"inlineStyleRanges":[],"entityRanges":[],"data":{}},{"key":"79uuv","text":"知道socket消息的发送和接收函数一般有这几对：recv／send、readv／writev、recvfrom／sendto。当然还有recvmsg／sendmsg，","type":"unstyled","depth":0,"inlineStyleRanges":[],"entityRanges":[],"data":{}},{"key":"8v4p1","text":"","type":"unstyled","depth":0,"inlineStyleRanges":[],"entityRanges":[],"data":{}},{"key":"277ug","text":"前面三对函数各有各的特点功能，而recvmsg／sendmsg就是要囊括前面三对的所有功能，当然还有自己特殊的用途。msghdr的前两个","type":"unstyled","depth":0,"inlineStyleRanges":[],"entityRanges":[],"data":{}},{"key":"9n0ba","text":"","type":"unstyled","depth":0,"inlineStyleRanges":[],"entityRanges":[],"data":{}},{"key":"6bqvm","text":"成员就是为了满足recvfrom／sendto的功能，中间两个成员msg_iov和msg_iovlen则是为了满足readv／writev的功能，而最后的","type":"unstyled","depth":0,"inlineStyleRanges":[],"entityRanges":[],"data":{}},{"key":"cecqf","text":"","type":"unstyled","depth":0,"inlineStyleRanges":[],"entityRanges":[],"data":{}},{"key":"6t02v","text":"msg_flags则是为了满足recv／send中flag的功能，剩下的msg_control和msg_controllen则是满足recvmsg／sendmsg特有的功能。","type":"unstyled","depth":0,"inlineStyleRanges":[],"entityRanges":[],"data":{}},{"key":"57kdq","text":"","type":"unstyled","depth":0,"inlineStyleRanges":[],"entityRanges":[],"data":{}},{"key":"6ct44","text":"2.struct sockaddr_ln","type":"header-three","depth":0,"inlineStyleRanges":[{"offset":0,"length":20,"style":"BOLD"}],"entityRanges":[],"data":{}},{"key":"8l81n","text":"struct sockaddr_ln为Netlink的地址，和我们通常socket编程中的sockaddr_in作用一样，他们的结构对比如下：","type":"unstyled","depth":0,"inlineStyleRanges":[],"entityRanges":[],"data":{}},{"key":"3785f","text":"","type":"unstyled","depth":0,"inlineStyleRanges":[],"entityRanges":[],"data":{}},{"key":"576qj","text":" ","type":"atomic","depth":0,"inlineStyleRanges":[],"entityRanges":[{"offset":0,"length":1,"key":1}],"data":{}},{"key":"d249c","text":"","type":"unstyled","depth":0,"inlineStyleRanges":[],"entityRanges":[],"data":{}},{"key":"32dl4","text":"struct sockaddr_nl的详细定义和描述如下：","type":"unstyled","depth":0,"inlineStyleRanges":[],"entityRanges":[],"data":{}},{"key":"a61bj","text":"struct sockaddr_nl","type":"custom-code-block-c","depth":0,"inlineStyleRanges":[],"entityRanges":[],"data":{}},{"key":"5hte","text":"{","type":"custom-code-block-c","depth":0,"inlineStyleRanges":[],"entityRanges":[],"data":{}},{"key":"daa1p","text":"    sa_family_t nl_family; /*该字段总是为AF_NETLINK */","type":"custom-code-block-c","depth":0,"inlineStyleRanges":[],"entityRanges":[],"data":{}},{"key":"6du03","text":"    unsigned short nl_pad; /* 目前未用到，填充为0*/","type":"custom-code-block-c","depth":0,"inlineStyleRanges":[],"entityRanges":[],"data":{}},{"key":"fjqhv","text":"    __u32 nl_pid; /* process pid */","type":"custom-code-block-c","depth":0,"inlineStyleRanges":[],"entityRanges":[],"data":{}},{"key":"8jqa0","text":"    __u32 nl_groups; /* multicast groups mask */","type":"custom-code-block-c","depth":0,"inlineStyleRanges":[],"entityRanges":[],"data":{}},{"key":"o19m","text":"};","type":"custom-code-block-c","depth":0,"inlineStyleRanges":[],"entityRanges":[],"data":{}},{"key":"1l8pt","text":"","type":"unstyled","depth":0,"inlineStyleRanges":[],"entityRanges":[],"data":{}},{"key":"dbjhs","text":"(1) nl_pid：在Netlink规范里，PID全称是Port-ID(32bits)，其主要作用是用于唯一的标识一个基于netlink的socket通道。通常","type":"unstyled","depth":0,"inlineStyleRanges":[],"entityRanges":[],"data":{}},{"key":"e7j46","text":"","type":"unstyled","depth":0,"inlineStyleRanges":[],"entityRanges":[],"data":{}},{"key":"42gmt","text":"情况下nl_pid都设置为当前进程的进程号。前面我们也说过，Netlink不仅可以实现用户-内核空间的通信还可使现实用户空间两","type":"unstyled","depth":0,"inlineStyleRanges":[],"entityRanges":[],"data":{}},{"key":"abcp2","text":"","type":"unstyled","depth":0,"inlineStyleRanges":[],"entityRanges":[],"data":{}},{"key":"dh9mk","text":"个进程之间，或内核空间两个进程之间的通信。该属性为0时一般指内核。","type":"unstyled","depth":0,"inlineStyleRanges":[],"entityRanges":[],"data":{}},{"key":"8meus","text":"","type":"unstyled","depth":0,"inlineStyleRanges":[],"entityRanges":[],"data":{}},{"key":"e7or8","text":"(2) nl_groups：如果用户空间的进程希望加入某个多播组，则必须执行bind()系统调用。该字段指明了调用者希望加入的多播组","type":"unstyled","depth":0,"inlineStyleRanges":[],"entityRanges":[],"data":{}},{"key":"epgn3","text":"","type":"unstyled","depth":0,"inlineStyleRanges":[],"entityRanges":[],"data":{}},{"key":"a10od","text":"号的掩码(注意不是组号，后面我们会详细讲解这个字段)。如果该字段为0则表示调用者不希望加入任何多播组。对于每个隶属于","type":"unstyled","depth":0,"inlineStyleRanges":[],"entityRanges":[],"data":{}},{"key":"8i3fb","text":"","type":"unstyled","depth":0,"inlineStyleRanges":[],"entityRanges":[],"data":{}},{"key":"270nh","text":"Netlink协议域的协议，最多可支持32个多播组(因为nl_groups的长度为32比特)，每个多播组用一个比特来表示。","type":"unstyled","depth":0,"inlineStyleRanges":[],"entityRanges":[],"data":{}},{"key":"e5g90","text":"","type":"unstyled","depth":0,"inlineStyleRanges":[],"entityRanges":[],"data":{}},{"key":"4tf9m","text":"3.struct nlmsghdr","type":"header-three","depth":0,"inlineStyleRanges":[{"offset":0,"length":17,"style":"BOLD"}],"entityRanges":[],"data":{}},{"key":"enpmm","text":"Netlink的报文由消息头和消息体构成，struct nlmsghdr即为消息头。消息头定义在文件里，由结构体nlmsghdr表示：","type":"unstyled","depth":0,"inlineStyleRanges":[],"entityRanges":[],"data":{}},{"key":"c4gld","text":"struct nlmsghdr","type":"custom-code-block-c","depth":0,"inlineStyleRanges":[],"entityRanges":[],"data":{}},{"key":"5sugs","text":"{","type":"custom-code-block-c","depth":0,"inlineStyleRanges":[],"entityRanges":[],"data":{}},{"key":"a54tg","text":"    __u32 nlmsg_len; /* Length of message including header */","type":"custom-code-block-c","depth":0,"inlineStyleRanges":[],"entityRanges":[],"data":{}},{"key":"f942h","text":"    __u16 nlmsg_type; /* Message content */","type":"custom-code-block-c","depth":0,"inlineStyleRanges":[],"entityRanges":[],"data":{}},{"key":"i2i6","text":"    __u16 nlmsg_flags; /* Additional flags */","type":"custom-code-block-c","depth":0,"inlineStyleRanges":[],"entityRanges":[],"data":{}},{"key":"cddak","text":"    __u32 nlmsg_seq; /* Sequence number */","type":"custom-code-block-c","depth":0,"inlineStyleRanges":[],"entityRanges":[],"data":{}},{"key":"54gkh","text":"    __u32 nlmsg_pid; /* Sending process PID */","type":"custom-code-block-c","depth":0,"inlineStyleRanges":[],"entityRanges":[],"data":{}},{"key":"396ga","text":"};","type":"custom-code-block-c","depth":0,"inlineStyleRanges":[],"entityRanges":[],"data":{}},{"key":"5jfij","text":"","type":"unstyled","depth":0,"inlineStyleRanges":[],"entityRanges":[],"data":{}},{"key":"3ot03","text":"消息头中各成员属性的解释及说明：","type":"unstyled","depth":0,"inlineStyleRanges":[],"entityRanges":[],"data":{}},{"key":"febn9","text":"","type":"unstyled","depth":0,"inlineStyleRanges":[],"entityRanges":[],"data":{}},{"key":"11mjr","text":"(1) nlmsg_len：整个消息的长度，按字节计算。包括了Netlink消息头本身。","type":"unstyled","depth":0,"inlineStyleRanges":[],"entityRanges":[],"data":{}},{"key":"8g3t7","text":"","type":"unstyled","depth":0,"inlineStyleRanges":[],"entityRanges":[],"data":{}},{"key":"2c3v3","text":"(2) nlmsg_type：消息的类型，即是数据还是控制消息。目前(内核版本2.6.21)Netlink仅支持四种类型的控制消息，如下：","type":"unstyled","depth":0,"inlineStyleRanges":[],"entityRanges":[],"data":{}},{"key":"dmbkc","text":"","type":"unstyled","depth":0,"inlineStyleRanges":[],"entityRanges":[],"data":{}},{"key":"4327h","text":"a) NLMSG_NOOP-空消息，什么也不做；","type":"unstyled","depth":0,"inlineStyleRanges":[],"entityRanges":[],"data":{}},{"key":"fpeh4","text":"","type":"unstyled","depth":0,"inlineStyleRanges":[],"entityRanges":[],"data":{}},{"key":"1n74f","text":"b) NLMSG_ERROR-指明该消息中包含一个错误；","type":"unstyled","depth":0,"inlineStyleRanges":[],"entityRanges":[],"data":{}},{"key":"7d0eg","text":"","type":"unstyled","depth":0,"inlineStyleRanges":[],"entityRanges":[],"data":{}},{"key":"fkjqu","text":"c) NLMSG_DONE-如果内核通过Netlink队列返回了多个消息，那么队列的最后一条消息的类型为NLMSG_DONE，其余所有消息的nlmsg_flags属性都被设置NLM_F_MULTI位有效。","type":"unstyled","depth":0,"inlineStyleRanges":[],"entityRanges":[],"data":{}},{"key":"cqkmr","text":"","type":"unstyled","depth":0,"inlineStyleRanges":[],"entityRanges":[],"data":{}},{"key":"3piui","text":"d) NLMSG_OVERRUN-暂时没用到。","type":"unstyled","depth":0,"inlineStyleRanges":[],"entityRanges":[],"data":{}},{"key":"1a414","text":"","type":"unstyled","depth":0,"inlineStyleRanges":[],"entityRanges":[],"data":{}},{"key":"e6fu3","text":"(3) nlmsg_flags：附加在消息上的额外说明信息，如上面提到的NLM_F_MULTI。","type":"unstyled","depth":0,"inlineStyleRanges":[],"entityRanges":[],"data":{}},{"key":"6rnqi","text":"","type":"unstyled","depth":0,"inlineStyleRanges":[],"entityRanges":[],"data":{}},{"key":"31q56","text":"三：用户空间Netlink socket API","type":"header-two","depth":0,"inlineStyleRanges":[],"entityRanges":[],"data":{}},{"key":"h5a8","text":"","type":"unstyled","depth":0,"inlineStyleRanges":[],"entityRanges":[],"data":{}},{"key":"6rog0","text":"1.创建socket","type":"unstyled","depth":0,"inlineStyleRanges":[],"entityRanges":[],"data":{}},{"key":"3sg9t","text":"int socket(int domain, int type, int protocol)","type":"custom-code-block-c","depth":0,"inlineStyleRanges":[],"entityRanges":[],"data":{}},{"key":"dq8nd","text":"","type":"unstyled","depth":0,"inlineStyleRanges":[],"entityRanges":[],"data":{}},{"key":"46ks6","text":"domain指代地址族,即AF_NETLINK;","type":"unstyled","depth":0,"inlineStyleRanges":[],"entityRanges":[],"data":{}},{"key":"8hpor","text":"","type":"unstyled","depth":0,"inlineStyleRanges":[],"entityRanges":[],"data":{}},{"key":"f8k0p","text":"套接字类型为SOCK_RAW或SOCK_DGRAM,因为netlink是一个面向数据报的服务;","type":"unstyled","depth":0,"inlineStyleRanges":[],"entityRanges":[],"data":{}},{"key":"bbk9h","text":"","type":"unstyled","depth":0,"inlineStyleRanges":[],"entityRanges":[],"data":{}},{"key":"2nsvc","text":"protocol选择该套接字使用哪种netlink特征。","type":"unstyled","depth":0,"inlineStyleRanges":[],"entityRanges":[],"data":{}},{"key":"cgemu","text":"","type":"unstyled","depth":0,"inlineStyleRanges":[],"entityRanges":[],"data":{}},{"key":"2p0el","text":"以下是几种预定义的协议类型:","type":"unstyled","depth":0,"inlineStyleRanges":[],"entityRanges":[],"data":{}},{"key":"aac5u","text":"","type":"unstyled","depth":0,"inlineStyleRanges":[],"entityRanges":[],"data":{}},{"key":"1t32v","text":"NETLINK_ROUTE,","type":"unstyled","depth":0,"inlineStyleRanges":[],"entityRanges":[],"data":{}},{"key":"7mndb","text":"","type":"unstyled","depth":0,"inlineStyleRanges":[],"entityRanges":[],"data":{}},{"key":"c1ctd","text":"NETLINK_FIREWALL,","type":"unstyled","depth":0,"inlineStyleRanges":[],"entityRanges":[],"data":{}},{"key":"1tkkq","text":"","type":"unstyled","depth":0,"inlineStyleRanges":[],"entityRanges":[],"data":{}},{"key":"efhee","text":"NETLINK_APRD,","type":"unstyled","depth":0,"inlineStyleRanges":[],"entityRanges":[],"data":{}},{"key":"eqtrb","text":"","type":"unstyled","depth":0,"inlineStyleRanges":[],"entityRanges":[],"data":{}},{"key":"cohb0","text":"NETLINK_ROUTE6_FW。","type":"unstyled","depth":0,"inlineStyleRanges":[],"entityRanges":[],"data":{}},{"key":"48sl9","text":"","type":"unstyled","depth":0,"inlineStyleRanges":[],"entityRanges":[],"data":{}},{"key":"3jp0n","text":"可以非常容易的添加自己的netlink协议。","type":"unstyled","depth":0,"inlineStyleRanges":[],"entityRanges":[],"data":{}},{"key":"ejh76","text":"","type":"unstyled","depth":0,"inlineStyleRanges":[],"entityRanges":[],"data":{}},{"key":"12itl","text":"为每一个协议类型最多可以定义32个多播组。","type":"unstyled","depth":0,"inlineStyleRanges":[],"entityRanges":[],"data":{}},{"key":"1faeb","text":"","type":"unstyled","depth":0,"inlineStyleRanges":[],"entityRanges":[],"data":{}},{"key":"8cpti","text":"每一个多播组用一个bitmask来表示,1<<i(0<=i<= 31),这在一组进程和内核进程协同完成一项任务时非常有用。发送多播","type":"unstyled","depth":0,"inlineStyleRanges":[],"entityRanges":[],"data":{}},{"key":"4atf4","text":"","type":"unstyled","depth":0,"inlineStyleRanges":[],"entityRanges":[],"data":{}},{"key":"31jro","text":"netlink消息可以减少系统调用的数量,同时减少用来维护多播组成员信息的负担。","type":"unstyled","depth":0,"inlineStyleRanges":[],"entityRanges":[],"data":{}},{"key":"b70tl","text":"","type":"unstyled","depth":0,"inlineStyleRanges":[],"entityRanges":[],"data":{}},{"key":"18d6u","text":"2.地址绑定bind()","type":"unstyled","depth":0,"inlineStyleRanges":[],"entityRanges":[],"data":{}},{"key":"a0jvi","text":"bind(fd, (struct sockaddr*)&, nladdr, sizeof(nladdr));","type":"custom-code-block-c","depth":0,"inlineStyleRanges":[],"entityRanges":[],"data":{}},{"key":"egnd5","text":"","type":"unstyled","depth":0,"inlineStyleRanges":[],"entityRanges":[],"data":{}},{"key":"fhivn","text":"3.发送netlink消息","type":"unstyled","depth":0,"inlineStyleRanges":[],"entityRanges":[],"data":{}},{"key":"5l0a5","text":"","type":"unstyled","depth":0,"inlineStyleRanges":[],"entityRanges":[],"data":{}},{"key":"gqtr","text":"为了发送一条netlink消息到内核或者其他的用户空间进程,另外一个struct sockaddr_nl nladdr需要作为目的地址,这和使用","type":"unstyled","depth":0,"inlineStyleRanges":[],"entityRanges":[],"data":{}},{"key":"95sui","text":"","type":"unstyled","depth":0,"inlineStyleRanges":[],"entityRanges":[],"data":{}},{"key":"64reu","text":"sendmsg()发送一个UDP包是一样的。","type":"unstyled","depth":0,"inlineStyleRanges":[],"entityRanges":[],"data":{}},{"key":"1oqlv","text":"","type":"unstyled","depth":0,"inlineStyleRanges":[],"entityRanges":[],"data":{}},{"key":"epj6c","text":"如果该消息是发送至内核的,那么nl_pid和nl_groups都置为0.","type":"unstyled","depth":0,"inlineStyleRanges":[],"entityRanges":[],"data":{}},{"key":"e771d","text":"","type":"unstyled","depth":0,"inlineStyleRanges":[],"entityRanges":[],"data":{}},{"key":"9it1a","text":"如果消息是发送给另一个进程的单播消息,nl_pid是另外一个进程的pid值而nl_groups为零。","type":"unstyled","depth":0,"inlineStyleRanges":[],"entityRanges":[],"data":{}},{"key":"bo1jc","text":"","type":"unstyled","depth":0,"inlineStyleRanges":[],"entityRanges":[],"data":{}},{"key":"5ktda","text":"如果消息是发送给一个或多个多播组的多播消息,所有的目的多播组必须bitmask必须or起来从而形成nl_groups域。","type":"unstyled","depth":0,"inlineStyleRanges":[],"entityRanges":[],"data":{}},{"key":"beq22","text":"sendmsg(fd, &, msg, 0);","type":"custom-code-block-c","depth":0,"inlineStyleRanges":[],"entityRanges":[],"data":{}},{"key":"5or9c","text":"","type":"unstyled","depth":0,"inlineStyleRanges":[],"entityRanges":[],"data":{}},{"key":"60r4b","text":"4.接收netlink消息","type":"unstyled","depth":0,"inlineStyleRanges":[],"entityRanges":[],"data":{}},{"key":"3tui","text":"","type":"unstyled","depth":0,"inlineStyleRanges":[],"entityRanges":[],"data":{}},{"key":"eotrd","text":"一个接收程序必须分配一个足够大的内存用于保存netlink消息头和消息负载。然后其填充struct msghdr msg,再使用标准的","type":"unstyled","depth":0,"inlineStyleRanges":[],"entityRanges":[],"data":{}},{"key":"jqfm","text":"","type":"unstyled","depth":0,"inlineStyleRanges":[],"entityRanges":[],"data":{}},{"key":"ecnmi","text":"recvmsg()函数来接收netlink消息。","type":"unstyled","depth":0,"inlineStyleRanges":[],"entityRanges":[],"data":{}},{"key":"5dgdi","text":"","type":"unstyled","depth":0,"inlineStyleRanges":[],"entityRanges":[],"data":{}},{"key":"bll28","text":"当消息被正确的接收之后,nlh应该指向刚刚接收到的netlink消息的头。nladdr应该包含接收消息的目的地址,其中包括了消息发送","type":"unstyled","depth":0,"inlineStyleRanges":[],"entityRanges":[],"data":{}},{"key":"amrsm","text":"","type":"unstyled","depth":0,"inlineStyleRanges":[],"entityRanges":[],"data":{}},{"key":"6gr3q","text":"者的pid和多播组。同时,宏NLMSG_DATA(nlh),定义在netlink.h中,返回一个指向netlink消息负载的指针。调用close(fd)关闭fd","type":"unstyled","depth":0,"inlineStyleRanges":[],"entityRanges":[],"data":{}},{"key":"aubcn","text":"","type":"unstyled","depth":0,"inlineStyleRanges":[],"entityRanges":[],"data":{}},{"key":"4f9ob","text":"描述符所标识的socket。","type":"unstyled","depth":0,"inlineStyleRanges":[],"entityRanges":[],"data":{}},{"key":"eaefn","text":"recvmsg(fd, &, msg, 0);","type":"custom-code-block-c","depth":0,"inlineStyleRanges":[],"entityRanges":[],"data":{}},{"key":"3rb29","text":"","type":"unstyled","depth":0,"inlineStyleRanges":[],"entityRanges":[],"data":{}},{"key":"727o5","text":"四：内核空间Netlink socket API","type":"header-two","depth":0,"inlineStyleRanges":[],"entityRanges":[],"data":{}},{"key":"9f4pb","text":"","type":"unstyled","depth":0,"inlineStyleRanges":[],"entityRanges":[],"data":{}},{"key":"35rh8","text":"1.创建 netlink socket","type":"unstyled","depth":0,"inlineStyleRanges":[],"entityRanges":[],"data":{}},{"key":"5jn16","text":"struct sock *netlink_kernel_create(struct net *net,","type":"custom-code-block-c","depth":0,"inlineStyleRanges":[],"entityRanges":[],"data":{}},{"key":"9a2sh","text":"                                   int unit,unsigned int groups,","type":"custom-code-block-c","depth":0,"inlineStyleRanges":[],"entityRanges":[],"data":{}},{"key":"cmkt9","text":"                                   void (*input)(struct sk_buff *skb),","type":"custom-code-block-c","depth":0,"inlineStyleRanges":[],"entityRanges":[],"data":{}},{"key":"7caln","text":"                                   struct mutex *cb_mutex,struct module *module);","type":"custom-code-block-c","depth":0,"inlineStyleRanges":[],"entityRanges":[],"data":{}},{"key":"8degm","text":"","type":"unstyled","depth":0,"inlineStyleRanges":[],"entityRanges":[],"data":{}},{"key":"e93i8","text":"参数说明：","type":"unstyled","depth":0,"inlineStyleRanges":[],"entityRanges":[],"data":{}},{"key":"efdan","text":"","type":"unstyled","depth":0,"inlineStyleRanges":[],"entityRanges":[],"data":{}},{"key":"44ve5","text":"(1) net：是一个网络名字空间namespace，在不同的名字空间里面可以有自己的转发信息库，有自己的一套net_device等等。","type":"unstyled","depth":0,"inlineStyleRanges":[],"entityRanges":[],"data":{}},{"key":"dr2fm","text":"","type":"unstyled","depth":0,"inlineStyleRanges":[],"entityRanges":[],"data":{}},{"key":"ant4c","text":"默认情况下都是使用 init_net这个全局变量。","type":"unstyled","depth":0,"inlineStyleRanges":[],"entityRanges":[],"data":{}},{"key":"1irrp","text":"","type":"unstyled","depth":0,"inlineStyleRanges":[],"entityRanges":[],"data":{}},{"key":"2q8nu","text":"(2) unit：表示netlink协议类型，如NETLINK_TEST、NETLINK_SELINUX。","type":"unstyled","depth":0,"inlineStyleRanges":[],"entityRanges":[],"data":{}},{"key":"69hfi","text":"","type":"unstyled","depth":0,"inlineStyleRanges":[],"entityRanges":[],"data":{}},{"key":"93k31","text":"(3) groups：多播地址。","type":"unstyled","depth":0,"inlineStyleRanges":[],"entityRanges":[],"data":{}},{"key":"dkppk","text":"","type":"unstyled","depth":0,"inlineStyleRanges":[],"entityRanges":[],"data":{}},{"key":"8n7li","text":"(4) input：为内核模块定义的netlink消息处理函数，当有消 息到达这个netlink socket时，该input函数指针就会被引用，且只","type":"unstyled","depth":0,"inlineStyleRanges":[],"entityRanges":[],"data":{}},{"key":"d9012","text":"","type":"unstyled","depth":0,"inlineStyleRanges":[],"entityRanges":[],"data":{}},{"key":"7ems2","text":"有此函数返回时，调用者的sendmsg才能返回。","type":"unstyled","depth":0,"inlineStyleRanges":[],"entityRanges":[],"data":{}},{"key":"55v74","text":"","type":"unstyled","depth":0,"inlineStyleRanges":[],"entityRanges":[],"data":{}},{"key":"9ksga","text":"(5)  cb_mutex：为访问数据时的互斥信号量。","type":"unstyled","depth":0,"inlineStyleRanges":[],"entityRanges":[],"data":{}},{"key":"3bpsj","text":"","type":"unstyled","depth":0,"inlineStyleRanges":[],"entityRanges":[],"data":{}},{"key":"8qje9","text":"(6) module： 一般为THIS_MODULE。","type":"unstyled","depth":0,"inlineStyleRanges":[],"entityRanges":[],"data":{}},{"key":"b4vhg","text":"","type":"unstyled","depth":0,"inlineStyleRanges":[],"entityRanges":[],"data":{}},{"key":"537cc","text":"2.发送单播消息 netlink_unicast","type":"unstyled","depth":0,"inlineStyleRanges":[],"entityRanges":[],"data":{}},{"key":"712us","text":"int netlink_unicast(struct sock *ssk, struct sk_buff *skb, u32 pid, int nonblock)","type":"custom-code-block-c","depth":0,"inlineStyleRanges":[],"entityRanges":[],"data":{}},{"key":"9tfk4","text":"参数说明：","type":"unstyled","depth":0,"inlineStyleRanges":[],"entityRanges":[],"data":{}},{"key":"2je10","text":"","type":"unstyled","depth":0,"inlineStyleRanges":[],"entityRanges":[],"data":{}},{"key":"172h6","text":"(1) ssk：为函数 netlink_kernel_create()返回的socket。","type":"unstyled","depth":0,"inlineStyleRanges":[],"entityRanges":[],"data":{}},{"key":"7lbrm","text":"","type":"unstyled","depth":0,"inlineStyleRanges":[],"entityRanges":[],"data":{}},{"key":"99jnj","text":"(2) skb：存放消息，它的data字段指向要发送的netlink消息结构，而 skb的控制块保存了消息的地址信息，宏","type":"unstyled","depth":0,"inlineStyleRanges":[],"entityRanges":[],"data":{}},{"key":"c3h46","text":"","type":"unstyled","depth":0,"inlineStyleRanges":[],"entityRanges":[],"data":{}},{"key":"7v468","text":"NETLINK_CB(skb)就用于方便设置该控制块。","type":"unstyled","depth":0,"inlineStyleRanges":[],"entityRanges":[],"data":{}},{"key":"3tqop","text":"","type":"unstyled","depth":0,"inlineStyleRanges":[],"entityRanges":[],"data":{}},{"key":"4du3u","text":"(3) pid：为接收此消息进程的pid，即目标地址，如果目标为组或内核，它设置为 0。","type":"unstyled","depth":0,"inlineStyleRanges":[],"entityRanges":[],"data":{}},{"key":"757d","text":"","type":"unstyled","depth":0,"inlineStyleRanges":[],"entityRanges":[],"data":{}},{"key":"7dlai","text":"(4) nonblock：表示该函数是否为非阻塞，如果为1，该函数将在没有接收缓存可利用时立即返回；而如果为0，该函数在没有接","type":"unstyled","depth":0,"inlineStyleRanges":[],"entityRanges":[],"data":{}},{"key":"ej5mf","text":"","type":"unstyled","depth":0,"inlineStyleRanges":[],"entityRanges":[],"data":{}},{"key":"4unof","text":"收缓存可利用定时睡眠。","type":"unstyled","depth":0,"inlineStyleRanges":[],"entityRanges":[],"data":{}},{"key":"2gfaj","text":"","type":"unstyled","depth":0,"inlineStyleRanges":[],"entityRanges":[],"data":{}},{"key":"5niqu","text":"3.发送广播消息 netlink_broadcast","type":"unstyled","depth":0,"inlineStyleRanges":[],"entityRanges":[],"data":{}},{"key":"9q19m","text":"int netlink_broadcast(struct sock *ssk, struct sk_buff *skb, u32 pid, u32 group, gfp_t allocation)","type":"custom-code-block-c","depth":0,"inlineStyleRanges":[],"entityRanges":[],"data":{}},{"key":"fbldp","text":"前面的三个参数与 netlink_unicast相同，参数group为接收消息的多播组，该参数的每一个位代表一个多播组，因此如果发送给","type":"unstyled","depth":0,"inlineStyleRanges":[],"entityRanges":[],"data":{}},{"key":"frfeu","text":"","type":"unstyled","depth":0,"inlineStyleRanges":[],"entityRanges":[],"data":{}},{"key":"6rde7","text":"多个多播组，就把该参数设置为多个多播组组ID的位或。参数allocation为内核内存分配类型，一般地为GFP_ATOMIC或","type":"unstyled","depth":0,"inlineStyleRanges":[],"entityRanges":[],"data":{}},{"key":"93c42","text":"","type":"unstyled","depth":0,"inlineStyleRanges":[],"entityRanges":[],"data":{}},{"key":"cr1qu","text":"GFP_KERNEL，GFP_ATOMIC用于原子的上下文（即不可以睡眠），而GFP_KERNEL用于非原子上下文。","type":"unstyled","depth":0,"inlineStyleRanges":[],"entityRanges":[],"data":{}},{"key":"ehvvo","text":"","type":"unstyled","depth":0,"inlineStyleRanges":[],"entityRanges":[],"data":{}},{"key":"cdci9","text":"4.释放 netlink socket","type":"unstyled","depth":0,"inlineStyleRanges":[],"entityRanges":[],"data":{}},{"key":"4lv5j","text":"int netlink_broadcast(struct sock *ssk, struct sk_buff *skb, u32 pid, u32 group, gfp_t allocation)","type":"custom-code-block-c","depth":0,"inlineStyleRanges":[],"entityRanges":[],"data":{}},{"key":"cpeco","text":"","type":"unstyled","depth":0,"inlineStyleRanges":[],"entityRanges":[],"data":{}},{"key":"dg3pg","text":"五：用户态范例一","type":"header-two","depth":0,"inlineStyleRanges":[],"entityRanges":[],"data":{}},{"key":"cq79c","text":"#include <sys/stat.h>","type":"custom-code-block-c","depth":0,"inlineStyleRanges":[],"entityRanges":[],"data":{}},{"key":"55pis","text":"#include <unistd.h>","type":"custom-code-block-c","depth":0,"inlineStyleRanges":[],"entityRanges":[],"data":{}},{"key":"5r4qe","text":"#include <stdio.h>","type":"custom-code-block-c","depth":0,"inlineStyleRanges":[],"entityRanges":[],"data":{}},{"key":"bgefr","text":"#include <stdlib.h>","type":"custom-code-block-c","depth":0,"inlineStyleRanges":[],"entityRanges":[],"data":{}},{"key":"7t27o","text":"#include <sys/socket.h>","type":"custom-code-block-c","depth":0,"inlineStyleRanges":[],"entityRanges":[],"data":{}},{"key":"d7snh","text":"#include <sys/types.h>","type":"custom-code-block-c","depth":0,"inlineStyleRanges":[],"entityRanges":[],"data":{}},{"key":"8vmlh","text":"#include <string.h>","type":"custom-code-block-c","depth":0,"inlineStyleRanges":[],"entityRanges":[],"data":{}},{"key":"euurk","text":"#include <asm/types.h>","type":"custom-code-block-c","depth":0,"inlineStyleRanges":[],"entityRanges":[],"data":{}},{"key":"1up4s","text":"#include <linux/netlink.h>","type":"custom-code-block-c","depth":0,"inlineStyleRanges":[],"entityRanges":[],"data":{}},{"key":"eps5g","text":"#include <linux/socket.h>","type":"custom-code-block-c","depth":0,"inlineStyleRanges":[],"entityRanges":[],"data":{}},{"key":"5h4b3","text":"#include <errno.h>","type":"custom-code-block-c","depth":0,"inlineStyleRanges":[],"entityRanges":[],"data":{}},{"key":"dv7r2","text":"#define MAX_PAYLOAD 1024 // maximum payload size","type":"custom-code-block-c","depth":0,"inlineStyleRanges":[],"entityRanges":[],"data":{}},{"key":"6s1jj","text":"#define NETLINK_TEST 25 //自定义的协议","type":"custom-code-block-c","depth":0,"inlineStyleRanges":[],"entityRanges":[],"data":{}},{"key":"4g6d9","text":"int main(int argc, char* argv[])","type":"custom-code-block-c","depth":0,"inlineStyleRanges":[],"entityRanges":[],"data":{}},{"key":"6ctct","text":"{","type":"custom-code-block-c","depth":0,"inlineStyleRanges":[],"entityRanges":[],"data":{}},{"key":"86aft","text":"    int state;","type":"custom-code-block-c","depth":0,"inlineStyleRanges":[],"entityRanges":[],"data":{}},{"key":"e17po","text":"    struct sockaddr_nl src_addr, dest_addr;","type":"custom-code-block-c","depth":0,"inlineStyleRanges":[],"entityRanges":[],"data":{}},{"key":"dg037","text":"    struct nlmsghdr *nlh = NULL; //Netlink数据包头","type":"custom-code-block-c","depth":0,"inlineStyleRanges":[],"entityRanges":[],"data":{}},{"key":"4pieq","text":"    struct iovec iov;","type":"custom-code-block-c","depth":0,"inlineStyleRanges":[],"entityRanges":[],"data":{}},{"key":"52l20","text":"    struct msghdr msg;","type":"custom-code-block-c","depth":0,"inlineStyleRanges":[],"entityRanges":[],"data":{}},{"key":"8ofe8","text":"    int sock_fd, retval;","type":"custom-code-block-c","depth":0,"inlineStyleRanges":[],"entityRanges":[],"data":{}},{"key":"ebv69","text":"    int state_smg = 0;","type":"custom-code-block-c","depth":0,"inlineStyleRanges":[],"entityRanges":[],"data":{}},{"key":"fsck6","text":"    // Create a socket","type":"custom-code-block-c","depth":0,"inlineStyleRanges":[],"entityRanges":[],"data":{}},{"key":"34vmr","text":"    sock_fd = socket(AF_NETLINK, SOCK_RAW, NETLINK_TEST);","type":"custom-code-block-c","depth":0,"inlineStyleRanges":[],"entityRanges":[],"data":{}},{"key":"fr5eh","text":"    if(sock_fd == -1){","type":"custom-code-block-c","depth":0,"inlineStyleRanges":[],"entityRanges":[],"data":{}},{"key":"7fslh","text":"        printf(\"error getting socket: %s\", strerror(errno));","type":"custom-code-block-c","depth":0,"inlineStyleRanges":[],"entityRanges":[],"data":{}},{"key":"e58lt","text":"        return -1;","type":"custom-code-block-c","depth":0,"inlineStyleRanges":[],"entityRanges":[],"data":{}},{"key":"3hu7f","text":"    }","type":"custom-code-block-c","depth":0,"inlineStyleRanges":[],"entityRanges":[],"data":{}},{"key":"ducer","text":"    // To prepare binding","type":"custom-code-block-c","depth":0,"inlineStyleRanges":[],"entityRanges":[],"data":{}},{"key":"eufj","text":"    memset(&src_addr, 0, sizeof(src_addr));","type":"custom-code-block-c","depth":0,"inlineStyleRanges":[],"entityRanges":[],"data":{}},{"key":"2lca1","text":"    src_addr.nl_family = AF_NETLINK;","type":"custom-code-block-c","depth":0,"inlineStyleRanges":[],"entityRanges":[],"data":{}},{"key":"tldn","text":"    src_addr.nl_pid = 100; //A：设置源端端口号","type":"custom-code-block-c","depth":0,"inlineStyleRanges":[],"entityRanges":[],"data":{}},{"key":"8v7fs","text":"    src_addr.nl_groups = 0;","type":"custom-code-block-c","depth":0,"inlineStyleRanges":[],"entityRanges":[],"data":{}},{"key":"7slj9","text":"    //Bind","type":"custom-code-block-c","depth":0,"inlineStyleRanges":[],"entityRanges":[],"data":{}},{"key":"8889u","text":"    retval = bind(sock_fd, (struct sockaddr*)&src_addr, sizeof(src_addr));","type":"custom-code-block-c","depth":0,"inlineStyleRanges":[],"entityRanges":[],"data":{}},{"key":"2asav","text":"    if(retval < 0){","type":"custom-code-block-c","depth":0,"inlineStyleRanges":[],"entityRanges":[],"data":{}},{"key":"2b0vr","text":"        printf(\"bind failed: %s\", strerror(errno));","type":"custom-code-block-c","depth":0,"inlineStyleRanges":[],"entityRanges":[],"data":{}},{"key":"5cr67","text":"        close(sock_fd);","type":"custom-code-block-c","depth":0,"inlineStyleRanges":[],"entityRanges":[],"data":{}},{"key":"9vk34","text":"        return -1;","type":"custom-code-block-c","depth":0,"inlineStyleRanges":[],"entityRanges":[],"data":{}},{"key":"44jlj","text":"    }","type":"custom-code-block-c","depth":0,"inlineStyleRanges":[],"entityRanges":[],"data":{}},{"key":"7em5j","text":"    // To orepare create mssage","type":"custom-code-block-c","depth":0,"inlineStyleRanges":[],"entityRanges":[],"data":{}},{"key":"e0k6p","text":"    nlh = (struct nlmsghdr *)malloc(NLMSG_SPACE(MAX_PAYLOAD));","type":"custom-code-block-c","depth":0,"inlineStyleRanges":[],"entityRanges":[],"data":{}},{"key":"2chi","text":"    if(!nlh){","type":"custom-code-block-c","depth":0,"inlineStyleRanges":[],"entityRanges":[],"data":{}},{"key":"av2qq","text":"        printf(\"malloc nlmsghdr error!\\n\");","type":"custom-code-block-c","depth":0,"inlineStyleRanges":[],"entityRanges":[],"data":{}},{"key":"fok0g","text":"        close(sock_fd);","type":"custom-code-block-c","depth":0,"inlineStyleRanges":[],"entityRanges":[],"data":{}},{"key":"8kguh","text":"        return -1;","type":"custom-code-block-c","depth":0,"inlineStyleRanges":[],"entityRanges":[],"data":{}},{"key":"5f3ra","text":"}","type":"custom-code-block-c","depth":0,"inlineStyleRanges":[],"entityRanges":[],"data":{}},{"key":"9ttj1","text":"    memset(&dest_addr,0,sizeof(dest_addr));","type":"custom-code-block-c","depth":0,"inlineStyleRanges":[],"entityRanges":[],"data":{}},{"key":"evtre","text":"    dest_addr.nl_family = AF_NETLINK;","type":"custom-code-block-c","depth":0,"inlineStyleRanges":[],"entityRanges":[],"data":{}},{"key":"57jje","text":"    dest_addr.nl_pid = 0; //B：设置目的端口号","type":"custom-code-block-c","depth":0,"inlineStyleRanges":[],"entityRanges":[],"data":{}},{"key":"2qcc0","text":"    dest_addr.nl_groups = 0;","type":"custom-code-block-c","depth":0,"inlineStyleRanges":[],"entityRanges":[],"data":{}},{"key":"268v2","text":"    nlh->nlmsg_len = NLMSG_SPACE(MAX_PAYLOAD);","type":"custom-code-block-c","depth":0,"inlineStyleRanges":[],"entityRanges":[],"data":{}},{"key":"f2heq","text":"    nlh->nlmsg_pid = 100; //C：设置源端口","type":"custom-code-block-c","depth":0,"inlineStyleRanges":[],"entityRanges":[],"data":{}},{"key":"fo3pn","text":"    nlh->nlmsg_flags = 0;","type":"custom-code-block-c","depth":0,"inlineStyleRanges":[],"entityRanges":[],"data":{}},{"key":"cobuk","text":"    strcpy(NLMSG_DATA(nlh),\"Hello you!\"); //设置消息体","type":"custom-code-block-c","depth":0,"inlineStyleRanges":[],"entityRanges":[],"data":{}},{"key":"eu041","text":"    iov.iov_base = (void *)nlh;","type":"custom-code-block-c","depth":0,"inlineStyleRanges":[],"entityRanges":[],"data":{}},{"key":"fihjt","text":"    iov.iov_len = NLMSG_SPACE(MAX_PAYLOAD);","type":"custom-code-block-c","depth":0,"inlineStyleRanges":[],"entityRanges":[],"data":{}},{"key":"hhf6","text":"    //Create mssage","type":"custom-code-block-c","depth":0,"inlineStyleRanges":[],"entityRanges":[],"data":{}},{"key":"59q1m","text":"    memset(&msg, 0, sizeof(msg));","type":"custom-code-block-c","depth":0,"inlineStyleRanges":[],"entityRanges":[],"data":{}},{"key":"70b2l","text":"    msg.msg_name = (void *)&dest_addr;","type":"custom-code-block-c","depth":0,"inlineStyleRanges":[],"entityRanges":[],"data":{}},{"key":"bn09q","text":"    msg.msg_namelen = sizeof(dest_addr);","type":"custom-code-block-c","depth":0,"inlineStyleRanges":[],"entityRanges":[],"data":{}},{"key":"fnqbj","text":"    msg.msg_iov = &iov;","type":"custom-code-block-c","depth":0,"inlineStyleRanges":[],"entityRanges":[],"data":{}},{"key":"nms6","text":"    msg.msg_iovlen = 1;","type":"custom-code-block-c","depth":0,"inlineStyleRanges":[],"entityRanges":[],"data":{}},{"key":"fddbo","text":"    //send message","type":"custom-code-block-c","depth":0,"inlineStyleRanges":[],"entityRanges":[],"data":{}},{"key":"ebvn0","text":"    printf(\"state_smg\\n\");","type":"custom-code-block-c","depth":0,"inlineStyleRanges":[],"entityRanges":[],"data":{}},{"key":"7fmnc","text":"    state_smg = sendmsg(sock_fd,&msg,0);","type":"custom-code-block-c","depth":0,"inlineStyleRanges":[],"entityRanges":[],"data":{}},{"key":"5dqr8","text":"    if(state_smg == -1)","type":"custom-code-block-c","depth":0,"inlineStyleRanges":[],"entityRanges":[],"data":{}},{"key":"9qdcr","text":"    {","type":"custom-code-block-c","depth":0,"inlineStyleRanges":[],"entityRanges":[],"data":{}},{"key":"9800v","text":"        printf(\"get error sendmsg = %s\\n\",strerror(errno));","type":"custom-code-block-c","depth":0,"inlineStyleRanges":[],"entityRanges":[],"data":{}},{"key":"domvi","text":"    }","type":"custom-code-block-c","depth":0,"inlineStyleRanges":[],"entityRanges":[],"data":{}},{"key":"btar6","text":"    memset(nlh,0,NLMSG_SPACE(MAX_PAYLOAD));","type":"custom-code-block-c","depth":0,"inlineStyleRanges":[],"entityRanges":[],"data":{}},{"key":"ecv4k","text":"    //receive message","type":"custom-code-block-c","depth":0,"inlineStyleRanges":[],"entityRanges":[],"data":{}},{"key":"e25ga","text":"    printf(\"waiting received!\\n\");","type":"custom-code-block-c","depth":0,"inlineStyleRanges":[],"entityRanges":[],"data":{}},{"key":"7e0ip","text":"    while(1){","type":"custom-code-block-c","depth":0,"inlineStyleRanges":[],"entityRanges":[],"data":{}},{"key":"b1sgt","text":"        printf(\"In while recvmsg\\n\");","type":"custom-code-block-c","depth":0,"inlineStyleRanges":[],"entityRanges":[],"data":{}},{"key":"20unc","text":"        state = recvmsg(sock_fd, &msg, 0);","type":"custom-code-block-c","depth":0,"inlineStyleRanges":[],"entityRanges":[],"data":{}},{"key":"e35v5","text":"        if(state<0)","type":"custom-code-block-c","depth":0,"inlineStyleRanges":[],"entityRanges":[],"data":{}},{"key":"djtq9","text":"        {","type":"custom-code-block-c","depth":0,"inlineStyleRanges":[],"entityRanges":[],"data":{}},{"key":"4ofi5","text":"            printf(\"state<1\");","type":"custom-code-block-c","depth":0,"inlineStyleRanges":[],"entityRanges":[],"data":{}},{"key":"emj1","text":"        }","type":"custom-code-block-c","depth":0,"inlineStyleRanges":[],"entityRanges":[],"data":{}},{"key":"63m10","text":"        printf(\"Received message: %s\\n\",(char *) NLMSG_DATA(nlh));","type":"custom-code-block-c","depth":0,"inlineStyleRanges":[],"entityRanges":[],"data":{}},{"key":"d79fd","text":"    }","type":"custom-code-block-c","depth":0,"inlineStyleRanges":[],"entityRanges":[],"data":{}},{"key":"c9gst","text":"    close(sock_fd);","type":"custom-code-block-c","depth":0,"inlineStyleRanges":[],"entityRanges":[],"data":{}},{"key":"8tcdn","text":"    return 0;","type":"custom-code-block-c","depth":0,"inlineStyleRanges":[],"entityRanges":[],"data":{}},{"key":"33sv4","text":"}","type":"custom-code-block-c","depth":0,"inlineStyleRanges":[],"entityRanges":[],"data":{}},{"key":"8ii9o","text":"","type":"unstyled","depth":0,"inlineStyleRanges":[],"entityRanges":[],"data":{}},{"key":"23jo1","text":"上面程序首先向内核发送一条消息；“Hello you”，然后进入循环一直等待读取内核的回复，并将收到的回复打印出来。如果","type":"unstyled","depth":0,"inlineStyleRanges":[],"entityRanges":[],"data":{}},{"key":"ag15g","text":"","type":"unstyled","depth":0,"inlineStyleRanges":[],"entityRanges":[],"data":{}},{"key":"28s0k","text":"看上面程序感觉很吃力，那么应该首先复习一下UDP中使用sendmsg的用法，特别时struct msghdr的结构要清楚，这里再赘","type":"unstyled","depth":0,"inlineStyleRanges":[],"entityRanges":[],"data":{}},{"key":"bcv5g","text":"","type":"unstyled","depth":0,"inlineStyleRanges":[],"entityRanges":[],"data":{}},{"key":"d5906","text":"述。下面主要分析与UDP发送数据包的不同点：","type":"unstyled","depth":0,"inlineStyleRanges":[],"entityRanges":[],"data":{}},{"key":"54i1g","text":"","type":"unstyled","depth":0,"inlineStyleRanges":[],"entityRanges":[],"data":{}},{"key":"ai7v","text":"1. socket地址结构不同，UDP为sockaddr_in，Netlink为struct sockaddr_nl；","type":"unstyled","depth":0,"inlineStyleRanges":[],"entityRanges":[],"data":{}},{"key":"ehfo9","text":"","type":"unstyled","depth":0,"inlineStyleRanges":[],"entityRanges":[],"data":{}},{"key":"blt63","text":"2. 与UDP发送数据相比，Netlink多了一个消息头结构struct nlmsghdr需要我们构造。","type":"unstyled","depth":0,"inlineStyleRanges":[],"entityRanges":[],"data":{}},{"key":"19kcm","text":"","type":"unstyled","depth":0,"inlineStyleRanges":[],"entityRanges":[],"data":{}},{"key":"a7ida","text":"注意代码注释中的A、B、C三处分别设置了pid。首先解释一下什么是pid，网上很多文章把这个字段说成是进程的pid，其实这","type":"unstyled","depth":0,"inlineStyleRanges":[],"entityRanges":[],"data":{}},{"key":"58a0h","text":"","type":"unstyled","depth":0,"inlineStyleRanges":[],"entityRanges":[],"data":{}},{"key":"e2kev","text":"完全是望文生义。这里的pid和进程pid没有什么关系，仅仅相当于UDP的port。对于UDP来说port和ip标示一个地址，那对我们","type":"unstyled","depth":0,"inlineStyleRanges":[],"entityRanges":[],"data":{}},{"key":"uf4n","text":"","type":"unstyled","depth":0,"inlineStyleRanges":[],"entityRanges":[],"data":{}},{"key":"cqus8","text":"的NETLINK_TEST协议（注意Netlink本身不是一个协议）来说，pid就唯一标示了一个地址。所以你如果用进程pid做为标示当然","type":"unstyled","depth":0,"inlineStyleRanges":[],"entityRanges":[],"data":{}},{"key":"b3pt9","text":"","type":"unstyled","depth":0,"inlineStyleRanges":[],"entityRanges":[],"data":{}},{"key":"1nh4k","text":"也是可以的。当然同样的pid对于NETLINK_TEST协议和内核定义的其他使用Netlink的协议是不冲突的（就像TCP的80端口和","type":"unstyled","depth":0,"inlineStyleRanges":[],"entityRanges":[],"data":{}},{"key":"4ji8f","text":"","type":"unstyled","depth":0,"inlineStyleRanges":[],"entityRanges":[],"data":{}},{"key":"er66d","text":"UDP的80端口）。","type":"unstyled","depth":0,"inlineStyleRanges":[],"entityRanges":[],"data":{}},{"key":"avst6","text":"","type":"unstyled","depth":0,"inlineStyleRanges":[],"entityRanges":[],"data":{}},{"key":"gk8g","text":"下面分析这三处设置pid分别有什么作用，首先A和B位置的比较好理解，这是在地址（sockaddr_nl）上进行的设置，就是相当","type":"unstyled","depth":0,"inlineStyleRanges":[],"entityRanges":[],"data":{}},{"key":"92sti","text":"","type":"unstyled","depth":0,"inlineStyleRanges":[],"entityRanges":[],"data":{}},{"key":"7qici","text":"于设置源地址和目的地址（其实是端口），只是注意B处设置pid为0，0就代表是内核，可以理解为内核专用的pid，那么用户进","type":"unstyled","depth":0,"inlineStyleRanges":[],"entityRanges":[],"data":{}},{"key":"6ujtr","text":"","type":"unstyled","depth":0,"inlineStyleRanges":[],"entityRanges":[],"data":{}},{"key":"c0td0","text":"程就不能用0做为自己的pid吗？这个只能说如果你非要用也是可以的，只是会产生一些问题，后面在分析。接下来看为什么C处","type":"unstyled","depth":0,"inlineStyleRanges":[],"entityRanges":[],"data":{}},{"key":"eakvc","text":"","type":"unstyled","depth":0,"inlineStyleRanges":[],"entityRanges":[],"data":{}},{"key":"58mde","text":"的消息头仍然需要设置pid呢？这里首先要知道一个前提：内核不会像UDP一样根据我们设置的原、目的地址为我们构造消息","type":"unstyled","depth":0,"inlineStyleRanges":[],"entityRanges":[],"data":{}},{"key":"1ut8d","text":"","type":"unstyled","depth":0,"inlineStyleRanges":[],"entityRanges":[],"data":{}},{"key":"daiob","text":"头，所以我们不在包头写入我们自己的地址（pid），那内核怎么知道是谁发来的报文呢？当然如果内核只是处理消息不需要回","type":"unstyled","depth":0,"inlineStyleRanges":[],"entityRanges":[],"data":{}},{"key":"bds5r","text":"","type":"unstyled","depth":0,"inlineStyleRanges":[],"entityRanges":[],"data":{}},{"key":"8s6en","text":"复进程的话舍不设置这个消息头pid都可以。","type":"unstyled","depth":0,"inlineStyleRanges":[],"entityRanges":[],"data":{}},{"key":"c2h4s","text":"","type":"unstyled","depth":0,"inlineStyleRanges":[],"entityRanges":[],"data":{}},{"key":"e23cl","text":"所以每个pid的设置功能不同：A处的设置是要设置发送者的源地址，有人会说既然源地址又不会自动填充到报文中，我们为什么","type":"unstyled","depth":0,"inlineStyleRanges":[],"entityRanges":[],"data":{}},{"key":"b6aa1","text":"","type":"unstyled","depth":0,"inlineStyleRanges":[],"entityRanges":[],"data":{}},{"key":"eprlg","text":"还要设置这个，因为你还可能要接收回复啊。就像寄信，你连“门牌号”都没有，即使你在写信时候写上你的地址是100号，对","type":"unstyled","depth":0,"inlineStyleRanges":[],"entityRanges":[],"data":{}},{"key":"bqflb","text":"","type":"unstyled","depth":0,"inlineStyleRanges":[],"entityRanges":[],"data":{}},{"key":"3u44","text":"方回信目的地址也是100号，但是邮局发现根本没有这个地址怎么可能把信送到你手里呢？所以A的主要作用是注册源地址，保证","type":"unstyled","depth":0,"inlineStyleRanges":[],"entityRanges":[],"data":{}},{"key":"82dbf","text":"","type":"unstyled","depth":0,"inlineStyleRanges":[],"entityRanges":[],"data":{}},{"key":"l74k","text":"可以收到回复，如果不需要回复当然可以简单将pid设置为0；B处自然就是收信人的地址，pid为0代表内核的地址，假如有一个","type":"unstyled","depth":0,"inlineStyleRanges":[],"entityRanges":[],"data":{}},{"key":"3j1nc","text":"","type":"unstyled","depth":0,"inlineStyleRanges":[],"entityRanges":[],"data":{}},{"key":"alegk","text":"进程在101号上注册了地址，并调用了recvmsg，如果你将B处的pid设置为101，那数据包就发给了另一个进程，这就实现了使","type":"unstyled","depth":0,"inlineStyleRanges":[],"entityRanges":[],"data":{}},{"key":"fjpab","text":"","type":"unstyled","depth":0,"inlineStyleRanges":[],"entityRanges":[],"data":{}},{"key":"12sq6","text":"用Netlink进行进程间通信；C相当于你在信封上写的源地址，通常情况下这个应该和你的真实地址（A）处注册的源地址相同，","type":"unstyled","depth":0,"inlineStyleRanges":[],"entityRanges":[],"data":{}},{"key":"ffcr1","text":"","type":"unstyled","depth":0,"inlineStyleRanges":[],"entityRanges":[],"data":{}},{"key":"2aq0n","text":"当然你要是不想收到回信，又想恶搞一下或者有特殊需求，你可以写成其他进程注册的pid（比如101）。这和我们现实中寄信是","type":"unstyled","depth":0,"inlineStyleRanges":[],"entityRanges":[],"data":{}},{"key":"cobhl","text":"","type":"unstyled","depth":0,"inlineStyleRanges":[],"entityRanges":[],"data":{}},{"key":"54v6l","text":"一样的，你给你朋友写封情书，把写信人写成你的另一个好基友，然后后果你懂得……","type":"unstyled","depth":0,"inlineStyleRanges":[],"entityRanges":[],"data":{}},{"key":"avgbm","text":"","type":"unstyled","depth":0,"inlineStyleRanges":[],"entityRanges":[],"data":{}},{"key":"3od3t","text":"好了，有了这个例子我们就大概知道用户态怎么使用Netlink了。","type":"unstyled","depth":0,"inlineStyleRanges":[],"entityRanges":[],"data":{}},{"key":"4p599","text":"","type":"unstyled","depth":0,"inlineStyleRanges":[],"entityRanges":[],"data":{}},{"key":"4uvua","text":"六：内核态程序范例一","type":"header-two","depth":0,"inlineStyleRanges":[],"entityRanges":[],"data":{}},{"key":"9srg","text":"#include <linux/init.h>","type":"custom-code-block-c","depth":0,"inlineStyleRanges":[],"entityRanges":[],"data":{}},{"key":"9jcdu","text":"#include <linux/module.h>","type":"custom-code-block-c","depth":0,"inlineStyleRanges":[],"entityRanges":[],"data":{}},{"key":"bhfrb","text":"#include <linux/timer.h>","type":"custom-code-block-c","depth":0,"inlineStyleRanges":[],"entityRanges":[],"data":{}},{"key":"98qu8","text":"#include <linux/time.h>","type":"custom-code-block-c","depth":0,"inlineStyleRanges":[],"entityRanges":[],"data":{}},{"key":"brp3b","text":"#include <linux/types.h>","type":"custom-code-block-c","depth":0,"inlineStyleRanges":[],"entityRanges":[],"data":{}},{"key":"99gc3","text":"#include <net/sock.h>","type":"custom-code-block-c","depth":0,"inlineStyleRanges":[],"entityRanges":[],"data":{}},{"key":"gkpb","text":"#include <net/netlink.h>","type":"custom-code-block-c","depth":0,"inlineStyleRanges":[],"entityRanges":[],"data":{}},{"key":"68cas","text":"#define NETLINK_TEST 25","type":"custom-code-block-c","depth":0,"inlineStyleRanges":[],"entityRanges":[],"data":{}},{"key":"bgtpo","text":"#define MAX_MSGSIZE 1024","type":"custom-code-block-c","depth":0,"inlineStyleRanges":[],"entityRanges":[],"data":{}},{"key":"89j55","text":"int stringlength(char *s);","type":"custom-code-block-c","depth":0,"inlineStyleRanges":[],"entityRanges":[],"data":{}},{"key":"4mo2s","text":"int err;","type":"custom-code-block-c","depth":0,"inlineStyleRanges":[],"entityRanges":[],"data":{}},{"key":"nnpd","text":"struct sock *nl_sk = NULL;","type":"custom-code-block-c","depth":0,"inlineStyleRanges":[],"entityRanges":[],"data":{}},{"key":"625fl","text":"int flag = 0;","type":"custom-code-block-c","depth":0,"inlineStyleRanges":[],"entityRanges":[],"data":{}},{"key":"7iv4p","text":"//向用户态进程回发消息","type":"custom-code-block-c","depth":0,"inlineStyleRanges":[],"entityRanges":[],"data":{}},{"key":"bh6c2","text":"void sendnlmsg(char *message, int pid)","type":"custom-code-block-c","depth":0,"inlineStyleRanges":[],"entityRanges":[],"data":{}},{"key":"d3vkb","text":"{","type":"custom-code-block-c","depth":0,"inlineStyleRanges":[],"entityRanges":[],"data":{}},{"key":"7o851","text":"    struct sk_buff *skb_1;","type":"custom-code-block-c","depth":0,"inlineStyleRanges":[],"entityRanges":[],"data":{}},{"key":"bbe5r","text":"    struct nlmsghdr *nlh;","type":"custom-code-block-c","depth":0,"inlineStyleRanges":[],"entityRanges":[],"data":{}},{"key":"96ohg","text":"    int len = NLMSG_SPACE(MAX_MSGSIZE);","type":"custom-code-block-c","depth":0,"inlineStyleRanges":[],"entityRanges":[],"data":{}},{"key":"5naoa","text":"    int slen = 0;","type":"custom-code-block-c","depth":0,"inlineStyleRanges":[],"entityRanges":[],"data":{}},{"key":"9dgdv","text":"    if(!message || !nl_sk)","type":"custom-code-block-c","depth":0,"inlineStyleRanges":[],"entityRanges":[],"data":{}},{"key":"eppsu","text":"    {","type":"custom-code-block-c","depth":0,"inlineStyleRanges":[],"entityRanges":[],"data":{}},{"key":"3bk1u","text":"        return ;","type":"custom-code-block-c","depth":0,"inlineStyleRanges":[],"entityRanges":[],"data":{}},{"key":"4db06","text":"    }","type":"custom-code-block-c","depth":0,"inlineStyleRanges":[],"entityRanges":[],"data":{}},{"key":"2u94g","text":"    printk(KERN_ERR \"pid:%d\\n\",pid);","type":"custom-code-block-c","depth":0,"inlineStyleRanges":[],"entityRanges":[],"data":{}},{"key":"dg26f","text":"    skb_1 = alloc_skb(len,GFP_KERNEL);","type":"custom-code-block-c","depth":0,"inlineStyleRanges":[],"entityRanges":[],"data":{}},{"key":"dp3qf","text":"    if(!skb_1)","type":"custom-code-block-c","depth":0,"inlineStyleRanges":[],"entityRanges":[],"data":{}},{"key":"8rfrm","text":"    {","type":"custom-code-block-c","depth":0,"inlineStyleRanges":[],"entityRanges":[],"data":{}},{"key":"4sdom","text":"        printk(KERN_ERR \"my_net_link:alloc_skb error\\n\");","type":"custom-code-block-c","depth":0,"inlineStyleRanges":[],"entityRanges":[],"data":{}},{"key":"f3644","text":"    }","type":"custom-code-block-c","depth":0,"inlineStyleRanges":[],"entityRanges":[],"data":{}},{"key":"1lpof","text":"    slen = stringlength(message);","type":"custom-code-block-c","depth":0,"inlineStyleRanges":[],"entityRanges":[],"data":{}},{"key":"83mnh","text":"    nlh = nlmsg_put(skb_1,0,0,0,MAX_MSGSIZE,0);","type":"custom-code-block-c","depth":0,"inlineStyleRanges":[],"entityRanges":[],"data":{}},{"key":"8q113","text":"    NETLINK_CB(skb_1).pid = 0;","type":"custom-code-block-c","depth":0,"inlineStyleRanges":[],"entityRanges":[],"data":{}},{"key":"eh0ec","text":"    NETLINK_CB(skb_1).dst_group = 0;","type":"custom-code-block-c","depth":0,"inlineStyleRanges":[],"entityRanges":[],"data":{}},{"key":"7j4s3","text":"    message[slen]= '\\0';","type":"custom-code-block-c","depth":0,"inlineStyleRanges":[],"entityRanges":[],"data":{}},{"key":"333ma","text":"    memcpy(NLMSG_DATA(nlh),message,slen+1);","type":"custom-code-block-c","depth":0,"inlineStyleRanges":[],"entityRanges":[],"data":{}},{"key":"e0uek","text":"    printk(\"my_net_link:send message '%s'.\\n\",(char *)NLMSG_DATA(nlh));","type":"custom-code-block-c","depth":0,"inlineStyleRanges":[],"entityRanges":[],"data":{}},{"key":"19nq7","text":"    netlink_unicast(nl_sk,skb_1,pid,MSG_DONTWAIT);","type":"custom-code-block-c","depth":0,"inlineStyleRanges":[],"entityRanges":[],"data":{}},{"key":"csn5m","text":"}","type":"custom-code-block-c","depth":0,"inlineStyleRanges":[],"entityRanges":[],"data":{}},{"key":"3p7et","text":"int stringlength(char *s)","type":"custom-code-block-c","depth":0,"inlineStyleRanges":[],"entityRanges":[],"data":{}},{"key":"atu02","text":"{","type":"custom-code-block-c","depth":0,"inlineStyleRanges":[],"entityRanges":[],"data":{}},{"key":"1v7e9","text":"    int slen = 0;","type":"custom-code-block-c","depth":0,"inlineStyleRanges":[],"entityRanges":[],"data":{}},{"key":"auln6","text":"    for(; *s; s++)","type":"custom-code-block-c","depth":0,"inlineStyleRanges":[],"entityRanges":[],"data":{}},{"key":"7ko1m","text":"    {","type":"custom-code-block-c","depth":0,"inlineStyleRanges":[],"entityRanges":[],"data":{}},{"key":"9cenb","text":"        slen++;","type":"custom-code-block-c","depth":0,"inlineStyleRanges":[],"entityRanges":[],"data":{}},{"key":"3mrie","text":"    }","type":"custom-code-block-c","depth":0,"inlineStyleRanges":[],"entityRanges":[],"data":{}},{"key":"fqj51","text":"    return slen;","type":"custom-code-block-c","depth":0,"inlineStyleRanges":[],"entityRanges":[],"data":{}},{"key":"blf71","text":"}","type":"custom-code-block-c","depth":0,"inlineStyleRanges":[],"entityRanges":[],"data":{}},{"key":"rihc","text":"//接收用户态发来的消息","type":"custom-code-block-c","depth":0,"inlineStyleRanges":[],"entityRanges":[],"data":{}},{"key":"4np64","text":"void nl_data_ready(struct sk_buff *__skb)","type":"custom-code-block-c","depth":0,"inlineStyleRanges":[],"entityRanges":[],"data":{}},{"key":"eg0cd","text":" {","type":"custom-code-block-c","depth":0,"inlineStyleRanges":[],"entityRanges":[],"data":{}},{"key":"bam3f","text":"     struct sk_buff *skb;","type":"custom-code-block-c","depth":0,"inlineStyleRanges":[],"entityRanges":[],"data":{}},{"key":"4decg","text":"     struct nlmsghdr *nlh;","type":"custom-code-block-c","depth":0,"inlineStyleRanges":[],"entityRanges":[],"data":{}},{"key":"hf04","text":"     char str[100];","type":"custom-code-block-c","depth":0,"inlineStyleRanges":[],"entityRanges":[],"data":{}},{"key":"a791m","text":"     struct completion cmpl;","type":"custom-code-block-c","depth":0,"inlineStyleRanges":[],"entityRanges":[],"data":{}},{"key":"29e5v","text":"     printk(\"begin data_ready\\n\");","type":"custom-code-block-c","depth":0,"inlineStyleRanges":[],"entityRanges":[],"data":{}},{"key":"3h3ec","text":"     int i=10;","type":"custom-code-block-c","depth":0,"inlineStyleRanges":[],"entityRanges":[],"data":{}},{"key":"av16k","text":"     int pid;","type":"custom-code-block-c","depth":0,"inlineStyleRanges":[],"entityRanges":[],"data":{}},{"key":"25d7c","text":"     skb = skb_get (__skb);","type":"custom-code-block-c","depth":0,"inlineStyleRanges":[],"entityRanges":[],"data":{}},{"key":"acom1","text":"     if(skb->len >= NLMSG_SPACE(0))","type":"custom-code-block-c","depth":0,"inlineStyleRanges":[],"entityRanges":[],"data":{}},{"key":"dq3of","text":"     {","type":"custom-code-block-c","depth":0,"inlineStyleRanges":[],"entityRanges":[],"data":{}},{"key":"259ep","text":"         nlh = nlmsg_hdr(skb);","type":"custom-code-block-c","depth":0,"inlineStyleRanges":[],"entityRanges":[],"data":{}},{"key":"b6val","text":"         memcpy(str, NLMSG_DATA(nlh), sizeof(str));","type":"custom-code-block-c","depth":0,"inlineStyleRanges":[],"entityRanges":[],"data":{}},{"key":"b292q","text":"         printk(\"Message received:%s\\n\",str) ;","type":"custom-code-block-c","depth":0,"inlineStyleRanges":[],"entityRanges":[],"data":{}},{"key":"7khok","text":"         pid = nlh->nlmsg_pid;","type":"custom-code-block-c","depth":0,"inlineStyleRanges":[],"entityRanges":[],"data":{}},{"key":"3qbsv","text":"         while(i--)","type":"custom-code-block-c","depth":0,"inlineStyleRanges":[],"entityRanges":[],"data":{}},{"key":"4i5nc","text":"        {//我们使用completion做延时，每3秒钟向用户态回发一个消息","type":"custom-code-block-c","depth":0,"inlineStyleRanges":[],"entityRanges":[],"data":{}},{"key":"68ni8","text":"            init_completion(&cmpl);","type":"custom-code-block-c","depth":0,"inlineStyleRanges":[],"entityRanges":[],"data":{}},{"key":"drkhn","text":"            wait_for_completion_timeout(&cmpl,3 * HZ);","type":"custom-code-block-c","depth":0,"inlineStyleRanges":[],"entityRanges":[],"data":{}},{"key":"4mv77","text":"            sendnlmsg(\"I am from kernel!\",pid);","type":"custom-code-block-c","depth":0,"inlineStyleRanges":[],"entityRanges":[],"data":{}},{"key":"aucas","text":"        }","type":"custom-code-block-c","depth":0,"inlineStyleRanges":[],"entityRanges":[],"data":{}},{"key":"ciu4s","text":"         flag = 1;","type":"custom-code-block-c","depth":0,"inlineStyleRanges":[],"entityRanges":[],"data":{}},{"key":"desgh","text":"         kfree_skb(skb);","type":"custom-code-block-c","depth":0,"inlineStyleRanges":[],"entityRanges":[],"data":{}},{"key":"1tkrv","text":"    }","type":"custom-code-block-c","depth":0,"inlineStyleRanges":[],"entityRanges":[],"data":{}},{"key":"6cv00","text":" }","type":"custom-code-block-c","depth":0,"inlineStyleRanges":[],"entityRanges":[],"data":{}},{"key":"esmsj","text":"// Initialize netlink","type":"custom-code-block-c","depth":0,"inlineStyleRanges":[],"entityRanges":[],"data":{}},{"key":"8em4r","text":"int netlink_init(void)","type":"custom-code-block-c","depth":0,"inlineStyleRanges":[],"entityRanges":[],"data":{}},{"key":"bbegu","text":"{","type":"custom-code-block-c","depth":0,"inlineStyleRanges":[],"entityRanges":[],"data":{}},{"key":"4phdi","text":"    nl_sk = netlink_kernel_create(&init_net, NETLINK_TEST, 1,","type":"custom-code-block-c","depth":0,"inlineStyleRanges":[],"entityRanges":[],"data":{}},{"key":"6k8be","text":"                                 nl_data_ready, NULL, THIS_MODULE);","type":"custom-code-block-c","depth":0,"inlineStyleRanges":[],"entityRanges":[],"data":{}},{"key":"73ohh","text":"    if(!nl_sk){","type":"custom-code-block-c","depth":0,"inlineStyleRanges":[],"entityRanges":[],"data":{}},{"key":"a8n4k","text":"        printk(KERN_ERR \"my_net_link: create netlink socket error.\\n\");","type":"custom-code-block-c","depth":0,"inlineStyleRanges":[],"entityRanges":[],"data":{}},{"key":"bi37j","text":"        return 1;","type":"custom-code-block-c","depth":0,"inlineStyleRanges":[],"entityRanges":[],"data":{}},{"key":"ehlmt","text":"    }","type":"custom-code-block-c","depth":0,"inlineStyleRanges":[],"entityRanges":[],"data":{}},{"key":"25a7b","text":"    printk(\"my_net_link_4: create netlink socket ok.\\n\");","type":"custom-code-block-c","depth":0,"inlineStyleRanges":[],"entityRanges":[],"data":{}},{"key":"dbu2l","text":"    return 0;","type":"custom-code-block-c","depth":0,"inlineStyleRanges":[],"entityRanges":[],"data":{}},{"key":"9a2e3","text":"}","type":"custom-code-block-c","depth":0,"inlineStyleRanges":[],"entityRanges":[],"data":{}},{"key":"fo8g5","text":"static void netlink_exit(void)","type":"custom-code-block-c","depth":0,"inlineStyleRanges":[],"entityRanges":[],"data":{}},{"key":"6tq07","text":"{","type":"custom-code-block-c","depth":0,"inlineStyleRanges":[],"entityRanges":[],"data":{}},{"key":"ciimb","text":"    if(nl_sk != NULL){","type":"custom-code-block-c","depth":0,"inlineStyleRanges":[],"entityRanges":[],"data":{}},{"key":"b764c","text":"        sock_release(nl_sk->sk_socket);","type":"custom-code-block-c","depth":0,"inlineStyleRanges":[],"entityRanges":[],"data":{}},{"key":"sjg6","text":"    }","type":"custom-code-block-c","depth":0,"inlineStyleRanges":[],"entityRanges":[],"data":{}},{"key":"1lrrl","text":"    printk(\"my_net_link: self module exited\\n\");","type":"custom-code-block-c","depth":0,"inlineStyleRanges":[],"entityRanges":[],"data":{}},{"key":"4lr6d","text":"}","type":"custom-code-block-c","depth":0,"inlineStyleRanges":[],"entityRanges":[],"data":{}},{"key":"9l90u","text":"module_init(netlink_init);","type":"custom-code-block-c","depth":0,"inlineStyleRanges":[],"entityRanges":[],"data":{}},{"key":"b4h1","text":"module_exit(netlink_exit);","type":"custom-code-block-c","depth":0,"inlineStyleRanges":[],"entityRanges":[],"data":{}},{"key":"7p4l1","text":"MODULE_AUTHOR(\"zhao_h\");","type":"custom-code-block-c","depth":0,"inlineStyleRanges":[],"entityRanges":[],"data":{}},{"key":"3ja9m","text":"MODULE_LICENSE(\"GPL\");","type":"custom-code-block-c","depth":0,"inlineStyleRanges":[],"entityRanges":[],"data":{}},{"key":"1du05","text":"","type":"unstyled","depth":0,"inlineStyleRanges":[],"entityRanges":[],"data":{}},{"key":"9dhpd","text":"附上内核代码的Makefile文件：","type":"unstyled","depth":0,"inlineStyleRanges":[],"entityRanges":[],"data":{}},{"key":"70tpa","text":"ifneq ($(KERNELRELEASE),)","type":"custom-code-block-c","depth":0,"inlineStyleRanges":[],"entityRanges":[],"data":{}},{"key":"8nb5m","text":"obj-m :=netl.o","type":"custom-code-block-c","depth":0,"inlineStyleRanges":[],"entityRanges":[],"data":{}},{"key":"80lge","text":"else","type":"custom-code-block-c","depth":0,"inlineStyleRanges":[],"entityRanges":[],"data":{}},{"key":"cm550","text":"KERNELDIR ?=/lib/modules/$(shell uname -r)/build","type":"custom-code-block-c","depth":0,"inlineStyleRanges":[],"entityRanges":[],"data":{}},{"key":"aep3m","text":"PWD :=$(shell pwd)","type":"custom-code-block-c","depth":0,"inlineStyleRanges":[],"entityRanges":[],"data":{}},{"key":"ge69","text":"default:","type":"custom-code-block-c","depth":0,"inlineStyleRanges":[],"entityRanges":[],"data":{}},{"key":"14l2g","text":"$(MAKE) -C $(KERNELDIR) M=$(PWD) modules","type":"custom-code-block-c","depth":0,"inlineStyleRanges":[],"entityRanges":[],"data":{}},{"key":"ekku9","text":"endif","type":"custom-code-block-c","depth":0,"inlineStyleRanges":[],"entityRanges":[],"data":{}},{"key":"4c29t","text":"","type":"unstyled","depth":0,"inlineStyleRanges":[],"entityRanges":[],"data":{}},{"key":"1l459","text":"我们将内核模块insmod后，运行用户态程序，结果如下：","type":"unstyled","depth":0,"inlineStyleRanges":[],"entityRanges":[],"data":{}},{"key":"5g6jb","text":"","type":"unstyled","depth":0,"inlineStyleRanges":[],"entityRanges":[],"data":{}},{"key":"e38cr","text":" ","type":"atomic","depth":0,"inlineStyleRanges":[],"entityRanges":[{"offset":0,"length":1,"key":2}],"data":{}},{"key":"43j1u","text":"","type":"unstyled","depth":0,"inlineStyleRanges":[],"entityRanges":[],"data":{}},{"key":"62fp1","text":"这个结果复合我们的预期，但是运行过程中打印出“state_smg”卡了好久才输出了后面的结果。这时候查看客户进程是处于D","type":"unstyled","depth":0,"inlineStyleRanges":[],"entityRanges":[],"data":{}},{"key":"5p9n2","text":"","type":"unstyled","depth":0,"inlineStyleRanges":[],"entityRanges":[],"data":{}},{"key":"37nag","text":"状态的（不了解D状态的同学可以google一下）。这是为什么呢？因为进程使用Netlink向内核发数据是同步，内核向进程发数","type":"unstyled","depth":0,"inlineStyleRanges":[],"entityRanges":[],"data":{}},{"key":"9fjf1","text":"","type":"unstyled","depth":0,"inlineStyleRanges":[],"entityRanges":[],"data":{}},{"key":"6nkfo","text":"据是异步。什么意思呢？也就是用户进程调用sendmsg发送消息后，内核会调用相应的接收函数，但是一定到这个接收函数执行","type":"unstyled","depth":0,"inlineStyleRanges":[],"entityRanges":[],"data":{}},{"key":"7b8ct","text":"","type":"unstyled","depth":0,"inlineStyleRanges":[],"entityRanges":[],"data":{}},{"key":"ccq8n","text":"完用户态的sendmsg才能够返回。我们在内核态的接收函数中调用了10次回发函数，每次都等待3秒钟，所以内核接收函数30秒","type":"unstyled","depth":0,"inlineStyleRanges":[],"entityRanges":[],"data":{}},{"key":"1ca23","text":"","type":"unstyled","depth":0,"inlineStyleRanges":[],"entityRanges":[],"data":{}},{"key":"3uctl","text":"后才返回，所以我们用户态程序的sendmsg也要等30秒后才返回。相反，内核回发的数据不用等待用户程序接收，这是因为内核","type":"unstyled","depth":0,"inlineStyleRanges":[],"entityRanges":[],"data":{}},{"key":"9925t","text":"","type":"unstyled","depth":0,"inlineStyleRanges":[],"entityRanges":[],"data":{}},{"key":"u8c8","text":"所发的数据会暂时存放在一个队列中。","type":"unstyled","depth":0,"inlineStyleRanges":[],"entityRanges":[],"data":{}},{"key":"ekj4d","text":"","type":"unstyled","depth":0,"inlineStyleRanges":[],"entityRanges":[],"data":{}},{"key":"efmt6","text":"再来回到之前的一个问题，用户态程序的源地址（pid）可以用0吗？我把上面的用户程序的A和C处pid都改为了0，结果一运行","type":"unstyled","depth":0,"inlineStyleRanges":[],"entityRanges":[],"data":{}},{"key":"b0s1v","text":"","type":"unstyled","depth":0,"inlineStyleRanges":[],"entityRanges":[],"data":{}},{"key":"d3gmp","text":"就死机了。为什么呢？我们看一下内核代码的逻辑，收到用户消息后，根据消息中的pid发送回去，而pid为0，内核并不认为这","type":"unstyled","depth":0,"inlineStyleRanges":[],"entityRanges":[],"data":{}},{"key":"ffn48","text":"","type":"unstyled","depth":0,"inlineStyleRanges":[],"entityRanges":[],"data":{}},{"key":"5nhdf","text":"是用户程序，认为是自身，所有又将回发的10个消息发给了自己（内核），这样就陷入了一个死循环，而用户态这时候进程一直","type":"unstyled","depth":0,"inlineStyleRanges":[],"entityRanges":[],"data":{}},{"key":"d4t95","text":"","type":"unstyled","depth":0,"inlineStyleRanges":[],"entityRanges":[],"data":{}},{"key":"dtine","text":"处于D。","type":"unstyled","depth":0,"inlineStyleRanges":[],"entityRanges":[],"data":{}},{"key":"2vs5e","text":"","type":"unstyled","depth":0,"inlineStyleRanges":[],"entityRanges":[],"data":{}},{"key":"7k1il","text":"另外一个问题，如果同时启动两个用户进程会是什么情况？答案是再调用bind时出错：“Address already in use”，这个同","type":"unstyled","depth":0,"inlineStyleRanges":[],"entityRanges":[],"data":{}},{"key":"1nuru","text":"","type":"unstyled","depth":0,"inlineStyleRanges":[],"entityRanges":[],"data":{}},{"key":"aqu6","text":"UDP一样，同一个地址同一个port如果没有设置SO_REUSEADDR两次bind就会出错，之后我用同样的方式再Netlink的socket","type":"unstyled","depth":0,"inlineStyleRanges":[],"entityRanges":[],"data":{}},{"key":"23l73","text":"","type":"unstyled","depth":0,"inlineStyleRanges":[],"entityRanges":[],"data":{}},{"key":"62ran","text":"上设置了SO_REUSEADDR，但是并没有什么效果。","type":"unstyled","depth":0,"inlineStyleRanges":[],"entityRanges":[],"data":{}},{"key":"27bab","text":"","type":"unstyled","depth":0,"inlineStyleRanges":[],"entityRanges":[],"data":{}},{"key":"bkvgt","text":"七：用户态范例二","type":"header-two","depth":0,"inlineStyleRanges":[],"entityRanges":[],"data":{}},{"key":"5dv8v","text":"","type":"unstyled","depth":0,"inlineStyleRanges":[],"entityRanges":[],"data":{}},{"key":"cbaa0","text":"之前我们说过UDP可以使用sendmsg／recvmsg也可以使用sendto／recvfrom，那么Netlink同样也可以使用sendto／","type":"unstyled","depth":0,"inlineStyleRanges":[],"entityRanges":[],"data":{}},{"key":"3obdk","text":"","type":"unstyled","depth":0,"inlineStyleRanges":[],"entityRanges":[],"data":{}},{"key":"9psr8","text":"recvfrom。具体实现如下：","type":"unstyled","depth":0,"inlineStyleRanges":[],"entityRanges":[],"data":{}},{"key":"a00o6","text":"#include <sys/stat.h>","type":"custom-code-block-c","depth":0,"inlineStyleRanges":[],"entityRanges":[],"data":{}},{"key":"3n572","text":"#include <unistd.h>","type":"custom-code-block-c","depth":0,"inlineStyleRanges":[],"entityRanges":[],"data":{}},{"key":"amcfq","text":"#include <stdio.h>","type":"custom-code-block-c","depth":0,"inlineStyleRanges":[],"entityRanges":[],"data":{}},{"key":"bic75","text":"#include <stdlib.h>","type":"custom-code-block-c","depth":0,"inlineStyleRanges":[],"entityRanges":[],"data":{}},{"key":"7kdgl","text":"#include <sys/socket.h>","type":"custom-code-block-c","depth":0,"inlineStyleRanges":[],"entityRanges":[],"data":{}},{"key":"d3ogm","text":"#include <sys/types.h>","type":"custom-code-block-c","depth":0,"inlineStyleRanges":[],"entityRanges":[],"data":{}},{"key":"bire","text":"#include <string.h>","type":"custom-code-block-c","depth":0,"inlineStyleRanges":[],"entityRanges":[],"data":{}},{"key":"ef442","text":"#include <asm/types.h>","type":"custom-code-block-c","depth":0,"inlineStyleRanges":[],"entityRanges":[],"data":{}},{"key":"f7m4k","text":"#include <linux/netlink.h>","type":"custom-code-block-c","depth":0,"inlineStyleRanges":[],"entityRanges":[],"data":{}},{"key":"3c886","text":"#include <linux/socket.h>","type":"custom-code-block-c","depth":0,"inlineStyleRanges":[],"entityRanges":[],"data":{}},{"key":"fbprb","text":"#include <errno.h>","type":"custom-code-block-c","depth":0,"inlineStyleRanges":[],"entityRanges":[],"data":{}},{"key":"6av14","text":"#define MAX_PAYLOAD 1024 // maximum payload size","type":"custom-code-block-c","depth":0,"inlineStyleRanges":[],"entityRanges":[],"data":{}},{"key":"1jk0t","text":"#define NETLINK_TEST 25","type":"custom-code-block-c","depth":0,"inlineStyleRanges":[],"entityRanges":[],"data":{}},{"key":"2k527","text":"int main(int argc, char* argv[])","type":"custom-code-block-c","depth":0,"inlineStyleRanges":[],"entityRanges":[],"data":{}},{"key":"e7a82","text":"{","type":"custom-code-block-c","depth":0,"inlineStyleRanges":[],"entityRanges":[],"data":{}},{"key":"6l8jd","text":"    struct sockaddr_nl src_addr, dest_addr;","type":"custom-code-block-c","depth":0,"inlineStyleRanges":[],"entityRanges":[],"data":{}},{"key":"fee8f","text":"    struct nlmsghdr *nlh = NULL;","type":"custom-code-block-c","depth":0,"inlineStyleRanges":[],"entityRanges":[],"data":{}},{"key":"47i08","text":"    int sock_fd, retval;","type":"custom-code-block-c","depth":0,"inlineStyleRanges":[],"entityRanges":[],"data":{}},{"key":"7fgi8","text":"    int state,state_smg = 0;","type":"custom-code-block-c","depth":0,"inlineStyleRanges":[],"entityRanges":[],"data":{}},{"key":"4t7m3","text":"    // Create a socket","type":"custom-code-block-c","depth":0,"inlineStyleRanges":[],"entityRanges":[],"data":{}},{"key":"6c289","text":"    sock_fd = socket(AF_NETLINK, SOCK_RAW, NETLINK_TEST);","type":"custom-code-block-c","depth":0,"inlineStyleRanges":[],"entityRanges":[],"data":{}},{"key":"fl5pt","text":"    if(sock_fd == -1){","type":"custom-code-block-c","depth":0,"inlineStyleRanges":[],"entityRanges":[],"data":{}},{"key":"f0p8g","text":"        printf(\"error getting socket: %s\", strerror(errno));","type":"custom-code-block-c","depth":0,"inlineStyleRanges":[],"entityRanges":[],"data":{}},{"key":"8pqdt","text":"        return -1;","type":"custom-code-block-c","depth":0,"inlineStyleRanges":[],"entityRanges":[],"data":{}},{"key":"89dug","text":"    }","type":"custom-code-block-c","depth":0,"inlineStyleRanges":[],"entityRanges":[],"data":{}},{"key":"2gphp","text":"    // To prepare binding","type":"custom-code-block-c","depth":0,"inlineStyleRanges":[],"entityRanges":[],"data":{}},{"key":"7fnd4","text":"    memset(&src_addr, 0, sizeof(src_addr));","type":"custom-code-block-c","depth":0,"inlineStyleRanges":[],"entityRanges":[],"data":{}},{"key":"79ng2","text":"    src_addr.nl_family = AF_NETLINK;","type":"custom-code-block-c","depth":0,"inlineStyleRanges":[],"entityRanges":[],"data":{}},{"key":"4uf16","text":"    src_addr.nl_pid = 100;","type":"custom-code-block-c","depth":0,"inlineStyleRanges":[],"entityRanges":[],"data":{}},{"key":"cdskp","text":"    src_addr.nl_groups = 0;","type":"custom-code-block-c","depth":0,"inlineStyleRanges":[],"entityRanges":[],"data":{}},{"key":"dk4g0","text":"    //Bind","type":"custom-code-block-c","depth":0,"inlineStyleRanges":[],"entityRanges":[],"data":{}},{"key":"6q5qc","text":"    retval = bind(sock_fd, (struct sockaddr*)&src_addr, sizeof(src_addr));","type":"custom-code-block-c","depth":0,"inlineStyleRanges":[],"entityRanges":[],"data":{}},{"key":"96gra","text":"    if(retval < 0){","type":"custom-code-block-c","depth":0,"inlineStyleRanges":[],"entityRanges":[],"data":{}},{"key":"csedl","text":"        printf(\"bind failed: %s\", strerror(errno));","type":"custom-code-block-c","depth":0,"inlineStyleRanges":[],"entityRanges":[],"data":{}},{"key":"45brf","text":"        close(sock_fd);","type":"custom-code-block-c","depth":0,"inlineStyleRanges":[],"entityRanges":[],"data":{}},{"key":"8l195","text":"        return -1;","type":"custom-code-block-c","depth":0,"inlineStyleRanges":[],"entityRanges":[],"data":{}},{"key":"3cb8h","text":"    }","type":"custom-code-block-c","depth":0,"inlineStyleRanges":[],"entityRanges":[],"data":{}},{"key":"5kqgv","text":"    // To orepare create mssage head","type":"custom-code-block-c","depth":0,"inlineStyleRanges":[],"entityRanges":[],"data":{}},{"key":"e9hfb","text":"    nlh = (struct nlmsghdr *)malloc(NLMSG_SPACE(MAX_PAYLOAD));","type":"custom-code-block-c","depth":0,"inlineStyleRanges":[],"entityRanges":[],"data":{}},{"key":"7sa0i","text":"    if(!nlh){","type":"custom-code-block-c","depth":0,"inlineStyleRanges":[],"entityRanges":[],"data":{}},{"key":"2747q","text":"        printf(\"malloc nlmsghdr error!\\n\");","type":"custom-code-block-c","depth":0,"inlineStyleRanges":[],"entityRanges":[],"data":{}},{"key":"5sjf7","text":"        close(sock_fd);","type":"custom-code-block-c","depth":0,"inlineStyleRanges":[],"entityRanges":[],"data":{}},{"key":"70r7v","text":"        return -1;","type":"custom-code-block-c","depth":0,"inlineStyleRanges":[],"entityRanges":[],"data":{}},{"key":"f2apu","text":"    }","type":"custom-code-block-c","depth":0,"inlineStyleRanges":[],"entityRanges":[],"data":{}},{"key":"8jj3f","text":"    memset(&dest_addr,0,sizeof(dest_addr));","type":"custom-code-block-c","depth":0,"inlineStyleRanges":[],"entityRanges":[],"data":{}},{"key":"fb9u8","text":"    dest_addr.nl_family = AF_NETLINK;","type":"custom-code-block-c","depth":0,"inlineStyleRanges":[],"entityRanges":[],"data":{}},{"key":"1s5di","text":"    dest_addr.nl_pid = 0;","type":"custom-code-block-c","depth":0,"inlineStyleRanges":[],"entityRanges":[],"data":{}},{"key":"6dcc9","text":"    dest_addr.nl_groups = 0;","type":"custom-code-block-c","depth":0,"inlineStyleRanges":[],"entityRanges":[],"data":{}},{"key":"3c8lf","text":"    nlh->nlmsg_len = NLMSG_SPACE(MAX_PAYLOAD);","type":"custom-code-block-c","depth":0,"inlineStyleRanges":[],"entityRanges":[],"data":{}},{"key":"b0mhv","text":"    nlh->nlmsg_pid = 100;","type":"custom-code-block-c","depth":0,"inlineStyleRanges":[],"entityRanges":[],"data":{}},{"key":"13g22","text":"    nlh->nlmsg_flags = 0;","type":"custom-code-block-c","depth":0,"inlineStyleRanges":[],"entityRanges":[],"data":{}},{"key":"550su","text":"    strcpy(NLMSG_DATA(nlh),\"Hello you!\");","type":"custom-code-block-c","depth":0,"inlineStyleRanges":[],"entityRanges":[],"data":{}},{"key":"5k00e","text":"    //send message","type":"custom-code-block-c","depth":0,"inlineStyleRanges":[],"entityRanges":[],"data":{}},{"key":"1m3fc","text":"    printf(\"state_smg\\n\");","type":"custom-code-block-c","depth":0,"inlineStyleRanges":[],"entityRanges":[],"data":{}},{"key":"6tkqj","text":"    sendto(sock_fd,nlh,NLMSG_LENGTH(MAX_PAYLOAD),0,(struct sockaddr*)(&dest_addr),sizeof(dest_addr));","type":"custom-code-block-c","depth":0,"inlineStyleRanges":[],"entityRanges":[],"data":{}},{"key":"ad7rk","text":"    if(state_smg == -1)","type":"custom-code-block-c","depth":0,"inlineStyleRanges":[],"entityRanges":[],"data":{}},{"key":"6ros5","text":"    {","type":"custom-code-block-c","depth":0,"inlineStyleRanges":[],"entityRanges":[],"data":{}},{"key":"acp86","text":"        printf(\"get error sendmsg = %s\\n\",strerror(errno));","type":"custom-code-block-c","depth":0,"inlineStyleRanges":[],"entityRanges":[],"data":{}},{"key":"e1c1q","text":"    }","type":"custom-code-block-c","depth":0,"inlineStyleRanges":[],"entityRanges":[],"data":{}},{"key":"2k1rg","text":"    memset(nlh,0,NLMSG_SPACE(MAX_PAYLOAD));","type":"custom-code-block-c","depth":0,"inlineStyleRanges":[],"entityRanges":[],"data":{}},{"key":"abfif","text":"    //receive message","type":"custom-code-block-c","depth":0,"inlineStyleRanges":[],"entityRanges":[],"data":{}},{"key":"b5ti8","text":"    printf(\"waiting received!\\n\");","type":"custom-code-block-c","depth":0,"inlineStyleRanges":[],"entityRanges":[],"data":{}},{"key":"ca5p0","text":"while(1){","type":"custom-code-block-c","depth":0,"inlineStyleRanges":[],"entityRanges":[],"data":{}},{"key":"8l964","text":"        printf(\"In while recvmsg\\n\");","type":"custom-code-block-c","depth":0,"inlineStyleRanges":[],"entityRanges":[],"data":{}},{"key":"apj8c","text":"state=recvfrom(sock_fd,nlh,NLMSG_LENGTH(MAX_PAYLOAD),0,NULL,NULL);","type":"custom-code-block-c","depth":0,"inlineStyleRanges":[],"entityRanges":[],"data":{}},{"key":"754pk","text":"        if(state<0)","type":"custom-code-block-c","depth":0,"inlineStyleRanges":[],"entityRanges":[],"data":{}},{"key":"98qkq","text":"        {","type":"custom-code-block-c","depth":0,"inlineStyleRanges":[],"entityRanges":[],"data":{}},{"key":"nk42","text":"            printf(\"state<1\");","type":"custom-code-block-c","depth":0,"inlineStyleRanges":[],"entityRanges":[],"data":{}},{"key":"9qapl","text":"        }","type":"custom-code-block-c","depth":0,"inlineStyleRanges":[],"entityRanges":[],"data":{}},{"key":"2525q","text":"        printf(\"Received message: %s\\n\",(char *) NLMSG_DATA(nlh));","type":"custom-code-block-c","depth":0,"inlineStyleRanges":[],"entityRanges":[],"data":{}},{"key":"3hlp","text":"        memset(nlh,0,NLMSG_SPACE(MAX_PAYLOAD));","type":"custom-code-block-c","depth":0,"inlineStyleRanges":[],"entityRanges":[],"data":{}},{"key":"448dn","text":"    }","type":"custom-code-block-c","depth":0,"inlineStyleRanges":[],"entityRanges":[],"data":{}},{"key":"2vm8h","text":"    close(sock_fd);","type":"custom-code-block-c","depth":0,"inlineStyleRanges":[],"entityRanges":[],"data":{}},{"key":"2a58o","text":"    return 0;","type":"custom-code-block-c","depth":0,"inlineStyleRanges":[],"entityRanges":[],"data":{}},{"key":"cj6nk","text":"}","type":"custom-code-block-c","depth":0,"inlineStyleRanges":[],"entityRanges":[],"data":{}},{"key":"6g6fj","text":"熟悉UDP编程的同学看到这个程序一定很熟悉，除了多了一个Netlink消息头的设置。但是我们发现程序中调用了bind函数，这","type":"unstyled","depth":0,"inlineStyleRanges":[],"entityRanges":[],"data":{}},{"key":"6qrdn","text":"","type":"unstyled","depth":0,"inlineStyleRanges":[],"entityRanges":[],"data":{}},{"key":"9gq0","text":"个函数再UDP编程中的客户端不是必须的，因为我们不需要把UDP socket与某个地址关联，同时再发送UDP数据包时内核会为","type":"unstyled","depth":0,"inlineStyleRanges":[],"entityRanges":[],"data":{}},{"key":"1j48l","text":"","type":"unstyled","depth":0,"inlineStyleRanges":[],"entityRanges":[],"data":{}},{"key":"fcvct","text":"我们分配一个随即的端口。但是对于Netlink必须要有这一步bind，因为Netlink内核可不会为我们分配一个pid。再强调一遍消","type":"unstyled","depth":0,"inlineStyleRanges":[],"entityRanges":[],"data":{}},{"key":"118vj","text":"","type":"unstyled","depth":0,"inlineStyleRanges":[],"entityRanges":[],"data":{}},{"key":"2otom","text":"息头（nlmsghdr）中的pid是告诉内核接收端要回复的地址，但是这个地址存不存在内核并不关心，这个地址只有用户端调用了","type":"unstyled","depth":0,"inlineStyleRanges":[],"entityRanges":[],"data":{}},{"key":"23e7k","text":"","type":"unstyled","depth":0,"inlineStyleRanges":[],"entityRanges":[],"data":{}},{"key":"5m9f5","text":"bind后才存在。","type":"unstyled","depth":0,"inlineStyleRanges":[],"entityRanges":[],"data":{}},{"key":"68fk8","text":"","type":"unstyled","depth":0,"inlineStyleRanges":[],"entityRanges":[],"data":{}},{"key":"as2au","text":"我们看到这两个例子都是用户态首先发起的，那Netlink是否支持内核态主动发起的情况呢？","type":"unstyled","depth":0,"inlineStyleRanges":[],"entityRanges":[],"data":{}},{"key":"498hl","text":"","type":"unstyled","depth":0,"inlineStyleRanges":[],"entityRanges":[],"data":{}},{"key":"cbo5s","text":"当然是可以的，只是内核一般需要事件触发，这里，只要和用户态约定号一个地址（pid），内核直接调用netlink_unicast就可以了。","type":"unstyled","depth":0,"inlineStyleRanges":[],"entityRanges":[],"data":{}},{"key":"e6cmq","text":"","type":"unstyled","depth":0,"inlineStyleRanges":[],"entityRanges":[],"data":{}},{"key":"47hh6","text":"","type":"unstyled","depth":0,"inlineStyleRanges":[],"entityRanges":[],"data":{}},{"key":"6atus","text":"","type":"unstyled","depth":0,"inlineStyleRanges":[],"entityRanges":[],"data":{}},{"key":"73lee","text":"","type":"unstyled","depth":0,"inlineStyleRanges":[],"entityRanges":[],"data":{}},{"key":"d5r9o","text":"","type":"unstyled","depth":0,"inlineStyleRanges":[],"entityRanges":[],"data":{}},{"key":"dj0oc","text":"","type":"unstyled","depth":0,"inlineStyleRanges":[],"entityRanges":[],"data":{}},{"key":"1sa42","text":"","type":"unstyled","depth":0,"inlineStyleRanges":[],"entityRanges":[],"data":{}},{"key":"2inos","text":"","type":"unstyled","depth":0,"inlineStyleRanges":[],"entityRanges":[],"data":{}},{"key":"7v60e","text":"","type":"unstyled","depth":0,"inlineStyleRanges":[],"entityRanges":[],"data":{}},{"key":"f0tea","text":"","type":"unstyled","depth":0,"inlineStyleRanges":[],"entityRanges":[],"data":{}},{"key":"4d9o6","text":"","type":"unstyled","depth":0,"inlineStyleRanges":[],"entityRanges":[],"data":{}},{"key":"qaf","text":"","type":"unstyled","depth":0,"inlineStyleRanges":[],"entityRanges":[],"data":{}},{"key":"b7216","text":"","type":"unstyled","depth":0,"inlineStyleRanges":[],"entityRanges":[],"data":{}},{"key":"77hcf","text":"","type":"unstyled","depth":0,"inlineStyleRanges":[],"entityRanges":[],"data":{}},{"key":"eba5v","text":"","type":"unstyled","depth":0,"inlineStyleRanges":[],"entityRanges":[],"data":{}},{"key":"cc9e4","text":"","type":"unstyled","depth":0,"inlineStyleRanges":[],"entityRanges":[],"data":{}},{"key":"d7fee","text":"","type":"unstyled","depth":0,"inlineStyleRanges":[],"entityRanges":[],"data":{}},{"key":"8bit5","text":"","type":"unstyled","depth":0,"inlineStyleRanges":[],"entityRanges":[],"data":{}},{"key":"4u614","text":"","type":"unstyled","depth":0,"inlineStyleRanges":[],"entityRanges":[],"data":{}}],"entityMap":{"0":{"type":"image","mutability":"IMMUTABLE","data":{"src":"https://img-blog.csdn.net/20180706165029784?watermark/2/text/aHR0cHM6Ly9ibG9nLmNzZG4ubmV0L3poYW9faA==/font/5a6L5L2T/fontsize/400/fill/I0JBQkFCMA==/dissolve/70","width":51,"alignment":"default"}},"1":{"type":"image","mutability":"IMMUTABLE","data":{"src":"https://img-blog.csdn.net/20180706165243912?watermark/2/text/aHR0cHM6Ly9ibG9nLmNzZG4ubmV0L3poYW9faA==/font/5a6L5L2T/fontsize/400/fill/I0JBQkFCMA==/dissolve/70","width":62}},"2":{"type":"image","mutability":"IMMUTABLE","data":{"src":"https://img-blog.csdn.net/20180706171424537?watermark/2/text/aHR0cHM6Ly9ibG9nLmNzZG4ubmV0L3poYW9faA==/font/5a6L5L2T/fontsize/400/fill/I0JBQkFCMA==/dissolve/70","width":30}}}},"tags":[]}
