{"_id":"r1Oq00IPv","title":"针对console限制用户","dateCreated":1602838160412,"lastAccessed":"2020-10-16T08:49:20.414Z","lastUpdated":"2021-02-21T02:16:28.258Z","notebookId":"S1L90CLvP","body":{"blocks":[{"key":"ag6qs","text":"针对console限制用户","type":"header-one","depth":0,"inlineStyleRanges":[],"entityRanges":[],"data":{}},{"key":"962fu","text":"","type":"divider","depth":0,"inlineStyleRanges":[],"entityRanges":[],"data":{}},{"key":"5motf","text":"","type":"unstyled","depth":0,"inlineStyleRanges":[],"entityRanges":[],"data":{}},{"key":"3kqfd","text":"串口登陆的用户名 为  设备的passwd记录的用户名相同,针对设备的登陆用户进行限制.","type":"unstyled","depth":0,"inlineStyleRanges":[],"entityRanges":[],"data":{}},{"key":"94heh","text":"","type":"unstyled","depth":0,"inlineStyleRanges":[],"entityRanges":[],"data":{}},{"key":"6k632","text":"操作系统的登陆配置文件","type":"unstyled","depth":0,"inlineStyleRanges":[],"entityRanges":[],"data":{}},{"key":"6t0cm","text":"vim /etc/pam.d/login","type":"custom-code-block-c","depth":0,"inlineStyleRanges":[],"entityRanges":[],"data":{}},{"key":"59kd9","text":"添加限制用户访问终端","type":"unstyled","depth":0,"inlineStyleRanges":[{"offset":2,"length":8,"style":"INLINECODE"}],"entityRanges":[],"data":{}},{"key":"94mvb","text":"account  required   pam_access.so","type":"custom-code-block-c","depth":0,"inlineStyleRanges":[],"entityRanges":[],"data":{}},{"key":"ac6bh","text":"在/etc/security/access.conf的中对cotx用户进行限制","type":"unstyled","depth":0,"inlineStyleRanges":[],"entityRanges":[],"data":{}},{"key":"9eau8","text":"- : cotx : ttyS0","type":"custom-code-block-c","depth":0,"inlineStyleRanges":[],"entityRanges":[],"data":{}},{"key":"9vtkn","text":"- : cotx : tty0","type":"custom-code-block-c","depth":0,"inlineStyleRanges":[],"entityRanges":[],"data":{}},{"key":"dp0qd","text":"","type":"unstyled","depth":0,"inlineStyleRanges":[],"entityRanges":[],"data":{}},{"key":"6lopf","text":"","type":"unstyled","depth":0,"inlineStyleRanges":[],"entityRanges":[],"data":{}},{"key":"8kaha","text":"修改ifconfig显示的网卡的名称","type":"header-three","depth":0,"inlineStyleRanges":[{"offset":0,"length":18,"style":"BOLD"},{"offset":2,"length":8,"style":"INLINECODE"}],"entityRanges":[],"data":{}},{"key":"a9e8j","text":"","type":"divider","depth":0,"inlineStyleRanges":[],"entityRanges":[],"data":{}},{"key":"dctv7","text":"修改/etc/default/grub文件","type":"unstyled","depth":0,"inlineStyleRanges":[{"offset":0,"length":2,"style":"BOLD"},{"offset":19,"length":2,"style":"BOLD"},{"offset":2,"length":17,"style":"INLINECODE"}],"entityRanges":[],"data":{}},{"key":"c3bl","text":"设置 GRUB_CMDLINE_LINUX=\"net.ifnames=0 biosdevname=0 console=tty0\"","type":"custom-code-block-c","depth":0,"inlineStyleRanges":[{"offset":0,"length":3,"style":"BOLD"}],"entityRanges":[],"data":{}},{"key":"1o2ih","text":"网口名称会从eth0开始，","type":"unstyled","depth":0,"inlineStyleRanges":[],"entityRanges":[],"data":{}}],"entityMap":{}},"tags":[]}
