{"_id":"Skxx20sg_","title":"__BUILTIN_TYPES_COMPATIBLE_P函数","dateCreated":1612602344093,"lastAccessed":"2021-02-06T09:05:44.095Z","lastUpdated":"2021-02-06T09:06:44.927Z","notebookId":"S1L90CLvP","body":{"blocks":[{"key":"ag6qs","text":"__BUILTIN_TYPES_COMPATIBLE_P函数","type":"header-one","depth":0,"inlineStyleRanges":[],"entityRanges":[],"data":{}},{"key":"6l2pd","text":"","type":"divider","depth":0,"inlineStyleRanges":[],"entityRanges":[],"data":{}},{"key":"40dtn","text":"__BUILTIN_TYPES_COMPATIBLE_P","type":"unstyled","depth":0,"inlineStyleRanges":[],"entityRanges":[],"data":{}},{"key":"2fp3u","text":"","type":"unstyled","depth":0,"inlineStyleRanges":[],"entityRanges":[],"data":{}},{"key":"7vrn2","text":"名字：","type":"unstyled","depth":0,"inlineStyleRanges":[],"entityRanges":[],"data":{}},{"key":"3lsb6","text":"__builtin_types_compatible_p GNU扩展，用来判断两个类型是否相同","type":"unstyled","depth":0,"inlineStyleRanges":[],"entityRanges":[],"data":{}},{"key":"cog9h","text":"","type":"unstyled","depth":0,"inlineStyleRanges":[],"entityRanges":[],"data":{}},{"key":"c30p3","text":"原型","type":"unstyled","depth":0,"inlineStyleRanges":[],"entityRanges":[],"data":{}},{"key":"6q69n","text":"int __builtin_types_compatible_p(type_a, type_b);","type":"custom-code-block-c","depth":0,"inlineStyleRanges":[],"entityRanges":[],"data":{}},{"key":"59kd9","text":"描述：","type":"unstyled","depth":0,"inlineStyleRanges":[],"entityRanges":[],"data":{}},{"key":"20qof","text":"此函数为GNU扩展，用来判断两个类型是否相同，如果type_a与 type_b相同的话，就会返回1，否则的话，返回0。","type":"unstyled","depth":0,"inlineStyleRanges":[],"entityRanges":[],"data":{}},{"key":"e4b2j","text":"","type":"unstyled","depth":0,"inlineStyleRanges":[],"entityRanges":[],"data":{}},{"key":"9e5pr","text":"请注意一下情景：","type":"unstyled","depth":0,"inlineStyleRanges":[],"entityRanges":[],"data":{}},{"key":"2jcng","text":"两个类型的sizeof值跟它的类型判断是相互不影响的，例如：在i386架构下，sizeof(char *) 和 sizeof(int) 的值是相同的，但是他们的类型却是不相同的。","type":"ordered-list-item","depth":0,"inlineStyleRanges":[],"entityRanges":[],"data":{}},{"key":"6d1pi","text":"限定符会被忽略，例如const long和long他们的类型是相同的。","type":"ordered-list-item","depth":0,"inlineStyleRanges":[],"entityRanges":[],"data":{}},{"key":"d5oq0","text":"相同的类型不同的指针级数是不相同的例如：double*和double**是不相同的。","type":"ordered-list-item","depth":0,"inlineStyleRanges":[],"entityRanges":[],"data":{}},{"key":"6qa85","text":"连个用typedef定义的类型，当且进档他们定义的类型是相同的时候，=它们是相同的。","type":"ordered-list-item","depth":0,"inlineStyleRanges":[],"entityRanges":[],"data":{}},{"key":"2qm3l","text":"enum类型是一种特殊的情况，两个enum类型是不相同的。","type":"ordered-list-item","depth":0,"inlineStyleRanges":[],"entityRanges":[],"data":{}}],"entityMap":{}},"tags":[]}
