{"_id":"HJ4jjXz_O","title":"onvif协议","dateCreated":1620355996420,"lastAccessed":"2021-05-07T02:53:16.422Z","lastUpdated":"2021-05-07T02:55:08.421Z","notebookId":"SyQsomGud","body":{"blocks":[{"key":"ag6qs","text":"onvif协议","type":"header-one","depth":0,"inlineStyleRanges":[],"entityRanges":[],"data":{}},{"key":"7v2k0","text":"","type":"divider","depth":0,"inlineStyleRanges":[],"entityRanges":[],"data":{}},{"key":"bknh0","text":"","type":"unstyled","depth":0,"inlineStyleRanges":[],"entityRanges":[],"data":{}},{"key":"6mslv","text":"Web 服务","type":"unstyled","depth":0,"inlineStyleRanges":[],"entityRanges":[],"data":{}},{"key":"29n8o","text":"XML被用作数据描述的语法，SOAP用于消息传递，WSDL用来描述服务","type":"custom-code-block-c","depth":0,"inlineStyleRanges":[],"entityRanges":[],"data":{}},{"key":"59kd9","text":"","type":"unstyled","depth":0,"inlineStyleRanges":[],"entityRanges":[],"data":{}}],"entityMap":{}},"tags":[]}
