{"_id":"B1A4pYe1P","title":"IP分片浅析","dateCreated":1594035510222,"lastAccessed":"2020-07-06T11:38:30.224Z","lastUpdated":"2020-07-06T11:47:06.975Z","notebookId":"SJ2NTtx1D","body":{"blocks":[{"key":"ag6qs","text":"IP分片浅析","type":"header-one","depth":0,"inlineStyleRanges":[],"entityRanges":[],"data":{}},{"key":"b41cm","text":"","type":"unstyled","depth":0,"inlineStyleRanges":[],"entityRanges":[],"data":{}},{"key":"ch534","text":"在TCP/IP分层中，数据链路层用MTU（Maximum Transmission Unit，最大传输单元）来限制所能传输的数据包大小，MTU是指一次传送的数据最大长度，不包括数据链路层数据帧的帧头，如以太网的MTU为1500字节，实际上数据帧的最大长度为1512字节，其中以太网数据帧的帧头为12字节。","type":"unstyled","depth":0,"inlineStyleRanges":[],"entityRanges":[],"data":{}},{"key":"d6fhh","text":"","type":"unstyled","depth":0,"inlineStyleRanges":[],"entityRanges":[],"data":{}},{"key":"f9for","text":"当发送的IP数据报的大小超过了MTU时，IP层就需要对数据进行分片，否则数据将无法发送成功。","type":"unstyled","depth":0,"inlineStyleRanges":[],"entityRanges":[],"data":{}},{"key":"5oi1r","text":"","type":"unstyled","depth":0,"inlineStyleRanges":[],"entityRanges":[],"data":{}},{"key":"7gnlk","text":"IP分片的实现","type":"header-two","depth":0,"inlineStyleRanges":[{"offset":0,"length":7,"style":"BOLD"}],"entityRanges":[],"data":{}},{"key":"2ftk4","text":"","type":"unstyled","depth":0,"inlineStyleRanges":[],"entityRanges":[],"data":{}},{"key":"8oqfp","text":"IP分片发生在IP层，不仅源端主机会进行分片，中间的路由器也有可能分片，因为不同的网络的MTU是不一样的，如果传输路径上的某个网络的MTU比源端网络的MTU要小，路由器就可能对IP数据报再次进行分片。而分片数据的重组只会发生在目的端的IP层。","type":"unstyled","depth":0,"inlineStyleRanges":[],"entityRanges":[],"data":{}},{"key":"7bjj8","text":"","type":"unstyled","depth":0,"inlineStyleRanges":[],"entityRanges":[],"data":{}},{"key":"7v7n8","text":"在IP首部有4个字节是用于分片的，如下图所示。前16位是IP数据报的标识，同一个数据报的各个分片的标识是一样的，目的端会根据这个标识来判断IP分片是否属于同一个IP数据报。中间3位是标志位，其中有1位用来表示是否有更多的分片，如果是最后一个分片，该标志位为0，否则为1。后面13位表示分片在原始数据的偏移，这里的原始数据是IP层收到的传输的TCP或UDP数据，不包含IP首部。","type":"unstyled","depth":0,"inlineStyleRanges":[{"offset":23,"length":112,"style":"BOLD"},{"offset":34,"length":2,"style":"INLINECODE"},{"offset":37,"length":18,"style":"INLINECODE"}],"entityRanges":[],"data":{}},{"key":"743qe","text":"","type":"unstyled","depth":0,"inlineStyleRanges":[],"entityRanges":[],"data":{}},{"key":"6c62k","text":" ","type":"atomic","depth":0,"inlineStyleRanges":[],"entityRanges":[{"offset":0,"length":1,"key":0}],"data":{}},{"key":"f1n78","text":"","type":"unstyled","depth":0,"inlineStyleRanges":[],"entityRanges":[],"data":{}},{"key":"bt0nb","text":"需要注意的，在分片的数据中，传输层的首部只会出现在第一个分片中，如下图所示。因为传输层的数据格式对IP层是透明的，传输层的首部只有在传输层才会有它的作用，IP层不知道也不需要保证在每个分片中都有传输层首部。所以，在网络上传输的数据包是有可能没有传输层首部的。","type":"unstyled","depth":0,"inlineStyleRanges":[{"offset":7,"length":2,"style":"BOLD"},{"offset":14,"length":17,"style":"BOLD"},{"offset":14,"length":3,"style":"INLINECODE"}],"entityRanges":[],"data":{}},{"key":"e2epo","text":"","type":"unstyled","depth":0,"inlineStyleRanges":[],"entityRanges":[],"data":{}},{"key":"96ppf","text":"","type":"unstyled","depth":0,"inlineStyleRanges":[],"entityRanges":[],"data":{}},{"key":"16a1k","text":" ","type":"atomic","depth":0,"inlineStyleRanges":[],"entityRanges":[{"offset":0,"length":1,"key":1}],"data":{}},{"key":"f0jv7","text":"","type":"unstyled","depth":0,"inlineStyleRanges":[],"entityRanges":[],"data":{}},{"key":"ch45n","text":"","type":"unstyled","depth":0,"inlineStyleRanges":[],"entityRanges":[],"data":{}},{"key":"71u6r","text":"避免IP分片","type":"header-two","depth":0,"inlineStyleRanges":[{"offset":0,"length":6,"style":"BOLD"}],"entityRanges":[],"data":{}},{"key":"3o8q8","text":"","type":"unstyled","depth":0,"inlineStyleRanges":[],"entityRanges":[],"data":{}},{"key":"8klbb","text":"在网络编程中，我们要避免出现IP分片，那么为什么要避免呢？原因是IP层是没有超时重传机制的，如果IP层对一个数据包进行了分片，只要有一个分片丢失了，只能依赖于传输层进行重传，结果是所有的分片都要重传一遍，这个代价有点大。由此可见，IP分片会大大降低传输层传送数据的成功率，所以我们要避免IP分片。","type":"unstyled","depth":0,"inlineStyleRanges":[{"offset":79,"length":3,"style":"INLINECODE"}],"entityRanges":[],"data":{}},{"key":"6elhh","text":"","type":"unstyled","depth":0,"inlineStyleRanges":[],"entityRanges":[],"data":{}},{"key":"2lpf1","text":"对于UDP包，我们需要在应用层去限制每个包的大小，一般不要超过1472字节，即以太网MTU（1500）—UDP首部（8）—IP首部（20）。","type":"unstyled","depth":0,"inlineStyleRanges":[{"offset":2,"length":3,"style":"INLINECODE"},{"offset":12,"length":3,"style":"INLINECODE"},{"offset":31,"length":4,"style":"BOLD"}],"entityRanges":[],"data":{}},{"key":"r8k9","text":"","type":"unstyled","depth":0,"inlineStyleRanges":[],"entityRanges":[],"data":{}},{"key":"dpqi7","text":"对于TCP数据，应用层就不需要考虑这个问题了，因为传输层已经帮我们做了。在建立连接的三次握手的过程中，连接双方会相互通告MSS（Maximum Segment Size，最大报文段长度），MSS一般是MTU—IP首部（20）—TCP首部（20），每次发送的TCP数据都不会超过双方MSS的最小值，所以就保证了IP数据报不会超过MTU，避免了IP分片。","type":"unstyled","depth":0,"inlineStyleRanges":[{"offset":2,"length":3,"style":"INLINECODE"},{"offset":25,"length":3,"style":"INLINECODE"},{"offset":60,"length":3,"style":"INLINECODE"}],"entityRanges":[],"data":{}},{"key":"264cd","text":"","type":"unstyled","depth":0,"inlineStyleRanges":[],"entityRanges":[],"data":{}}],"entityMap":{"0":{"type":"image","mutability":"IMMUTABLE","data":{"src":"https://img-blog.csdn.net/20140408180535140?watermark/2/text/aHR0cDovL2Jsb2cuY3Nkbi5uZXQvZ2xhY2llcmg=/font/5a6L5L2T/fontsize/400/fill/I0JBQkFCMA==/dissolve/70/gravity/Center","width":100,"alignment":"center"}},"1":{"type":"image","mutability":"IMMUTABLE","data":{"src":"https://img-blog.csdn.net/20140408180541468?watermark/2/text/aHR0cDovL2Jsb2cuY3Nkbi5uZXQvZ2xhY2llcmg=/font/5a6L5L2T/fontsize/400/fill/I0JBQkFCMA==/dissolve/70/gravity/Center","width":100,"alignment":"center"}}}},"tags":[]}
