{"_id":"B1xvTtNG_","title":"Linux tcp选项之TCP_NODELAY, TCP_CORK","dateCreated":1614220632340,"lastAccessed":"2021-02-25T02:37:12.341Z","lastUpdated":"2021-02-25T02:38:35.288Z","notebookId":"SJ2NTtx1D","body":{"blocks":[{"key":"ag6qs","text":"Linux tcp选项之TCP_NODELAY, TCP_CORK","type":"header-one","depth":0,"inlineStyleRanges":[],"entityRanges":[],"data":{}},{"key":"8cvj2","text":"","type":"divider","depth":0,"inlineStyleRanges":[],"entityRanges":[],"data":{}},{"key":"f6h7t","text":"TCP 协议栈在决定何时发送下一个报文时，默认采用nagel算法，即在发送数据量达到一个MSS或者收到对方的","type":"unstyled","depth":0,"inlineStyleRanges":[],"entityRanges":[],"data":{}},{"key":"fevec","text":"回应时才发送数据包。而且，接收方一般采用delayed ack算法进行回应，也就是接收方在收到报文后并不立即","type":"unstyled","depth":0,"inlineStyleRanges":[],"entityRanges":[],"data":{}},{"key":"ddddm","text":"发送ack,而是等待一定时间, 期待还会收到来自对端的数据包，然后发送ack，从而用更少数量的ack回应的相同的数","type":"unstyled","depth":0,"inlineStyleRanges":[],"entityRanges":[],"data":{}},{"key":"c9du8","text":"据量，减小了网络拥堵的可能性。这种算法适合于发送块数据时。","type":"unstyled","depth":0,"inlineStyleRanges":[],"entityRanges":[],"data":{}},{"key":"ce3va","text":" negel算法并不适合于像telnet这样用小数据量数据进行交互的网络应用程序，此时需要禁用nagel算法，使数据","type":"unstyled","depth":0,"inlineStyleRanges":[],"entityRanges":[],"data":{}},{"key":"2icfe","text":"一旦进入发送队列，有机会就立即发送，从而提高交互性。我们使用TCP_NODELAY选项达到这个目的。","type":"unstyled","depth":0,"inlineStyleRanges":[],"entityRanges":[],"data":{}},{"key":"env0m","text":"前面讨论的两种情况是两个极端，像web服务器和客户端这种应用介于两者之间。举个例子，客户端向服务器POST","type":"unstyled","depth":0,"inlineStyleRanges":[],"entityRanges":[],"data":{}},{"key":"7neem","text":"数据，假设request_header=16B，request_data=396B,同时假设MSS=512B，客户端调用两次write发送数据：","type":"unstyled","depth":0,"inlineStyleRanges":[],"entityRanges":[],"data":{}},{"key":"u784","text":"（1）启用nagel算法，先发送16B的header，然后等待RTT时间，再发送请求数据。","type":"unstyled","depth":0,"inlineStyleRanges":[],"entityRanges":[],"data":{}},{"key":"eftct","text":"（2）采用TCP_NODELAY, 连续发送两个数据包，但是容易引起网络拥堵。","type":"unstyled","depth":0,"inlineStyleRanges":[],"entityRanges":[],"data":{}},{"key":"9ad2u","text":"我们期望的是一次把全部数据发送出去，如果不用writev，怎么办呢？","type":"unstyled","depth":0,"inlineStyleRanges":[],"entityRanges":[],"data":{}},{"key":"9g02f","text":"如是，TCP_CORK横空出世，貌似内核对该选项采用优化的nagel算法，即设置一个定时器，当超时时, 即使发送数","type":"unstyled","depth":0,"inlineStyleRanges":[],"entityRanges":[],"data":{}},{"key":"9cvtj","text":"据量尚未达到一个MSS而且还没收到对方的回应,也发送数据。如是可以取得介于设置TCP_NODELAY和采用默认nagel算法时的效果。","type":"unstyled","depth":0,"inlineStyleRanges":[],"entityRanges":[],"data":{}},{"key":"6qca5","text":"","type":"unstyled","depth":0,"inlineStyleRanges":[],"entityRanges":[],"data":{}},{"key":"59kd9","text":"  /* Disable nagle */","type":"custom-code-block-c","depth":0,"inlineStyleRanges":[],"entityRanges":[],"data":{}},{"key":"7adeb","text":"  if (0 != setsockopt(sockfd, IPPROTO_TCP, TCP_NODELAY, &one, sizeof(one))) ","type":"custom-code-block-c","depth":0,"inlineStyleRanges":[],"entityRanges":[],"data":{}},{"key":"8vorj","text":"  {","type":"custom-code-block-c","depth":0,"inlineStyleRanges":[],"entityRanges":[],"data":{}},{"key":"4ksth","text":"    last_error = -1;","type":"custom-code-block-c","depth":0,"inlineStyleRanges":[],"entityRanges":[],"data":{}},{"key":"1nk18","text":"  }","type":"custom-code-block-c","depth":0,"inlineStyleRanges":[],"entityRanges":[],"data":{}}],"entityMap":{}},"tags":[]}
