{"_id":"SyMsahD7D","title":"Iptables下TCPMSS使用","dateCreated":1598700953535,"lastAccessed":"2020-08-29T11:35:53.536Z","lastUpdated":"2020-08-29T11:36:14.237Z","notebookId":"SJ2NTtx1D","body":{"blocks":[{"key":"ag6qs","text":"Iptables下TCPMSS使用","type":"header-one","depth":0,"inlineStyleRanges":[],"entityRanges":[],"data":{}},{"key":"cr4go","text":"","type":"divider","depth":0,"inlineStyleRanges":[],"entityRanges":[],"data":{}},{"key":"el0ar","text":"","type":"unstyled","depth":0,"inlineStyleRanges":[],"entityRanges":[],"data":{}},{"key":"59kd9","text":"mtu是网络传输最大报文包。 mss是网络传输数据最大值。 mss加包头数据就等于mtu. 简单说拿TCP包做例子。 报文传输1400字节的数据的话，那么mss就是1400，再加上20字节IP包头，20字节tcp包头，那么mtu就是1400+20+20. 当然传输的时候其他的协议还要加些包头在前面，总之mtu就是总的最后发出去的报文大小。mss就是你需要发出去的数据大小。","type":"unstyled","depth":0,"inlineStyleRanges":[],"entityRanges":[],"data":{}},{"key":"6td3a","text":"","type":"unstyled","depth":0,"inlineStyleRanges":[],"entityRanges":[],"data":{}},{"key":"f13lk","text":"1.MSS: Maxitum Segment Size 最大分段大小 ","type":"unstyled","depth":0,"inlineStyleRanges":[],"entityRanges":[],"data":{}},{"key":"dp66g","text":"","type":"unstyled","depth":0,"inlineStyleRanges":[],"entityRanges":[],"data":{}},{"key":"chib1","text":"2.MSS最大传输大小的缩写，是TCP协议里面的一个概念。 ","type":"unstyled","depth":0,"inlineStyleRanges":[],"entityRanges":[],"data":{}},{"key":"5anh4","text":"","type":"unstyled","depth":0,"inlineStyleRanges":[],"entityRanges":[],"data":{}},{"key":"6brml","text":"3.MSS就是TCP数据包每次能够传输的最大数据分段。","type":"unstyled","depth":0,"inlineStyleRanges":[],"entityRanges":[],"data":{}},{"key":"40bk3","text":"","type":"unstyled","depth":0,"inlineStyleRanges":[],"entityRanges":[],"data":{}},{"key":"b9q9k","text":"为了达到最佳的传输效能TCP协议在建立连接的时候通常要协商双方的MSS值，这个值TCP协议在实现的时候往往用MTU值代替（需要减去IP数据包包头的大小20Bytes和TCP数据段的包头20Bytes）所以往往MSS为1460。通讯双方会根据双方提供的MSS值得最小值确定为这次连接的最大MSS值。","type":"unstyled","depth":0,"inlineStyleRanges":[],"entityRanges":[],"data":{}},{"key":"aklra","text":"","type":"unstyled","depth":0,"inlineStyleRanges":[],"entityRanges":[],"data":{}},{"key":"7qn2a","text":"","type":"unstyled","depth":0,"inlineStyleRanges":[],"entityRanges":[],"data":{}},{"key":"3r4d3","text":"--set-mss value #设置特定MSS值  ","type":"unstyled","depth":0,"inlineStyleRanges":[],"entityRanges":[],"data":{}},{"key":"4e7um","text":"","type":"unstyled","depth":0,"inlineStyleRanges":[],"entityRanges":[],"data":{}},{"key":"6d1ml","text":"--clamp-mss-to-pmtu #根据MTU自动调整MSS ","type":"unstyled","depth":0,"inlineStyleRanges":[],"entityRanges":[],"data":{}},{"key":"d573r","text":"","type":"unstyled","depth":0,"inlineStyleRanges":[],"entityRanges":[],"data":{}},{"key":"3pe6g","text":"例如：","type":"unstyled","depth":0,"inlineStyleRanges":[],"entityRanges":[],"data":{}},{"key":"p79v","text":"","type":"unstyled","depth":0,"inlineStyleRanges":[],"entityRanges":[],"data":{}},{"key":"ahmkv","text":"iptables -A FORWARD -p tcp --tcp-flags SYN,RST SYN -j TCPMSS --clamp-mss-to-pmtu","type":"unstyled","depth":0,"inlineStyleRanges":[],"entityRanges":[],"data":{}},{"key":"6un1i","text":"","type":"unstyled","depth":0,"inlineStyleRanges":[],"entityRanges":[],"data":{}},{"key":"7q74i","text":"这条规则的目的就是改变TCP MSS以适应PMTU(Path MTU)","type":"unstyled","depth":0,"inlineStyleRanges":[],"entityRanges":[],"data":{}},{"key":"8sep3","text":"","type":"unstyled","depth":0,"inlineStyleRanges":[],"entityRanges":[],"data":{}},{"key":"el3a8","text":"一种是把mss设置为一个固定值：","type":"unstyled","depth":0,"inlineStyleRanges":[],"entityRanges":[],"data":{}},{"key":"73iu8","text":"","type":"unstyled","depth":0,"inlineStyleRanges":[],"entityRanges":[],"data":{}},{"key":"c74k5","text":"iptables -A FORWARD -p tcp --tcp-flags SYN,RST SYN- j TCPMSS --set-mss 1460","type":"unstyled","depth":0,"inlineStyleRanges":[],"entityRanges":[],"data":{}}],"entityMap":{}},"tags":[]}
