{"_id":"ryXbcpM8_","title":"vscode 插件安装失败","dateCreated":1618299386872,"lastAccessed":"2021-04-13T07:36:26.873Z","lastUpdated":"2021-04-13T07:38:05.820Z","notebookId":"rJxZ9TfIO","body":{"blocks":[{"key":"ag6qs","text":"vscode 插件安装失败","type":"header-one","depth":0,"inlineStyleRanges":[],"entityRanges":[],"data":{}},{"key":"6q83t","text":"网址","type":"unstyled","depth":0,"inlineStyleRanges":[{"offset":0,"length":2,"style":"INLINECODE"}],"entityRanges":[],"data":{}},{"key":"caurn","text":"","type":"divider","depth":0,"inlineStyleRanges":[],"entityRanges":[],"data":{}},{"key":"ed9sn","text":"","type":"unstyled","depth":0,"inlineStyleRanges":[],"entityRanges":[],"data":{}},{"key":"8kgv3","text":"","type":"unstyled","depth":0,"inlineStyleRanges":[],"entityRanges":[],"data":{}},{"key":"59kd9","text":"","type":"unstyled","depth":0,"inlineStyleRanges":[],"entityRanges":[],"data":{}}],"entityMap":{}},"tags":[]}
