{"_id":"S1VWFNHUu","title":"GO","dateCreated":1618458875774,"lastAccessed":"2021-04-15T03:54:35.775Z","lastUpdated":"2021-04-15T09:57:10.371Z","notebookId":"rJxZ9TfIO","body":{"blocks":[{"key":"ag6qs","text":"GO","type":"header-one","depth":0,"inlineStyleRanges":[],"entityRanges":[],"data":{}},{"key":"32fhp","text":"","type":"divider","depth":0,"inlineStyleRanges":[],"entityRanges":[],"data":{}},{"key":"2se6c","text":"","type":"unstyled","depth":0,"inlineStyleRanges":[],"entityRanges":[],"data":{}},{"key":"59kd9","text":"为什么要创造一门编程语言","type":"unstyled","depth":0,"inlineStyleRanges":[{"offset":0,"length":12,"style":"BOLD"}],"entityRanges":[],"data":{}},{"key":"cncir","text":"","type":"divider","depth":0,"inlineStyleRanges":[],"entityRanges":[],"data":{}},{"key":"3ooc5","text":"C/C++ 的发展速度无法跟上计算机发展的脚步，十多年来也没有出现一门与时代相符的主流系统编程语言，因此人们需要一门新的系统编程语言来弥补这个空缺，尤其是在计算机信息时代。","type":"unordered-list-item","depth":0,"inlineStyleRanges":[],"entityRanges":[],"data":{}},{"key":"d3gh1","text":"相比计算机性能的提升，软件开发领域不被认为发展得足够快或者比硬件发展得更加成功（有许多项目均以失败告终），同时应用程序的体积始终在不断地扩大，这就迫切地需要一门具备更高层次概念的低级语言来突破现状。","type":"unordered-list-item","depth":0,"inlineStyleRanges":[],"entityRanges":[],"data":{}},{"key":"3bcll","text":"在 Go 语言出现之前，开发者们总是面临非常艰难的抉择，究竟是使用执行速度快但是编译速度并不理想的语言（如：C++），还是使用编译速度较快但执行效率不佳的语言（如：.NET、Java），或者说开发难度较低但执行速度一般的动态语言呢？显然，Go 语言在这 3 个条件之间做到了最佳的平衡：快速编译，高效执行，易于开发。","type":"unordered-list-item","depth":0,"inlineStyleRanges":[],"entityRanges":[],"data":{}},{"key":"13lkt","text":"Go 语言的发展目标","type":"unstyled","depth":0,"inlineStyleRanges":[{"offset":0,"length":10,"style":"BOLD"}],"entityRanges":[],"data":{}},{"key":"ffpm2","text":"","type":"divider","depth":0,"inlineStyleRanges":[],"entityRanges":[],"data":{}},{"key":"f3vfr","text":"Go 语言是一门类型安全和内存安全的编程语言。虽然 Go 语言中仍有指针的存在，但并不允许进行指针运算.","type":"ordered-list-item","depth":0,"inlineStyleRanges":[],"entityRanges":[],"data":{}},{"key":"1e6ql","text":"Go 语言的另一个目标是对于网络通信、并发和并行编程的极佳支持，从而更好地利用大量的分布式和多核的计算机.","type":"ordered-list-item","depth":0,"inlineStyleRanges":[],"entityRanges":[],"data":{}},{"key":"710v2","text":"它的构建速度（编译和链接到机器代码的速度）","type":"ordered-list-item","depth":0,"inlineStyleRanges":[],"entityRanges":[],"data":{}},{"key":"8b31n","text":"","type":"unstyled","depth":0,"inlineStyleRanges":[],"entityRanges":[],"data":{}},{"key":"7ehr9","text":"语言的用途","type":"unstyled","depth":0,"inlineStyleRanges":[{"offset":0,"length":5,"style":"BOLD"}],"entityRanges":[],"data":{}},{"key":"a8gbb","text":"","type":"divider","depth":0,"inlineStyleRanges":[],"entityRanges":[],"data":{}},{"key":"54fv0","text":"Go 语言被设计成一门应用于搭载 Web 服务器，存储集群或类似用途的巨型中央服务器的系统编程语言。对于高性能分布式系统领域而言，Go 语言无疑比大多数其它语言有着更高的开发效率。它提供了海量并行的支持，这对于游戏服务端的开发而言是再好不过了。","type":"unstyled","depth":0,"inlineStyleRanges":[],"entityRanges":[],"data":{}},{"key":"epljq","text":"","type":"unstyled","depth":0,"inlineStyleRanges":[],"entityRanges":[],"data":{}},{"key":"2ii8v","text":"Go 环境变量","type":"unstyled","depth":0,"inlineStyleRanges":[{"offset":0,"length":7,"style":"BOLD"}],"entityRanges":[],"data":{}},{"key":"e4dn6","text":"","type":"divider","depth":0,"inlineStyleRanges":[],"entityRanges":[],"data":{}},{"key":"4qsor","text":"Go 开发环境依赖于一些操作系统环境变量，你最好在安装 Go 之前就已经设置好他们。如果你使用的是 Windows 的话，你完全不用进行手动设置，Go 将被默认安装在目录 c:/go 下。这里列举几个最为重要的环境变量：","type":"unstyled","depth":0,"inlineStyleRanges":[],"entityRanges":[],"data":{}},{"key":"7g53t","text":"    $GOROOT 表示 Go 在你的电脑上的安装位置，它的值一般都是 $HOME/go，当然，你也可以安装在别的地方。","type":"unordered-list-item","depth":0,"inlineStyleRanges":[{"offset":3,"length":8,"style":"INLINECODE"}],"entityRanges":[],"data":{}},{"key":"evm92","text":"    $GOARCH 表示目标机器的处理器架构，它的值可以是 386、amd64 或 arm。","type":"unordered-list-item","depth":0,"inlineStyleRanges":[{"offset":4,"length":8,"style":"INLINECODE"}],"entityRanges":[],"data":{}},{"key":"2tg7r","text":"    $GOOS 表示目标机器的操作系统，它的值可以是 darwin、freebsd、linux 或 windows。","type":"unordered-list-item","depth":0,"inlineStyleRanges":[{"offset":4,"length":5,"style":"INLINECODE"}],"entityRanges":[],"data":{}},{"key":"ac65v","text":"    $GOBIN 表示编译器和链接器的安装位置，默认是 $GOROOT/bin，如果你使用的是 Go 1.0.3 及以后的版本，一般情况下你可以将它的值设置为空，Go 将会使用前面提到的默认值。","type":"unordered-list-item","depth":0,"inlineStyleRanges":[{"offset":4,"length":7,"style":"INLINECODE"}],"entityRanges":[],"data":{}},{"key":"tsr4","text":"目标机器是指你打算运行你的 Go 应用程序的机器。","type":"unstyled","depth":0,"inlineStyleRanges":[],"entityRanges":[],"data":{}},{"key":"fh91v","text":"","type":"unstyled","depth":0,"inlineStyleRanges":[],"entityRanges":[],"data":{}},{"key":"329d5","text":"Go 编译器支持交叉编译，也就是说你可以在一台机器上构建运行在具有不同操作系统和处理器架构上运行的应用程序，也就是说编写源代码的机器可以和目标机器有完全不同的特性（操作系统与处理器架构）。","type":"unstyled","depth":0,"inlineStyleRanges":[],"entityRanges":[],"data":{}},{"key":"2b00j","text":"","type":"unstyled","depth":0,"inlineStyleRanges":[],"entityRanges":[],"data":{}},{"key":"6dt6c","text":"为了区分本地机器和目标机器，你可以使用 $GOHOSTOS 和 $GOHOSTARCH 设置本地机器的操作系统名称和编译体系结构，这两个变量只有在进行交叉编译的时候才会用到，如果你不进行显示设置，他们的值会和本地机器（$GOOS 和 $GOARCH）一样。","type":"unstyled","depth":0,"inlineStyleRanges":[{"offset":20,"length":9,"style":"INLINECODE"},{"offset":32,"length":11,"style":"INLINECODE"}],"entityRanges":[],"data":{}},{"key":"8rfq8","text":"$GOPATH 默认采用和 $GOROOT 一样的值，但从 Go 1.1 版本开始，你必须修改为其它路径。它可以包含多个 Go 语言源码文件、包文件和可执行文件的路径，而这些路径下又必须分别包含三个规定的目录：src、pkg 和 bin，这三个目录分别用于存放源码文件、包文件和可执行文件。","type":"unordered-list-item","depth":0,"inlineStyleRanges":[{"offset":0,"length":7,"style":"INLINECODE"},{"offset":14,"length":7,"style":"INLINECODE"},{"offset":105,"length":3,"style":"INLINECODE"},{"offset":109,"length":3,"style":"INLINECODE"},{"offset":115,"length":3,"style":"INLINECODE"},{"offset":105,"length":3,"style":"BOLD"},{"offset":109,"length":3,"style":"BOLD"},{"offset":115,"length":3,"style":"BOLD"}],"entityRanges":[],"data":{}},{"key":"dcu1","text":"$GOARM 专门针对基于 arm 架构的处理器，它的值可以是 5 或 6，默认为 6。","type":"unordered-list-item","depth":0,"inlineStyleRanges":[{"offset":0,"length":7,"style":"INLINECODE"}],"entityRanges":[],"data":{}},{"key":"id5v","text":"$GOMAXPROCS 用于设置应用程序可使用的处理器个数与核数，详见第 14.1.3 节。","type":"unordered-list-item","depth":0,"inlineStyleRanges":[{"offset":0,"length":12,"style":"INLINECODE"}],"entityRanges":[],"data":{}},{"key":"cam57","text":"","type":"unstyled","depth":0,"inlineStyleRanges":[],"entityRanges":[],"data":{}},{"key":"80ekj","text":"GO runtime","type":"unstyled","depth":0,"inlineStyleRanges":[{"offset":0,"length":10,"style":"BOLD"}],"entityRanges":[],"data":{}},{"key":"11rjd","text":"","type":"divider","depth":0,"inlineStyleRanges":[],"entityRanges":[],"data":{}},{"key":"7fvpq","text":"python runtime","type":"unstyled","depth":0,"inlineStyleRanges":[{"offset":0,"length":14,"style":"BOLD"}],"entityRanges":[],"data":{}},{"key":"crbhd","text":"runtime不是一个什么样的东西，它是支持你运行python程序的一个环境。","type":"custom-code-block-c","depth":0,"inlineStyleRanges":[],"entityRanges":[],"data":{}},{"key":"8nlej","text":"比如你不安装python，你在电脑上就没法运行python程序，装上就可以了。 其实是什么能让你运行Python程序了？ 就是你安装上python runtime了。","type":"custom-code-block-c","depth":0,"inlineStyleRanges":[],"entityRanges":[],"data":{}},{"key":"2t3d9","text":"","type":"unstyled","depth":0,"inlineStyleRanges":[],"entityRanges":[],"data":{}},{"key":"157ct","text":"runtime:运行时环境","type":"blockquote","depth":0,"inlineStyleRanges":[{"offset":0,"length":13,"style":"BOLD"}],"entityRanges":[],"data":{}},{"key":"fgi6m","text":"","type":"unstyled","depth":0,"inlineStyleRanges":[],"entityRanges":[],"data":{}},{"key":"d6jpc","text":"调试器","type":"unstyled","depth":0,"inlineStyleRanges":[{"offset":0,"length":3,"style":"BOLD"}],"entityRanges":[],"data":{}},{"key":"520u8","text":"","type":"divider","depth":0,"inlineStyleRanges":[],"entityRanges":[],"data":{}},{"key":"1mi3h","text":"应用程序的开发过程中调试是必不可少的一个环节，因此有一个好的调试器是非常重要的，可惜的是，Go 在这方面的发展还不是很完善。目前可用的调试器是 gdb，最新版均以内置在集成开发环境 LiteIDE 和 GoClipse 中，但是该调试器的调试方式并不灵活且操作难度较大。","type":"unstyled","depth":0,"inlineStyleRanges":[],"entityRanges":[],"data":{}},{"key":"ekr2i","text":"","type":"unstyled","depth":0,"inlineStyleRanges":[],"entityRanges":[],"data":{}},{"key":"4cqui","text":"如果你不想使用调试器，你可以按照下面的一些有用的方法来达到基本调试的目的：","type":"unstyled","depth":0,"inlineStyleRanges":[],"entityRanges":[],"data":{}},{"key":"6eomu","text":"","type":"unstyled","depth":0,"inlineStyleRanges":[],"entityRanges":[],"data":{}},{"key":"68mv","text":"在合适的位置使用打印语句输出相关变量的值（print/println 和 fmt.Print/fmt.Println/fmt.Printf）。","type":"ordered-list-item","depth":0,"inlineStyleRanges":[],"entityRanges":[],"data":{}},{"key":"ag63k","text":"在 fmt.Printf 中使用下面的说明符来打印有关变量的相关信息：","type":"ordered-list-item","depth":0,"inlineStyleRanges":[],"entityRanges":[],"data":{}},{"key":"2ns1o","text":"    %+v 打印包括字段在内的实例的完整信息","type":"unordered-list-item","depth":1,"inlineStyleRanges":[],"entityRanges":[],"data":{}},{"key":"9avrc","text":"    %#v 打印包括字段和限定类型名称在内的实例的完整信息","type":"unordered-list-item","depth":1,"inlineStyleRanges":[],"entityRanges":[],"data":{}},{"key":"akmht","text":"    %T 打印某个类型的完整说。","type":"unordered-list-item","depth":1,"inlineStyleRanges":[],"entityRanges":[],"data":{}},{"key":"79vud","text":"3.     使用 panic 语句（第 13.2 节）来获取栈跟踪信息（直到 panic 时所有被调用函数的列表）。","type":"unstyled","depth":0,"inlineStyleRanges":[],"entityRanges":[],"data":{}},{"key":"fkktu","text":"4.     使用关键字 defer 来跟踪代码执行过程（第 6.4 节）","type":"unstyled","depth":0,"inlineStyleRanges":[],"entityRanges":[],"data":{}},{"key":"506uv","text":"","type":"unstyled","depth":0,"inlineStyleRanges":[],"entityRanges":[],"data":{}},{"key":"2h82b","text":"构建并运行 Go 程序","type":"unstyled","depth":0,"inlineStyleRanges":[{"offset":0,"length":11,"style":"BOLD"}],"entityRanges":[],"data":{}},{"key":"911v6","text":"","type":"divider","depth":0,"inlineStyleRanges":[],"entityRanges":[],"data":{}},{"key":"5ads9","text":"从 Go 1 版本开始，使用 Go 自带的更加方便的工具来构建应用程序：","type":"unstyled","depth":0,"inlineStyleRanges":[],"entityRanges":[],"data":{}},{"key":"btdki","text":"","type":"unstyled","depth":0,"inlineStyleRanges":[],"entityRanges":[],"data":{}},{"key":"86dgc","text":"go build 编译自身包和依赖包","type":"unstyled","depth":0,"inlineStyleRanges":[{"offset":0,"length":8,"style":"INLINECODE"}],"entityRanges":[],"data":{}},{"key":"ecko5","text":"go install 编译并安装自身包和依赖包","type":"unstyled","depth":0,"inlineStyleRanges":[{"offset":0,"length":10,"style":"INLINECODE"}],"entityRanges":[],"data":{}},{"key":"biuoj","text":"","type":"unstyled","depth":0,"inlineStyleRanges":[],"entityRanges":[],"data":{}},{"key":"e11be","text":"格式化代码","type":"unstyled","depth":0,"inlineStyleRanges":[{"offset":0,"length":5,"style":"BOLD"}],"entityRanges":[],"data":{}},{"key":"9nqa3","text":"","type":"divider","depth":0,"inlineStyleRanges":[],"entityRanges":[],"data":{}},{"key":"e27g3","text":"go fmt（gofmt） 这个工具可以将你的源代码格式化成符合官方统一标准的风格，属于语法风格层面上的小型重构。遵循统一的代码风格是 Go 开发中无可撼动的铁律，因此你必须在编译或提交版本管理系统之前使用 gofmt 来格式化你的代码","type":"unstyled","depth":0,"inlineStyleRanges":[{"offset":0,"length":14,"style":"INLINECODE"},{"offset":103,"length":7,"style":"INLINECODE"}],"entityRanges":[],"data":{}},{"key":"98jgt","text":"","type":"unstyled","depth":0,"inlineStyleRanges":[],"entityRanges":[],"data":{}},{"key":"58nbh","text":"生成代码文档","type":"unstyled","depth":0,"inlineStyleRanges":[{"offset":0,"length":6,"style":"BOLD"}],"entityRanges":[],"data":{}},{"key":"arst7","text":"","type":"divider","depth":0,"inlineStyleRanges":[],"entityRanges":[],"data":{}},{"key":"6v97d","text":"go doc 工具会从 Go 程序和包文件中提取顶级声明的首行注释以及每个对象的相关注释，并生成相关文档。","type":"unstyled","depth":0,"inlineStyleRanges":[{"offset":0,"length":7,"style":"INLINECODE"}],"entityRanges":[],"data":{}},{"key":"8a080","text":"","type":"unstyled","depth":0,"inlineStyleRanges":[],"entityRanges":[],"data":{}},{"key":"40kug","text":"它也可以作为一个提供在线文档浏览的 web 服务器，http://golang.org 就是通过这种形式实现的。","type":"unstyled","depth":0,"inlineStyleRanges":[],"entityRanges":[],"data":{}},{"key":"91s39","text":"","type":"unstyled","depth":0,"inlineStyleRanges":[],"entityRanges":[],"data":{}},{"key":"cqca","text":"与其它语言进行交互","type":"unstyled","depth":0,"inlineStyleRanges":[{"offset":0,"length":9,"style":"BOLD"}],"entityRanges":[],"data":{}},{"key":"eeboi","text":"","type":"divider","depth":0,"inlineStyleRanges":[],"entityRanges":[],"data":{}},{"key":"fth11","text":"工具 cgo 提供了对 FFI（外部函数接口）的支持，能够使用 Go 代码安全地调用 C 语言库，你可以访问 cgo 文档主页：http://golang.org/cmd/cgo。cgo 会替代 Go 编译器来产生可以组合在同一个包中的 Go 和 C 代码。在实际开发中一般使用 cgo 创建单独的 C 代码包。","type":"unstyled","depth":0,"inlineStyleRanges":[{"offset":3,"length":4,"style":"INLINECODE"}],"entityRanges":[],"data":{}},{"key":"3glj1","text":"","type":"unstyled","depth":0,"inlineStyleRanges":[],"entityRanges":[],"data":{}},{"key":"bu5t8","text":"如果你想要在你的 Go 程序中使用 cgo，则必须在单独的一行使用 import \"C\" 来导入，一般来说你可能还需要 import \"unsafe\"。","type":"unstyled","depth":0,"inlineStyleRanges":[],"entityRanges":[],"data":{}},{"key":"c405g","text":"","type":"unstyled","depth":0,"inlineStyleRanges":[],"entityRanges":[],"data":{}},{"key":"e1mig","text":"然后，你可以在 import \"C\" 之前使用注释（单行或多行注释均可）的形式导入 C 语言库（甚至有效的 C 语言代码），它们之间没有空行，例如：","type":"unstyled","depth":0,"inlineStyleRanges":[],"entityRanges":[],"data":{}},{"key":"o0p3","text":"","type":"unstyled","depth":0,"inlineStyleRanges":[],"entityRanges":[],"data":{}},{"key":"5nohn","text":"// #include <stdio.h>","type":"custom-code-block-c","depth":0,"inlineStyleRanges":[],"entityRanges":[],"data":{}},{"key":"djurc","text":"// #include <stdlib.h>","type":"custom-code-block-c","depth":0,"inlineStyleRanges":[],"entityRanges":[],"data":{}},{"key":"bq94a","text":"import \"C\"","type":"custom-code-block-c","depth":0,"inlineStyleRanges":[],"entityRanges":[],"data":{}},{"key":"8u118","text":"","type":"unstyled","depth":0,"inlineStyleRanges":[],"entityRanges":[],"data":{}},{"key":"9i9np","text":"_ 本身就是一个特殊的标识符，被称为空白标识符。它可以像其他标识符那样用于变量的声明或赋值（任何类型都可以赋值给它），但任何赋给这个标识符的值都将被抛弃，因此这些值不能在后续的代码中使用，也不可以使用这个标识符作为变量对其它变量进行赋值或运算。","type":"custom-code-block-c","depth":0,"inlineStyleRanges":[{"offset":0,"length":2,"style":"INLINECODE"}],"entityRanges":[],"data":{}},{"key":"ff7vq","text":"","type":"unstyled","depth":0,"inlineStyleRanges":[],"entityRanges":[],"data":{}},{"key":"3h388","text":"","type":"unstyled","depth":0,"inlineStyleRanges":[],"entityRanges":[],"data":{}},{"key":"13sdu","text":"","type":"unstyled","depth":0,"inlineStyleRanges":[],"entityRanges":[],"data":{}},{"key":"b97d7","text":"","type":"unstyled","depth":0,"inlineStyleRanges":[],"entityRanges":[],"data":{}},{"key":"d4e77","text":"","type":"unstyled","depth":0,"inlineStyleRanges":[],"entityRanges":[],"data":{}},{"key":"dua5i","text":"","type":"unstyled","depth":0,"inlineStyleRanges":[],"entityRanges":[],"data":{}},{"key":"4vi3k","text":"","type":"unstyled","depth":0,"inlineStyleRanges":[],"entityRanges":[],"data":{}},{"key":"cb87a","text":"","type":"unstyled","depth":0,"inlineStyleRanges":[],"entityRanges":[],"data":{}},{"key":"849b9","text":"","type":"unstyled","depth":0,"inlineStyleRanges":[],"entityRanges":[],"data":{}},{"key":"5e9p0","text":"","type":"unstyled","depth":0,"inlineStyleRanges":[],"entityRanges":[],"data":{}},{"key":"2sfou","text":"","type":"unstyled","depth":0,"inlineStyleRanges":[],"entityRanges":[],"data":{}},{"key":"bn4e3","text":"","type":"unstyled","depth":0,"inlineStyleRanges":[],"entityRanges":[],"data":{}},{"key":"gcma","text":"","type":"unstyled","depth":0,"inlineStyleRanges":[],"entityRanges":[],"data":{}},{"key":"be56f","text":"","type":"unstyled","depth":0,"inlineStyleRanges":[],"entityRanges":[],"data":{}},{"key":"fm76h","text":"","type":"unstyled","depth":0,"inlineStyleRanges":[],"entityRanges":[],"data":{}},{"key":"4hp06","text":"","type":"unstyled","depth":0,"inlineStyleRanges":[],"entityRanges":[],"data":{}},{"key":"fgkfu","text":"","type":"unstyled","depth":0,"inlineStyleRanges":[],"entityRanges":[],"data":{}}],"entityMap":{}},"tags":[]}
