{"_id":"BkxPW45__","title":"GRE","dateCreated":1620881752172,"lastAccessed":"2021-05-13T04:55:52.173Z","lastUpdated":"2021-05-13T05:11:50.623Z","notebookId":"S1-uWvwhv","body":{"blocks":[{"key":"ag6qs","text":"GRE","type":"header-one","depth":0,"inlineStyleRanges":[],"entityRanges":[],"data":{}},{"key":"avuqn","text":"","type":"divider","depth":0,"inlineStyleRanges":[],"entityRanges":[],"data":{}},{"key":"59kd9","text":"IPsec VPN用于在两个端点之间提供安全的ip通信，但只能加密并传播单播数据，无法加密和传输语音、视频、动态路由协议等组播数据流量","type":"custom-code-block-c","depth":0,"inlineStyleRanges":[],"entityRanges":[],"data":{}},{"key":"2q9ni","text":"","type":"custom-code-block-c","depth":0,"inlineStyleRanges":[],"entityRanges":[],"data":{}},{"key":"ful10","text":"通用路由封装协议GRE（Generic Routing Encapsulation）提供了将一种协议的报文封装在另一种协议报文中的机制，是一种隧道封装技术，GRE可以封装组播数据，并可以和IPsec结合使用，从而保证语音、视频等组播业务的安全。","type":"custom-code-block-c","depth":0,"inlineStyleRanges":[],"entityRanges":[],"data":{}},{"key":"1bvgk","text":"","type":"unstyled","depth":0,"inlineStyleRanges":[],"entityRanges":[],"data":{}},{"key":"5h2u2","text":"简介","type":"unstyled","depth":0,"inlineStyleRanges":[{"offset":0,"length":2,"style":"BOLD"}],"entityRanges":[],"data":{}},{"key":"704m5","text":"","type":"unstyled","depth":0,"inlineStyleRanges":[],"entityRanges":[],"data":{}},{"key":"7gcrj","text":"    通用路由封装协议GRE（Generic Routing Encapsulation）可以对某些网络层协议（如IPX、ATM、IPv6、AppleTalk等）的数据报文进行封装，使这些被封装的数据报文能够在另一个网络层协议（如IPv4）中传输。GRE提供了将一种协议的报文封装在另一种协议报文中的机制，是一种三层隧道封装技术，使报文可以通过GRE隧道透明的传输，解决异种网络的传输问题。","type":"unstyled","depth":0,"inlineStyleRanges":[{"offset":176,"length":4,"style":"INLINECODE"}],"entityRanges":[],"data":{}},{"key":"4o98l","text":"","type":"unstyled","depth":0,"inlineStyleRanges":[],"entityRanges":[],"data":{}},{"key":"e3n99","text":"GRE主要有以下特点:","type":"unstyled","depth":0,"inlineStyleRanges":[],"entityRanges":[],"data":{}},{"key":"23jrt","text":"GRE实现机制简单，对隧道两端的设备负担小","type":"todo","depth":0,"inlineStyleRanges":[],"entityRanges":[],"data":{"checked":true}},{"key":"b44rg","text":"本身不提供数据的加密，如果需要加密，可以与IPSec结合使用","type":"todo","depth":0,"inlineStyleRanges":[],"entityRanges":[],"data":{"checked":true}},{"key":"a84rb","text":"不提供流量控制和QoS","type":"todo","depth":0,"inlineStyleRanges":[],"entityRanges":[],"data":{"checked":true}},{"key":"ai12j","text":"","type":"unstyled","depth":0,"inlineStyleRanges":[],"entityRanges":[],"data":{}},{"key":"b7k7f","text":"    GRE隧道可以通过IPv4网络连通多种网络协议的本地网络，有效利用了原有的网络架构，降低成本。GRE隧道扩展了跳数受限网络协议的工作范围，支持企业灵活设计网络拓扑。GRE隧道可以封装组播数据，和IPSec结合使用时可以保证语音、视频等组播业务的安全。GRE隧道支持使能MPLS LDP，使用GRE隧道承载MPLS LDP报文，建立LDP LSP，实现MPLS骨干网的互通。GRE隧道将不连续的子网连接起来，用于组建VPN，实现企业总部和分支间安全的连接。","type":"unstyled","depth":0,"inlineStyleRanges":[],"entityRanges":[],"data":{}}],"entityMap":{}},"tags":[]}
