{"_id":"r1QO-Dw2v","title":"IPsec野蛮模式","dateCreated":1608114539394,"lastAccessed":"2020-12-16T10:28:59.395Z","lastUpdated":"2020-12-16T10:59:31.538Z","notebookId":"S1-uWvwhv","body":{"blocks":[{"key":"ag6qs","text":"IPsec野蛮模式","type":"unstyled","depth":0,"inlineStyleRanges":[],"entityRanges":[],"data":{}},{"key":"3krju","text":"","type":"unstyled","depth":0,"inlineStyleRanges":[],"entityRanges":[],"data":{}},{"key":"4h121","text":"野蛮模式的特别之处:","type":"unstyled","depth":0,"inlineStyleRanges":[],"entityRanges":[],"data":{}},{"key":"9edcd","text":"1.       野蛮模式支持NAT转化，主动模式不支持；","type":"unstyled","depth":0,"inlineStyleRanges":[],"entityRanges":[],"data":{}},{"key":"ae8to","text":"","type":"unstyled","depth":0,"inlineStyleRanges":[],"entityRanges":[],"data":{}},{"key":"acd2e","text":"2.       野蛮模式支持以Name方式标识对等体，主动模式只支持ip地址方式标识。","type":"unstyled","depth":0,"inlineStyleRanges":[],"entityRanges":[],"data":{}},{"key":"1hjic","text":"","type":"unstyled","depth":0,"inlineStyleRanges":[],"entityRanges":[],"data":{}},{"key":"du0bl","text":"","type":"unstyled","depth":0,"inlineStyleRanges":[],"entityRanges":[],"data":{}},{"key":"563qe","text":"当部署vpn两端是动态ip地址的时候，例如通过ADSL方式上网，主动模式就束手无策了，因为它只支持ip地址方式标识，当ip地址不是固定的。而野蛮模式可以通过Name标识，没有经过不确定的ip地址，能够成功的构建vpn。","type":"unstyled","depth":0,"inlineStyleRanges":[{"offset":9,"length":6,"style":"INLINECODE"}],"entityRanges":[],"data":{}},{"key":"aquf6","text":"","type":"unstyled","depth":0,"inlineStyleRanges":[],"entityRanges":[],"data":{}},{"key":"74pcv","text":"主模式与野蛮模式的区别：","type":"unstyled","depth":0,"inlineStyleRanges":[],"entityRanges":[],"data":{}},{"key":"1bhqk","text":"","type":"unstyled","depth":0,"inlineStyleRanges":[],"entityRanges":[],"data":{}},{"key":"eel9m","text":"1. 交换的消息：主模式为6个包，野蛮模式为3个包，野蛮模式能够更快创建IKE SA","type":"unstyled","depth":0,"inlineStyleRanges":[],"entityRanges":[],"data":{}},{"key":"1fdr8","text":"","type":"unstyled","depth":0,"inlineStyleRanges":[],"entityRanges":[],"data":{}},{"key":"3d8sn","text":"2. NAT支持：对预共享密钥认证：主模式不支持NAT转换，而野蛮模式支持。而对于证书方式认证：两种模式都能支持","type":"unstyled","depth":0,"inlineStyleRanges":[],"entityRanges":[],"data":{}},{"key":"bb6fn","text":"","type":"unstyled","depth":0,"inlineStyleRanges":[],"entityRanges":[],"data":{}},{"key":"4sg2t","text":"3. 对等体标识：主模式只能采用IP地址方式标识对等体；而野蛮模式可以采用IP地址方式或者Name方式标识对等体。这是由于主模式在交换完3、4消息以后，需要使用预共享密钥来计算SKEYID，当一个设备有多个对等体时，必须查找到该对等体对应的预共享密钥，但是由于其对等体的ID信息在消息5、6中才会发送，此时主模式的设备只能使用消息3、4中的IP报文源地址来找到与其对应的预共享密钥；如果主模式采用Name方式，Name信息却包含在消息5、6中，而设备必须在消息5、6之前找到其对等体的预共享密钥，所以就造成了矛盾，无法完成Name方式的标识。","type":"unstyled","depth":0,"inlineStyleRanges":[],"entityRanges":[],"data":{}},{"key":"7iqus","text":"而在野蛮模式中，ID消息在消息1、2中就已经发送了，设备可以根据ID信息查找到对应的预共享密钥，从而计算SKEYID。但是由于野蛮模式交换的2个消息没有经过加密，所以ID信息也是明文的，也相应造成了安全隐患。","type":"unstyled","depth":0,"inlineStyleRanges":[],"entityRanges":[],"data":{}},{"key":"264sr","text":"","type":"unstyled","depth":0,"inlineStyleRanges":[],"entityRanges":[],"data":{}},{"key":"bgrad","text":"4. 提议转换对数量：在野蛮模式中，由于第一个消息就需要交换DH消息，而DH消息本身就决定了采用哪个DH组，这样在提议转换对中就确定了使用哪个DH组，如果第一个消息中包含多个提议转换对，那么这多个转换对的DH组必须相同(和DH消息确定的DH组一致)，否则消息1中只能携带和确定DH组相同的提议转换对。","type":"unstyled","depth":0,"inlineStyleRanges":[],"entityRanges":[],"data":{}},{"key":"9vibq","text":"","type":"unstyled","depth":0,"inlineStyleRanges":[],"entityRanges":[],"data":{}},{"key":"4p1bg","text":"5.协商能力：由于野蛮模式交换次数的限制，因此野蛮模式协商能力低于主模式。","type":"unstyled","depth":0,"inlineStyleRanges":[],"entityRanges":[],"data":{}},{"key":"57qtn","text":"","type":"unstyled","depth":0,"inlineStyleRanges":[],"entityRanges":[],"data":{}},{"key":"b885d","text":"6.主模式常用，野蛮已经不推荐使用,推荐使用模板方式","type":"unstyled","depth":0,"inlineStyleRanges":[],"entityRanges":[],"data":{}},{"key":"6rf26","text":"","type":"unstyled","depth":0,"inlineStyleRanges":[],"entityRanges":[],"data":{}},{"key":"6f57s","text":"7.两者之间的协商过程不同","type":"unstyled","depth":0,"inlineStyleRanges":[],"entityRanges":[],"data":{}},{"key":"aaels","text":"","type":"unstyled","depth":0,"inlineStyleRanges":[],"entityRanges":[],"data":{}},{"key":"6ie5l","text":"8.场景不同：","type":"unstyled","depth":0,"inlineStyleRanges":[],"entityRanges":[],"data":{}},{"key":"90m7r","text":"","type":"unstyled","depth":0,"inlineStyleRanges":[],"entityRanges":[],"data":{}},{"key":"39eh5","text":"野蛮模式的场景：","type":"unstyled","depth":0,"inlineStyleRanges":[],"entityRanges":[],"data":{}},{"key":"39mnu","text":"","type":"unstyled","depth":0,"inlineStyleRanges":[],"entityRanges":[],"data":{}},{"key":"fndua","text":"与主模式相比，野蛮模式减少了交换信息的数目，提高了协商的速度，但是没有对身份信息进行加密保护。虽然野蛮模式不提供身份保护，但它可以满足某些特定的网络环境需求：","type":"unstyled","depth":0,"inlineStyleRanges":[],"entityRanges":[],"data":{}},{"key":"b5ab6","text":"","type":"unstyled","depth":0,"inlineStyleRanges":[],"entityRanges":[],"data":{}},{"key":"crsl6","text":"当IPSec隧道中存在NAT设备时，需要启动NAT穿越功能，而NAT转化会改变对等体的IP地址，由于野蛮模式不依赖于IP地址标识身份，使得采用预共享密钥验证方式时，NAT穿越只能在野蛮模式中实现。","type":"unstyled","depth":0,"inlineStyleRanges":[],"entityRanges":[],"data":{}},{"key":"elp79","text":"v 如果发起方的IP地址不固定或者无法预知，而双方都希望采用预共享密钥验证方法来创建IKE SA，则只能采用野蛮模式。","type":"unstyled","depth":0,"inlineStyleRanges":[],"entityRanges":[],"data":{}},{"key":"cp5ip","text":"如果发起方已知响应方的策略，或者对响应者的策略有全面的了解，采用野蛮模式能够更快地创建IKE SA。","type":"unstyled","depth":0,"inlineStyleRanges":[],"entityRanges":[],"data":{}},{"key":"b5qfl","text":"","type":"unstyled","depth":0,"inlineStyleRanges":[],"entityRanges":[],"data":{}},{"key":"f1ofn","text":"主模式场景：","type":"header-three","depth":0,"inlineStyleRanges":[],"entityRanges":[],"data":{}},{"key":"cd401","text":"要求两端都是固定IP地址","type":"custom-code-block-c","depth":0,"inlineStyleRanges":[],"entityRanges":[],"data":{}},{"key":"8abpe","text":"","type":"unstyled","depth":0,"inlineStyleRanges":[],"entityRanges":[],"data":{}},{"key":"e4eo3","text":"","type":"unstyled","depth":0,"inlineStyleRanges":[],"entityRanges":[],"data":{}}],"entityMap":{}},"tags":[]}
