{"_id":"SJ7oAvdaP","title":"数字证书的几种格式：DER,PEM,CER,PFX","dateCreated":1609232027438,"lastAccessed":"2020-12-29T08:53:47.439Z","lastUpdated":"2020-12-29T09:17:30.685Z","notebookId":"S1-uWvwhv","body":{"blocks":[{"key":"ag6qs","text":"数字证书的几种格式：DER,PEM,CER,PFX","type":"header-one","depth":0,"inlineStyleRanges":[],"entityRanges":[],"data":{}},{"key":"59kd9","text":"","type":"unstyled","depth":0,"inlineStyleRanges":[],"entityRanges":[],"data":{}},{"key":"cb7hn","text":"它们都是扩展名（文件名的后缀，代表格式）","type":"unstyled","depth":0,"inlineStyleRanges":[],"entityRanges":[],"data":{}},{"key":"3lk88","text":"","type":"unstyled","depth":0,"inlineStyleRanges":[],"entityRanges":[],"data":{}},{"key":"2i39i","text":"1 .DER：用二进制DER编码的证书","type":"unstyled","depth":0,"inlineStyleRanges":[],"entityRanges":[],"data":{}},{"key":"4i869","text":"   .PEM：用ASCII(BASE64)编码的证书","type":"unstyled","depth":0,"inlineStyleRanges":[],"entityRanges":[],"data":{}},{"key":"1t72q","text":"","type":"unstyled","depth":0,"inlineStyleRanges":[],"entityRanges":[],"data":{}},{"key":"98bl5","text":"2 .CER：存放公钥，没有私钥","type":"unstyled","depth":0,"inlineStyleRanges":[],"entityRanges":[],"data":{}},{"key":"a6cg5","text":"   .PFX：存放公钥和私钥","type":"unstyled","depth":0,"inlineStyleRanges":[],"entityRanges":[],"data":{}},{"key":"1dm97","text":"","type":"unstyled","depth":0,"inlineStyleRanges":[],"entityRanges":[],"data":{}},{"key":"8ec3q","text":"3 查看证书的内容，使用openssl工具","type":"unstyled","depth":0,"inlineStyleRanges":[],"entityRanges":[],"data":{}},{"key":"8fpa9","text":"","type":"unstyled","depth":0,"inlineStyleRanges":[],"entityRanges":[],"data":{}},{"key":"ahmus","text":"  .CER文件就是一个X.509证书，可以直接查看","type":"unstyled","depth":0,"inlineStyleRanges":[],"entityRanges":[],"data":{}},{"key":"5qbdl","text":"  使用命令： openssl x509 -in test.cer -text","type":"unstyled","depth":0,"inlineStyleRanges":[],"entityRanges":[],"data":{}},{"key":"bs31f","text":"  有些情况下，不支持直接查看.CER文件，需要先将其转换为.PEM文件","type":"unstyled","depth":0,"inlineStyleRanges":[],"entityRanges":[],"data":{}},{"key":"6heqf","text":"  使用命令：openssl x509 -in test.cer -out test.pem","type":"unstyled","depth":0,"inlineStyleRanges":[],"entityRanges":[],"data":{}},{"key":"a0ljn","text":"                    openssl x509 -in test.pem -text","type":"unstyled","depth":0,"inlineStyleRanges":[],"entityRanges":[],"data":{}},{"key":"38pnl","text":"","type":"unstyled","depth":0,"inlineStyleRanges":[],"entityRanges":[],"data":{}},{"key":"7f2hq","text":"  .PFX文件是一个PKCS#12格式的文件，不支持直接 查看，需要先将其转换为.PEM格式的文件","type":"unstyled","depth":0,"inlineStyleRanges":[],"entityRanges":[],"data":{}},{"key":"kg5e","text":"   使用命令：openssl x509 -in test.pfx -out test.pem -nodes","type":"unstyled","depth":0,"inlineStyleRanges":[],"entityRanges":[],"data":{}},{"key":"cnm6p","text":"                     openssl x509 -in test.pem -text","type":"unstyled","depth":0,"inlineStyleRanges":[],"entityRanges":[],"data":{}},{"key":"dbkre","text":" ","type":"unstyled","depth":0,"inlineStyleRanges":[],"entityRanges":[],"data":{}},{"key":"evmgs","text":" ","type":"header-two","depth":0,"inlineStyleRanges":[{"offset":0,"length":1,"style":"BOLD"}],"entityRanges":[],"data":{}},{"key":"3p9h5","text":" 数字证书常见格式整理","type":"header-two","depth":0,"inlineStyleRanges":[{"offset":1,"length":10,"style":"BOLD"}],"entityRanges":[],"data":{}},{"key":"9qk4d","text":"","type":"unstyled","depth":0,"inlineStyleRanges":[],"entityRanges":[],"data":{}},{"key":"epp3c","text":"数字证书常见标准","type":"header-three","depth":0,"inlineStyleRanges":[],"entityRanges":[],"data":{}},{"key":"ctkq3","text":"符合PKI ITU-T X509标准，传统标准（.DER .PEM .CER .CRT）","type":"unstyled","depth":0,"inlineStyleRanges":[],"entityRanges":[],"data":{}},{"key":"dhmsc","text":"符合PKCS#7 加密消息语法标准(.P7B .P7C .SPC .P7R)","type":"unstyled","depth":0,"inlineStyleRanges":[],"entityRanges":[],"data":{}},{"key":"3o3p3","text":"符合PKCS#10 证书请求标准(.p10)","type":"unstyled","depth":0,"inlineStyleRanges":[],"entityRanges":[],"data":{}},{"key":"fjcc7","text":"符合PKCS#12 个人信息交换标准（.pfx *.p12）","type":"unstyled","depth":0,"inlineStyleRanges":[],"entityRanges":[],"data":{}},{"key":"asj50","text":"X509是数字证书的基本规范，而P7和P12则是两个实现规范，P7用于数字信封，P12则是带有私钥的证书实现规范。","type":"unstyled","depth":0,"inlineStyleRanges":[],"entityRanges":[],"data":{}},{"key":"19uvs","text":"","type":"unstyled","depth":0,"inlineStyleRanges":[],"entityRanges":[],"data":{}},{"key":"dgab3","text":"x509","type":"unstyled","depth":0,"inlineStyleRanges":[],"entityRanges":[],"data":{}},{"key":"du7lo","text":"基本的证书格式，只包含公钥。","type":"unstyled","depth":0,"inlineStyleRanges":[],"entityRanges":[],"data":{}},{"key":"du7b4","text":"x509证书由用户公共密钥和用户标识符组成。此外还包括版本号、证书序列号、CA标识符、签名算法标识、签发者名称、证书有效期等信息。","type":"unstyled","depth":0,"inlineStyleRanges":[],"entityRanges":[],"data":{}},{"key":"dqerv","text":"","type":"unstyled","depth":0,"inlineStyleRanges":[],"entityRanges":[],"data":{}},{"key":"cbl1b","text":"PKCS#7","type":"unstyled","depth":0,"inlineStyleRanges":[],"entityRanges":[],"data":{}},{"key":"eiol0","text":"Public Key Cryptography Standards #7。","type":"unstyled","depth":0,"inlineStyleRanges":[],"entityRanges":[],"data":{}},{"key":"fjt7g","text":"PKCS#7一般把证书分成两个文件，一个公钥、一个私钥，有PEM和DER两种编码方式。PEM比较多见，是纯文本的，一般用于分发公钥，看到的是一串可见的字符串，通常以.crt，.cer，.key为文件后缀。DER是二进制编码。","type":"unstyled","depth":0,"inlineStyleRanges":[],"entityRanges":[],"data":{}},{"key":"c2ca0","text":"PKCS#7一般主要用来做数字信封。","type":"unstyled","depth":0,"inlineStyleRanges":[],"entityRanges":[],"data":{}},{"key":"9qmc0","text":"","type":"unstyled","depth":0,"inlineStyleRanges":[],"entityRanges":[],"data":{}},{"key":"adks9","text":"PKCS#10","type":"unstyled","depth":0,"inlineStyleRanges":[],"entityRanges":[],"data":{}},{"key":"dkfm1","text":"证书请求语法。","type":"unstyled","depth":0,"inlineStyleRanges":[],"entityRanges":[],"data":{}},{"key":"e3nc9","text":"","type":"unstyled","depth":0,"inlineStyleRanges":[],"entityRanges":[],"data":{}},{"key":"52ftf","text":"PKCS#12","type":"unstyled","depth":0,"inlineStyleRanges":[],"entityRanges":[],"data":{}},{"key":"65brf","text":"Public Key Cryptography Standards #12。","type":"unstyled","depth":0,"inlineStyleRanges":[],"entityRanges":[],"data":{}},{"key":"fq2l4","text":"一种文件打包格式，为存储和发布用户和服务器私钥、公钥和证书指定了一个可移植的格式，是一种二进制格式，通常以.pfx或.p12为文件后缀名。","type":"unstyled","depth":0,"inlineStyleRanges":[],"entityRanges":[],"data":{}},{"key":"ctijp","text":"使用OpenSSL的pkcs12命令可以创建、解析和读取这些文件。","type":"unstyled","depth":0,"inlineStyleRanges":[],"entityRanges":[],"data":{}},{"key":"1rs1b","text":"P12是把证书压成一个文件，xxx.pfx 。主要是考虑分发证书，私钥是要绝对保密的，不能随便以文本方式散播。所以P7格式不适合分发。.pfx中可以加密码保护，所以相对安全些。","type":"unstyled","depth":0,"inlineStyleRanges":[],"entityRanges":[],"data":{}},{"key":"61fo8","text":"","type":"unstyled","depth":0,"inlineStyleRanges":[],"entityRanges":[],"data":{}},{"key":"2d5tn","text":"PKCS系列标准","type":"unstyled","depth":0,"inlineStyleRanges":[],"entityRanges":[],"data":{}},{"key":"2b4cu","text":"实际上PKCS#7、PKCS#10、PKCS#12都是PKCS系列标准的一部分。相互之间并不是替代的关系，而是对不同使用场景的定义。","type":"unstyled","depth":0,"inlineStyleRanges":[],"entityRanges":[],"data":{}},{"key":"2qqs4","text":"","type":"unstyled","depth":0,"inlineStyleRanges":[],"entityRanges":[],"data":{}},{"key":"2m32","text":"证书编码格式","type":"header-three","depth":0,"inlineStyleRanges":[{"offset":0,"length":6,"style":"BOLD"}],"entityRanges":[],"data":{}},{"key":"8l0co","text":"PEM和DER两种编码格式。","type":"unstyled","depth":0,"inlineStyleRanges":[],"entityRanges":[],"data":{}},{"key":"8sgd3","text":"","type":"unstyled","depth":0,"inlineStyleRanges":[],"entityRanges":[],"data":{}},{"key":"5l685","text":"PEM","type":"unstyled","depth":0,"inlineStyleRanges":[],"entityRanges":[],"data":{}},{"key":"2eqga","text":"Privacy Enhanced Mail","type":"unstyled","depth":0,"inlineStyleRanges":[],"entityRanges":[],"data":{}},{"key":"fvvjj","text":"查看内容，以\"-----BEGIN...\"开头，以\"-----END...\"结尾。","type":"unstyled","depth":0,"inlineStyleRanges":[],"entityRanges":[],"data":{}},{"key":"ach94","text":"查看PEM格式证书的信息：openssl x509 -in certificate.pem -text -noout","type":"unstyled","depth":0,"inlineStyleRanges":[],"entityRanges":[],"data":{}},{"key":"2a86j","text":"Apache和*NIX服务器偏向于使用这种编码格式。","type":"unstyled","depth":0,"inlineStyleRanges":[],"entityRanges":[],"data":{}},{"key":"2crlr","text":"","type":"unstyled","depth":0,"inlineStyleRanges":[],"entityRanges":[],"data":{}},{"key":"bjmdv","text":"DER","type":"unstyled","depth":0,"inlineStyleRanges":[],"entityRanges":[],"data":{}},{"key":"286ef","text":"Distinguished Encoding Rules","type":"unstyled","depth":0,"inlineStyleRanges":[],"entityRanges":[],"data":{}},{"key":"c9b2r","text":"打开看是二进制格式，不可读。","type":"unstyled","depth":0,"inlineStyleRanges":[],"entityRanges":[],"data":{}},{"key":"5aur6","text":"查看DER格式证书的信息：openssl x509 -in certificate.der -inform der -text -noout","type":"unstyled","depth":0,"inlineStyleRanges":[{"offset":13,"length":57,"style":"INLINECODE"}],"entityRanges":[],"data":{}},{"key":"8vd4n","text":"Java和Windows服务器偏向于使用这种编码格式。","type":"unstyled","depth":0,"inlineStyleRanges":[],"entityRanges":[],"data":{}},{"key":"f8kn8","text":"","type":"unstyled","depth":0,"inlineStyleRanges":[],"entityRanges":[],"data":{}},{"key":"7mlp6","text":"各种后缀含义","type":"header-three","depth":0,"inlineStyleRanges":[{"offset":0,"length":6,"style":"BOLD"}],"entityRanges":[],"data":{}},{"key":"fl52d","text":"文件的内容和后缀没有必然的关系，但是一般使用这些后缀来表示这是什么文件。","type":"unstyled","depth":0,"inlineStyleRanges":[],"entityRanges":[],"data":{}},{"key":"5o5fe","text":"","type":"unstyled","depth":0,"inlineStyleRanges":[],"entityRanges":[],"data":{}},{"key":"dovoq","text":"JKS","type":"unstyled","depth":0,"inlineStyleRanges":[],"entityRanges":[],"data":{}},{"key":"989fh","text":"Java Key Store(JKS)。","type":"unstyled","depth":0,"inlineStyleRanges":[],"entityRanges":[],"data":{}},{"key":"em2dh","text":"","type":"unstyled","depth":0,"inlineStyleRanges":[],"entityRanges":[],"data":{}},{"key":"2jmel","text":"CSR","type":"unstyled","depth":0,"inlineStyleRanges":[],"entityRanges":[],"data":{}},{"key":"176qc","text":"证书请求文件(Certificate Signing Request)。","type":"unstyled","depth":0,"inlineStyleRanges":[],"entityRanges":[],"data":{}},{"key":"fcg2g","text":"这个并不是证书，而是向权威证书颁发机构获得签名证书的申请，其核心内容是一个公钥(当然还附带了一些别的个人信息)。","type":"unstyled","depth":0,"inlineStyleRanges":[],"entityRanges":[],"data":{}},{"key":"agh1e","text":"查看的办法：openssl req -noout -text -in my.csr，DER格式的话加上-inform der。","type":"unstyled","depth":0,"inlineStyleRanges":[],"entityRanges":[],"data":{}},{"key":"8okup","text":"","type":"unstyled","depth":0,"inlineStyleRanges":[],"entityRanges":[],"data":{}},{"key":"1s1st","text":"CER","type":"unstyled","depth":0,"inlineStyleRanges":[],"entityRanges":[],"data":{}},{"key":"95fhf","text":"一般指使用DER格式的证书。","type":"unstyled","depth":0,"inlineStyleRanges":[],"entityRanges":[],"data":{}},{"key":"ddqg3","text":"","type":"unstyled","depth":0,"inlineStyleRanges":[],"entityRanges":[],"data":{}},{"key":"2ge3r","text":"CRT","type":"unstyled","depth":0,"inlineStyleRanges":[],"entityRanges":[],"data":{}},{"key":"56apu","text":"证书文件。可以是PEM格式。","type":"unstyled","depth":0,"inlineStyleRanges":[],"entityRanges":[],"data":{}},{"key":"k2sg","text":"","type":"unstyled","depth":0,"inlineStyleRanges":[],"entityRanges":[],"data":{}},{"key":"egasv","text":"KEY","type":"unstyled","depth":0,"inlineStyleRanges":[],"entityRanges":[],"data":{}},{"key":"eduns","text":"通常用来存放一个公钥或者私钥。","type":"unstyled","depth":0,"inlineStyleRanges":[],"entityRanges":[],"data":{}},{"key":"bsan5","text":"查看KEY的办法：openssl rsa -in mykey.key -text -noout","type":"unstyled","depth":0,"inlineStyleRanges":[],"entityRanges":[],"data":{}},{"key":"c84fq","text":"如果是DER格式的话，同理应该这样了：openssl rsa -in mykey.key -text -noout -inform der","type":"unstyled","depth":0,"inlineStyleRanges":[],"entityRanges":[],"data":{}},{"key":"3m6bm","text":"这是使用RSA算法生成的key这么查看，DSA算法生成的使用dsa参数。","type":"unstyled","depth":0,"inlineStyleRanges":[],"entityRanges":[],"data":{}},{"key":"dtjd7","text":"","type":"unstyled","depth":0,"inlineStyleRanges":[],"entityRanges":[],"data":{}},{"key":"9agru","text":"CRL","type":"unstyled","depth":0,"inlineStyleRanges":[],"entityRanges":[],"data":{}},{"key":"4l31g","text":"证书吊销列表 (Certification Revocation List)，是一种包含撤销的证书列表的签名数据结构。","type":"unstyled","depth":0,"inlineStyleRanges":[],"entityRanges":[],"data":{}}],"entityMap":{}},"tags":[]}
