{"_id":"BysJO05Lu","title":"你知道URL、URI和URN三者之间的区别吗？","dateCreated":1618827234648,"lastAccessed":"2021-04-19T10:13:54.650Z","lastUpdated":"2021-04-19T10:38:06.852Z","notebookId":"ryKyO0c8u","body":{"blocks":[{"key":"ag6qs","text":"你知道URL、URI和URN三者之间的区别吗？","type":"header-one","depth":0,"inlineStyleRanges":[],"entityRanges":[],"data":{}},{"key":"6akne","text":"","type":"divider","depth":0,"inlineStyleRanges":[],"entityRanges":[],"data":{}},{"key":"6nsqh","text":"这篇文章旨在于清楚地讲解URL、URI和URN之间的区别，帮助你快速理解这些必备知识。你是不是对这个话题也感到困惑?那么我们开始吧!","type":"unstyled","depth":0,"inlineStyleRanges":[],"entityRanges":[],"data":{}},{"key":"a570k","text":"","type":"unstyled","depth":0,"inlineStyleRanges":[],"entityRanges":[],"data":{}},{"key":"59kd9","text":"起源","type":"header-three","depth":0,"inlineStyleRanges":[],"entityRanges":[],"data":{}},{"key":"63q9b","text":"","type":"unstyled","depth":0,"inlineStyleRanges":[],"entityRanges":[],"data":{}},{"key":"6nf8l","text":"这三个缩略词是Tim Berners-Lee在一篇名为RFC 3986: Uniform Resource Identifier (URI): Generic Syntax的文档中定义的互联网标准追踪协议。","type":"unstyled","depth":0,"inlineStyleRanges":[],"entityRanges":[],"data":{}},{"key":"7fbu","text":"","type":"unstyled","depth":0,"inlineStyleRanges":[],"entityRanges":[],"data":{}},{"key":"eaers","text":"引文：","type":"unstyled","depth":0,"inlineStyleRanges":[{"offset":0,"length":3,"style":"BOLD"}],"entityRanges":[],"data":{}},{"key":"d3n23","text":"","type":"unstyled","depth":0,"inlineStyleRanges":[],"entityRanges":[],"data":{}},{"key":"d7n2p","text":"统一资源标识符(URI)提供了一个简单、可扩展的资源标识方式。URI规范中的语义和语法来源于万维网全球信息主动引入的概念，万维网从1990年起使用这种标识符数据，并被描述为“万维网中的统一资源描述符”。","type":"unstyled","depth":0,"inlineStyleRanges":[],"entityRanges":[],"data":{}},{"key":"66d6o","text":"","type":"unstyled","depth":0,"inlineStyleRanges":[],"entityRanges":[],"data":{}},{"key":"ahc2p","text":"","type":"unstyled","depth":0,"inlineStyleRanges":[],"entityRanges":[],"data":{}},{"key":"cchkj","text":"","type":"unstyled","depth":0,"inlineStyleRanges":[],"entityRanges":[],"data":{}},{"key":"b2rla","text":"Tim Berners-Lee ,万维网的发明者，同时也是万维网联盟(W3C)的负责人。照片由 Paul Clarke 遵循CC BY-SA 4.0 协议提供。","type":"unstyled","depth":0,"inlineStyleRanges":[],"entityRanges":[],"data":{}},{"key":"5kedc","text":"","type":"unstyled","depth":0,"inlineStyleRanges":[],"entityRanges":[],"data":{}},{"key":"c99gq","text":"区别","type":"unstyled","depth":0,"inlineStyleRanges":[{"offset":0,"length":2,"style":"BOLD"}],"entityRanges":[],"data":{}},{"key":"dnk7","text":"","type":"unstyled","depth":0,"inlineStyleRanges":[],"entityRanges":[],"data":{}},{"key":"783dl","text":"首先我们要弄清楚一件事：URL和URN都是URI的子集。","type":"unstyled","depth":0,"inlineStyleRanges":[],"entityRanges":[],"data":{}},{"key":"2f9u2","text":"","type":"unstyled","depth":0,"inlineStyleRanges":[],"entityRanges":[],"data":{}},{"key":"3t5gd","text":"换言之，URL和URN都是URI，但是URI不一定是URL或者URN。为了更好的理解这个概念，看下面这张图片。","type":"unstyled","depth":0,"inlineStyleRanges":[],"entityRanges":[],"data":{}},{"key":"2uku5","text":"","type":"unstyled","depth":0,"inlineStyleRanges":[],"entityRanges":[],"data":{}},{"key":"bg3c4","text":"通过下面的例子(源自 Wikipedia)，我们可以很好地理解URN 和 URL之间的区别。如果是一个人，我们会想到他的姓名和住址。","type":"unstyled","depth":0,"inlineStyleRanges":[{"offset":46,"length":20,"style":"BOLD"}],"entityRanges":[],"data":{}},{"key":"8iulb","text":"","type":"unstyled","depth":0,"inlineStyleRanges":[],"entityRanges":[],"data":{}},{"key":"d89tc","text":"URL类似于住址，它告诉你一种寻找目标的方式(在这个例子中，是通过街道地址找到一个人)。要知道，上述定义同时也是一个URI。","type":"unstyled","depth":0,"inlineStyleRanges":[{"offset":0,"length":22,"style":"BOLD"}],"entityRanges":[],"data":{}},{"key":"6lvvv","text":"","type":"unstyled","depth":0,"inlineStyleRanges":[],"entityRanges":[],"data":{}},{"key":"7svlb","text":"相对地，我们可以把一个人的名字看作是URN;因此可以用URN来唯一标识一个实体。由于可能存在同名(姓氏也相同)的情况，所以更准确地说，人名这个例子并不是十分恰当。更为恰当的是书籍的ISBN码和产品在系统内的序列号，尽管没有告诉你用什么方式或者到什么地方去找到目标，但是你有足够的信息来检索到它。引自这篇文章:","type":"unstyled","depth":0,"inlineStyleRanges":[{"offset":5,"length":16,"style":"BOLD"},{"offset":22,"length":18,"style":"BOLD"}],"entityRanges":[],"data":{}},{"key":"8eumb","text":"","type":"unstyled","depth":0,"inlineStyleRanges":[],"entityRanges":[],"data":{}},{"key":"fi8ph","text":"所有的URN都遵循如下语法(引号内的短语是必须的)：","type":"unstyled","depth":0,"inlineStyleRanges":[],"entityRanges":[],"data":{}},{"key":"ep7be","text":"","type":"unstyled","depth":0,"inlineStyleRanges":[],"entityRanges":[],"data":{}},{"key":"3u5en","text":"< URN > ::= \"urn:\" < NID > \":\" < NSS >","type":"unstyled","depth":0,"inlineStyleRanges":[],"entityRanges":[],"data":{}},{"key":"32l0k","text":"","type":"unstyled","depth":0,"inlineStyleRanges":[],"entityRanges":[],"data":{}},{"key":"d2mss","text":"其中NID是命名空间标识符，NSS是标识命名空间的特定字符串。","type":"unstyled","depth":0,"inlineStyleRanges":[],"entityRanges":[],"data":{}},{"key":"42ff1","text":"","type":"unstyled","depth":0,"inlineStyleRanges":[],"entityRanges":[],"data":{}},{"key":"1mt7j","text":"一个用于理解这三者的例子","type":"unstyled","depth":0,"inlineStyleRanges":[],"entityRanges":[],"data":{}},{"key":"8q6je","text":"","type":"unstyled","depth":0,"inlineStyleRanges":[],"entityRanges":[],"data":{}},{"key":"asegp","text":"我们来看一下上述概念如何应用于与我们息息相关的互联网。","type":"unstyled","depth":0,"inlineStyleRanges":[],"entityRanges":[],"data":{}},{"key":"846a4","text":"","type":"unstyled","depth":0,"inlineStyleRanges":[],"entityRanges":[],"data":{}},{"key":"ahaek","text":"再次引用Wikipedia ，这些引文给出的解释，比上面人员地址的例子更为专业：","type":"unstyled","depth":0,"inlineStyleRanges":[],"entityRanges":[],"data":{}},{"key":"bs336","text":"","type":"unstyled","depth":0,"inlineStyleRanges":[],"entityRanges":[],"data":{}},{"key":"aaoce","text":"关于URL：","type":"unstyled","depth":0,"inlineStyleRanges":[],"entityRanges":[],"data":{}},{"key":"ap0lj","text":"","type":"unstyled","depth":0,"inlineStyleRanges":[],"entityRanges":[],"data":{}},{"key":"7649o","text":"URL是URI的一种，不仅标识了Web 资源，还指定了操作或者获取方式，同时指出了主要访问机制和网络位置。","type":"unstyled","depth":0,"inlineStyleRanges":[{"offset":0,"length":53,"style":"INLINECODE"}],"entityRanges":[],"data":{}},{"key":"3pajo","text":"","type":"unstyled","depth":0,"inlineStyleRanges":[],"entityRanges":[],"data":{}},{"key":"3pivj","text":"关于URN：","type":"unstyled","depth":0,"inlineStyleRanges":[],"entityRanges":[],"data":{}},{"key":"d1khb","text":"","type":"unstyled","depth":0,"inlineStyleRanges":[],"entityRanges":[],"data":{}},{"key":"cmtkq","text":"URN是URI的一种，用特定命名空间的名字标识资源。使用URN可以在不知道其网络位置及访问方式的情况下讨论资源。","type":"unstyled","depth":0,"inlineStyleRanges":[{"offset":0,"length":26,"style":"INLINECODE"}],"entityRanges":[],"data":{}},{"key":"30pp7","text":"","type":"unstyled","depth":0,"inlineStyleRanges":[],"entityRanges":[],"data":{}},{"key":"fmdj7","text":"现在，如果到Web上去看一下，你会找出很多例子，这比其他东西更容易让人困惑。我只展示一个例子，非常简单清楚地告诉你在互联网中URI 、URL和URN之间的不同。","type":"unstyled","depth":0,"inlineStyleRanges":[],"entityRanges":[],"data":{}},{"key":"307k","text":"","type":"unstyled","depth":0,"inlineStyleRanges":[],"entityRanges":[],"data":{}},{"key":"6uh4r","text":"我们一起来看下面这个虚构的例子。这是一个URI：","type":"unstyled","depth":0,"inlineStyleRanges":[],"entityRanges":[],"data":{}},{"key":"167lg","text":"","type":"unstyled","depth":0,"inlineStyleRanges":[],"entityRanges":[],"data":{}},{"key":"chh55","text":"http://bitpoetry.io/posts/hello.html#intro","type":"unstyled","depth":0,"inlineStyleRanges":[],"entityRanges":[],"data":{}},{"key":"drj4i","text":"","type":"unstyled","depth":0,"inlineStyleRanges":[],"entityRanges":[],"data":{}},{"key":"3tpni","text":"我们开始分析","type":"unstyled","depth":0,"inlineStyleRanges":[],"entityRanges":[],"data":{}},{"key":"8e1r0","text":"","type":"unstyled","depth":0,"inlineStyleRanges":[],"entityRanges":[],"data":{}},{"key":"2id3v","text":"http://","type":"unstyled","depth":0,"inlineStyleRanges":[],"entityRanges":[],"data":{}},{"key":"feh65","text":"","type":"unstyled","depth":0,"inlineStyleRanges":[],"entityRanges":[],"data":{}},{"key":"482ja","text":"是定义如何访问资源的方式。另外","type":"unstyled","depth":0,"inlineStyleRanges":[],"entityRanges":[],"data":{}},{"key":"ebboi","text":"","type":"unstyled","depth":0,"inlineStyleRanges":[],"entityRanges":[],"data":{}},{"key":"e0o0q","text":"bitpoetry.io/posts/hello.html","type":"unstyled","depth":0,"inlineStyleRanges":[],"entityRanges":[],"data":{}},{"key":"emlt7","text":"","type":"unstyled","depth":0,"inlineStyleRanges":[],"entityRanges":[],"data":{}},{"key":"frd9p","text":"是资源存放的位置，那么，在这个例子中，","type":"unstyled","depth":0,"inlineStyleRanges":[],"entityRanges":[],"data":{}},{"key":"af9th","text":"","type":"unstyled","depth":0,"inlineStyleRanges":[],"entityRanges":[],"data":{}},{"key":"a7pcu","text":"#intro","type":"unstyled","depth":0,"inlineStyleRanges":[],"entityRanges":[],"data":{}},{"key":"222hk","text":"","type":"unstyled","depth":0,"inlineStyleRanges":[],"entityRanges":[],"data":{}},{"key":"dkh8h","text":"是资源。","type":"unstyled","depth":0,"inlineStyleRanges":[],"entityRanges":[],"data":{}},{"key":"ajobb","text":"","type":"unstyled","depth":0,"inlineStyleRanges":[],"entityRanges":[],"data":{}},{"key":"c4jib","text":"URL是URI的一个子集，告诉我们访问网络位置的方式。在我们的例子中，URL应该如下所示：","type":"unstyled","depth":0,"inlineStyleRanges":[{"offset":0,"length":26,"style":"INLINECODE"}],"entityRanges":[],"data":{}},{"key":"2jg13","text":"","type":"unstyled","depth":0,"inlineStyleRanges":[],"entityRanges":[],"data":{}},{"key":"6r7bd","text":"http://bitpoetry.io/posts/hello.html","type":"unstyled","depth":0,"inlineStyleRanges":[{"offset":0,"length":36,"style":"BOLD"}],"entityRanges":[],"data":{}},{"key":"1k245","text":"","type":"unstyled","depth":0,"inlineStyleRanges":[],"entityRanges":[],"data":{}},{"key":"6s8q","text":"URN是URI的子集，包括名字(给定的命名空间内)，但是不包括访问方式，如下所示：","type":"unstyled","depth":0,"inlineStyleRanges":[{"offset":0,"length":35,"style":"INLINECODE"},{"offset":31,"length":4,"style":"BOLD"}],"entityRanges":[],"data":{}},{"key":"6k0lg","text":"","type":"unstyled","depth":0,"inlineStyleRanges":[],"entityRanges":[],"data":{}},{"key":"39sop","text":"bitpoetry.io/posts/hello.html#intro","type":"unstyled","depth":0,"inlineStyleRanges":[{"offset":0,"length":35,"style":"BOLD"}],"entityRanges":[],"data":{}},{"key":"bpfsl","text":"","type":"unstyled","depth":0,"inlineStyleRanges":[],"entityRanges":[],"data":{}},{"key":"6143j","text":"就是这样。现在你应该能够辨别出URL和URN之间的不同。","type":"unstyled","depth":0,"inlineStyleRanges":[],"entityRanges":[],"data":{}},{"key":"9msl2","text":"","type":"unstyled","depth":0,"inlineStyleRanges":[],"entityRanges":[],"data":{}},{"key":"ftma","text":"如果你忘记了这篇文章的内容，至少要记住一件事：URI可以被分为URL、URN或两者的组合。如果你一直使用URI这个术语，就不会有错。","type":"unstyled","depth":0,"inlineStyleRanges":[],"entityRanges":[],"data":{}},{"key":"3lgou","text":"","type":"unstyled","depth":0,"inlineStyleRanges":[],"entityRanges":[],"data":{}}],"entityMap":{}},"tags":[]}
